as_of,fund_name,cusip,ticker,record_date,ex_dividend_date,payable_date,income_dividends,short_term_capital_gain,total_capital_gain_distribution,return_of_capital
2022-06-09,iShares MSCI All Country Asia ex Japan ETF,,AAXJ,6/10/2022,6/9/2022,6/15/2022,0.459547,,,
2023-06-07,iShares MSCI All Country Asia ex Japan ETF,,AAXJ,6/8/2023,6/7/2023,6/13/2023,0.477206,,,
2024-06-11,iShares MSCI All Country Asia ex Japan ETF,,AAXJ,6/11/2024,6/11/2024,6/17/2024,0.330144,,,
2025-06-16,iShares MSCI All Country Asia ex Japan ETF,,AAXJ,6/16/2025,6/16/2025,6/20/2025,0.676137,,,
2022-06-09,iShares MSCI Global Multifactor ETF,,ACWF,6/10/2022,6/9/2022,6/15/2022,0.314056,,,
2022-06-09,iShares MSCI ACWI ETF,,ACWI,6/10/2022,6/9/2022,6/15/2022,0.846802,,,
2023-06-07,iShares MSCI ACWI ETF,,ACWI,6/8/2023,6/7/2023,6/13/2023,0.952914,,,
2024-06-11,iShares MSCI ACWI ETF,,ACWI,6/11/2024,6/11/2024,6/17/2024,0.935401,,,
2025-06-16,iShares MSCI ACWI ETF,,ACWI,6/16/2025,6/16/2025,6/20/2025,0.961159,,,
2022-06-09,iShares MSCI Global Min Vol Factor ETF,,ACWV,6/10/2022,6/9/2022,6/15/2022,0.870581,,,
2023-06-07,iShares MSCI Global Min Vol Factor ETF,,ACWV,6/8/2023,6/7/2023,6/13/2023,0.865339,,,
2024-06-11,iShares MSCI Global Min Vol Factor ETF,,ACWV,6/11/2024,6/11/2024,6/17/2024,0.914464,,,
2025-06-16,iShares MSCI Global Min Vol Factor ETF,,ACWV,6/16/2025,6/16/2025,6/20/2025,1.180547,,,
2022-06-09,iShares MSCI ACWI ex U.S. ETF,,ACWX,6/10/2022,6/9/2022,6/15/2022,0.939997,,,
2023-06-07,iShares MSCI ACWI ex U.S. ETF,,ACWX,6/8/2023,6/7/2023,6/13/2023,0.839698,,,
2024-06-11,iShares MSCI ACWI ex U.S. ETF,,ACWX,6/11/2024,6/11/2024,6/17/2024,0.855651,,,
2025-06-16,iShares MSCI ACWI ex U.S. ETF,,ACWX,6/16/2025,6/16/2025,6/20/2025,0.900366,,,
2022-02-01,iShares Core U.S. Aggregate Bond ETF,,AGG,2/2/2022,2/1/2022,2/7/2022,0.161482,,,
2022-03-01,iShares Core U.S. Aggregate Bond ETF,,AGG,3/2/2022,3/1/2022,3/7/2022,0.160622,,,
2022-04-01,iShares Core U.S. Aggregate Bond ETF,,AGG,4/4/2022,4/1/2022,4/7/2022,0.159848,,,
2022-05-02,iShares Core U.S. Aggregate Bond ETF,,AGG,5/3/2022,5/2/2022,5/6/2022,0.181332,,,
2022-06-01,iShares Core U.S. Aggregate Bond ETF,,AGG,6/2/2022,6/1/2022,6/7/2022,0.186101,,,
2022-07-01,iShares Core U.S. Aggregate Bond ETF,,AGG,7/5/2022,7/1/2022,7/8/2022,0.185649,,,
2022-08-01,iShares Core U.S. Aggregate Bond ETF,,AGG,8/2/2022,8/1/2022,8/5/2022,0.200463,,,
2022-09-01,iShares Core U.S. Aggregate Bond ETF,,AGG,9/2/2022,9/1/2022,9/8/2022,0.204483,,,
2022-10-03,iShares Core U.S. Aggregate Bond ETF,,AGG,10/4/2022,10/3/2022,10/7/2022,0.210609,,,
2022-11-01,iShares Core U.S. Aggregate Bond ETF,,AGG,11/2/2022,11/1/2022,11/7/2022,0.216055,,,
2023-02-01,iShares Core U.S. Aggregate Bond ETF,,AGG,2/2/2023,2/1/2023,2/7/2023,0.245333,,,
2023-03-01,iShares Core U.S. Aggregate Bond ETF,,AGG,3/2/2023,3/1/2023,3/7/2023,0.233768,,,
2023-04-03,iShares Core U.S. Aggregate Bond ETF,,AGG,4/4/2023,4/3/2023,4/7/2023,0.251756,,,
2023-05-01,iShares Core U.S. Aggregate Bond ETF,,AGG,5/2/2023,5/1/2023,5/5/2023,0.249306,,,
2023-06-01,iShares Core U.S. Aggregate Bond ETF,,AGG,6/2/2023,6/1/2023,6/7/2023,0.257741,,,
2023-07-03,iShares Core U.S. Aggregate Bond ETF,,AGG,7/5/2023,7/3/2023,7/10/2023,0.254739,,,
2023-08-01,iShares Core U.S. Aggregate Bond ETF,,AGG,8/2/2023,8/1/2023,8/7/2023,0.264609,,,
2023-09-01,iShares Core U.S. Aggregate Bond ETF,,AGG,9/5/2023,9/1/2023,9/8/2023,0.260446,,,
2023-10-02,iShares Core U.S. Aggregate Bond ETF,,AGG,10/3/2023,10/2/2023,10/6/2023,0.257304,,,
2023-11-01,iShares Core U.S. Aggregate Bond ETF,,AGG,11/2/2023,11/1/2023,11/7/2023,0.276585,,,
2024-02-01,iShares Core U.S. Aggregate Bond ETF,,AGG,2/2/2024,2/1/2024,2/7/2024,0.293291,,,
2024-03-01,iShares Core U.S. Aggregate Bond ETF,,AGG,3/4/2024,3/1/2024,3/7/2024,0.286202,,,
2024-04-01,iShares Core U.S. Aggregate Bond ETF,,AGG,4/2/2024,4/1/2024,4/5/2024,0.290239,,,
2024-05-01,iShares Core U.S. Aggregate Bond ETF,,AGG,5/2/2024,5/1/2024,5/7/2024,0.294781,,,
2024-06-03,iShares Core U.S. Aggregate Bond ETF,,AGG,6/3/2024,6/3/2024,6/7/2024,0.301803,,,
2024-07-01,iShares Core U.S. Aggregate Bond ETF,,AGG,7/1/2024,7/1/2024,7/5/2024,0.300883,,,
2024-08-01,iShares Core U.S. Aggregate Bond ETF,,AGG,8/1/2024,8/1/2024,8/6/2024,0.303750,,,
2024-09-03,iShares Core U.S. Aggregate Bond ETF,,AGG,9/3/2024,9/3/2024,9/6/2024,0.311936,,,
2024-10-01,iShares Core U.S. Aggregate Bond ETF,,AGG,10/1/2024,10/1/2024,10/4/2024,0.307328,,,
2024-11-01,iShares Core U.S. Aggregate Bond ETF,,AGG,11/1/2024,11/1/2024,11/6/2024,0.310262,,,
2025-02-03,iShares Core U.S. Aggregate Bond ETF,,AGG,2/3/2025,2/3/2025,2/6/2025,0.322301,,,
2025-03-03,iShares Core U.S. Aggregate Bond ETF,,AGG,3/3/2025,3/3/2025,3/6/2025,0.304188,,,
2025-04-01,iShares Core U.S. Aggregate Bond ETF,,AGG,4/1/2025,4/1/2025,4/4/2025,0.325202,,,
2025-05-01,iShares Core U.S. Aggregate Bond ETF,,AGG,5/1/2025,5/1/2025,5/6/2025,0.321226,,,
2025-06-02,iShares Core U.S. Aggregate Bond ETF,,AGG,6/2/2025,6/2/2025,6/5/2025,0.322969,,,
2025-07-01,iShares Core U.S. Aggregate Bond ETF,,AGG,7/1/2025,7/1/2025,7/7/2025,0.319459,,,
2025-08-01,iShares Core U.S. Aggregate Bond ETF,,AGG,8/1/2025,8/1/2025,8/6/2025,0.330212,,,
2025-09-02,iShares Core U.S. Aggregate Bond ETF,,AGG,9/2/2025,9/2/2025,9/5/2025,0.326891,,,
2025-10-01,iShares Core U.S. Aggregate Bond ETF,,AGG,10/1/2025,10/1/2025,10/6/2025,0.325227,,,
2025-11-03,iShares Core U.S. Aggregate Bond ETF,,AGG,11/3/2025,11/3/2025,11/6/2025,0.326955,,,
2022-08-02,iShares Inflation Hedged U.S. Aggregate Bond ETF,,AGIH,8/3/2022,8/2/2022,8/8/2022,0.090265,,,
2022-09-02,iShares Inflation Hedged U.S. Aggregate Bond ETF,,AGIH,9/6/2022,9/2/2022,9/9/2022,0.047124,,,
2022-10-04,iShares Inflation Hedged U.S. Aggregate Bond ETF,,AGIH,10/5/2022,10/4/2022,10/11/2022,0.048650,,,
2022-11-02,iShares Inflation Hedged U.S. Aggregate Bond ETF,,AGIH,11/3/2022,11/2/2022,11/8/2022,0.056139,,,
2023-02-02,iShares Inflation Hedged U.S. Aggregate Bond ETF,,AGIH,2/3/2023,2/2/2023,2/8/2023,0.052480,,,
2023-03-02,iShares Inflation Hedged U.S. Aggregate Bond ETF,,AGIH,3/3/2023,3/2/2023,3/8/2023,0.057013,,,
2023-04-04,iShares Inflation Hedged U.S. Aggregate Bond ETF,,AGIH,4/5/2023,4/4/2023,4/10/2023,0.059456,,,
2023-05-02,iShares Inflation Hedged U.S. Aggregate Bond ETF,,AGIH,5/3/2023,5/2/2023,5/8/2023,0.060017,,,
2023-06-02,iShares Inflation Hedged U.S. Aggregate Bond ETF,,AGIH,6/5/2023,6/2/2023,6/8/2023,0.063511,,,
2023-07-05,iShares Inflation Hedged U.S. Aggregate Bond ETF,,AGIH,7/6/2023,7/5/2023,7/11/2023,0.063208,,,
2023-08-02,iShares Inflation Hedged U.S. Aggregate Bond ETF,,AGIH,8/3/2023,8/2/2023,8/8/2023,0.065804,,,
2023-09-05,iShares Inflation Hedged U.S. Aggregate Bond ETF,,AGIH,9/6/2023,9/5/2023,9/11/2023,0.064544,,,
2023-10-03,iShares Inflation Hedged U.S. Aggregate Bond ETF,,AGIH,10/4/2023,10/3/2023,10/10/2023,0.064382,,,
2023-11-02,iShares Inflation Hedged U.S. Aggregate Bond ETF,,AGIH,11/3/2023,11/2/2023,11/8/2023,0.068674,,,
2024-02-02,iShares Inflation Hedged U.S. Aggregate Bond ETF,,AGIH,2/5/2024,2/2/2024,2/8/2024,0.059590,,,
2024-03-04,iShares Inflation Hedged U.S. Aggregate Bond ETF,,AGIH,3/5/2024,3/4/2024,3/8/2024,0.071295,,,
2024-04-02,iShares Inflation Hedged U.S. Aggregate Bond ETF,,AGIH,4/3/2024,4/2/2024,4/8/2024,0.071855,,,
2024-05-02,iShares Inflation Hedged U.S. Aggregate Bond ETF,,AGIH,5/3/2024,5/2/2024,5/8/2024,0.073286,,,
2024-06-04,iShares Inflation Hedged U.S. Aggregate Bond ETF,,AGIH,6/4/2024,6/4/2024,6/10/2024,0.074444,,,
2024-07-02,iShares Inflation Hedged U.S. Aggregate Bond ETF,,AGIH,7/2/2024,7/2/2024,7/8/2024,0.073908,,,
2024-08-02,iShares Inflation Hedged U.S. Aggregate Bond ETF,,AGIH,8/2/2024,8/2/2024,8/7/2024,0.074576,,,
2024-09-04,iShares Inflation Hedged U.S. Aggregate Bond ETF,,AGIH,9/4/2024,9/4/2024,9/9/2024,0.076712,,,
2024-10-02,iShares Inflation Hedged U.S. Aggregate Bond ETF,,AGIH,10/2/2024,10/2/2024,10/7/2024,0.075817,,,
2024-11-04,iShares Inflation Hedged U.S. Aggregate Bond ETF,,AGIH,11/4/2024,11/4/2024,11/7/2024,0.075913,,,
2025-02-04,iShares Inflation Hedged U.S. Aggregate Bond ETF,,AGIH,2/4/2025,2/4/2025,2/7/2025,0.078057,,,
2025-03-04,iShares Inflation Hedged U.S. Aggregate Bond ETF,,AGIH,3/4/2025,3/4/2025,3/7/2025,0.073324,,,
2025-04-02,iShares Inflation Hedged U.S. Aggregate Bond ETF,,AGIH,4/2/2025,4/2/2025,4/7/2025,0.077156,,,
2025-05-02,iShares Inflation Hedged U.S. Aggregate Bond ETF,,AGIH,5/2/2025,5/2/2025,5/7/2025,0.078322,,,
2025-06-03,iShares Inflation Hedged U.S. Aggregate Bond ETF,,AGIH,6/3/2025,6/3/2025,6/6/2025,0.076734,,,
2025-07-02,iShares Inflation Hedged U.S. Aggregate Bond ETF,,AGIH,7/2/2025,7/2/2025,7/8/2025,0.078075,,,
2022-08-02,iShares Interest Rate Hedged U.S. Aggregate Bond ETF,,AGRH,8/3/2022,8/2/2022,8/8/2022,0.042431,,,
2022-09-02,iShares Interest Rate Hedged U.S. Aggregate Bond ETF,,AGRH,9/6/2022,9/2/2022,9/9/2022,0.032928,,,
2022-10-04,iShares Interest Rate Hedged U.S. Aggregate Bond ETF,,AGRH,10/5/2022,10/4/2022,10/11/2022,0.030882,,,
2022-11-02,iShares Interest Rate Hedged U.S. Aggregate Bond ETF,,AGRH,11/3/2022,11/2/2022,11/8/2022,0.061518,,,
2023-02-02,iShares Interest Rate Hedged U.S. Aggregate Bond ETF,,AGRH,2/3/2023,2/2/2023,2/8/2023,0.101140,,,
2023-03-02,iShares Interest Rate Hedged U.S. Aggregate Bond ETF,,AGRH,3/3/2023,3/2/2023,3/8/2023,0.094180,,,
2023-04-04,iShares Interest Rate Hedged U.S. Aggregate Bond ETF,,AGRH,4/5/2023,4/4/2023,4/10/2023,0.100725,,,
2023-05-02,iShares Interest Rate Hedged U.S. Aggregate Bond ETF,,AGRH,5/3/2023,5/2/2023,5/8/2023,0.101838,,,
2023-06-02,iShares Interest Rate Hedged U.S. Aggregate Bond ETF,,AGRH,6/5/2023,6/2/2023,6/8/2023,0.105926,,,
2023-07-05,iShares Interest Rate Hedged U.S. Aggregate Bond ETF,,AGRH,7/6/2023,7/5/2023,7/11/2023,0.053750,,,
2023-08-02,iShares Interest Rate Hedged U.S. Aggregate Bond ETF,,AGRH,8/3/2023,8/2/2023,8/8/2023,0.097214,,,
2023-09-05,iShares Interest Rate Hedged U.S. Aggregate Bond ETF,,AGRH,9/6/2023,9/5/2023,9/11/2023,0.103573,,,
2023-10-03,iShares Interest Rate Hedged U.S. Aggregate Bond ETF,,AGRH,10/4/2023,10/3/2023,10/10/2023,0.101131,,,
2023-11-02,iShares Interest Rate Hedged U.S. Aggregate Bond ETF,,AGRH,11/3/2023,11/2/2023,11/8/2023,0.106391,,,
2024-02-02,iShares Interest Rate Hedged U.S. Aggregate Bond ETF,,AGRH,2/5/2024,2/2/2024,2/8/2024,0.096510,,,
2024-03-04,iShares Interest Rate Hedged U.S. Aggregate Bond ETF,,AGRH,3/5/2024,3/4/2024,3/8/2024,0.110952,,,
2024-04-02,iShares Interest Rate Hedged U.S. Aggregate Bond ETF,,AGRH,4/3/2024,4/2/2024,4/8/2024,0.111032,,,
2024-05-02,iShares Interest Rate Hedged U.S. Aggregate Bond ETF,,AGRH,5/3/2024,5/2/2024,5/8/2024,0.119805,,,
2024-06-04,iShares Interest Rate Hedged U.S. Aggregate Bond ETF,,AGRH,6/4/2024,6/4/2024,6/10/2024,0.118901,,,
2024-07-02,iShares Interest Rate Hedged U.S. Aggregate Bond ETF,,AGRH,7/2/2024,7/2/2024,7/8/2024,0.115355,,,
2024-08-02,iShares Interest Rate Hedged U.S. Aggregate Bond ETF,,AGRH,8/2/2024,8/2/2024,8/7/2024,0.118367,,,
2024-09-04,iShares Interest Rate Hedged U.S. Aggregate Bond ETF,,AGRH,9/4/2024,9/4/2024,9/9/2024,0.114431,,,
2024-10-02,iShares Interest Rate Hedged U.S. Aggregate Bond ETF,,AGRH,10/2/2024,10/2/2024,10/7/2024,0.113129,,,
2024-11-04,iShares Interest Rate Hedged U.S. Aggregate Bond ETF,,AGRH,11/4/2024,11/4/2024,11/7/2024,0.106665,,,
2025-02-04,iShares Interest Rate Hedged U.S. Aggregate Bond ETF,,AGRH,2/4/2025,2/4/2025,2/7/2025,0.082308,,,
2025-03-04,iShares Interest Rate Hedged U.S. Aggregate Bond ETF,,AGRH,3/4/2025,3/4/2025,3/7/2025,0.082367,,,
2025-04-02,iShares Interest Rate Hedged U.S. Aggregate Bond ETF,,AGRH,4/2/2025,4/2/2025,4/7/2025,0.089252,,,
2025-05-02,iShares Interest Rate Hedged U.S. Aggregate Bond ETF,,AGRH,5/2/2025,5/2/2025,5/7/2025,0.138855,,,
2025-06-03,iShares Interest Rate Hedged U.S. Aggregate Bond ETF,,AGRH,6/3/2025,6/3/2025,6/6/2025,0.113498,,,
2025-07-02,iShares Interest Rate Hedged U.S. Aggregate Bond ETF,,AGRH,7/2/2025,7/2/2025,7/8/2025,0.102661,,,
2025-08-04,iShares Interest Rate Hedged U.S. Aggregate Bond ETF,,AGRH,8/4/2025,8/4/2025,8/7/2025,0.102570,,,
2025-09-03,iShares Interest Rate Hedged U.S. Aggregate Bond ETF,,AGRH,9/3/2025,9/3/2025,9/8/2025,0.100937,,,
2025-10-02,iShares Interest Rate Hedged U.S. Aggregate Bond ETF,,AGRH,10/2/2025,10/2/2025,10/7/2025,0.102047,,,
2025-11-04,iShares Interest Rate Hedged U.S. Aggregate Bond ETF,,AGRH,11/4/2025,11/4/2025,11/7/2025,0.101675,,,
2022-02-01,iShares Agency Bond ETF,,AGZ,2/2/2022,2/1/2022,2/7/2022,0.079257,,,
2022-03-01,iShares Agency Bond ETF,,AGZ,3/2/2022,3/1/2022,3/7/2022,0.090299,,,
2022-04-01,iShares Agency Bond ETF,,AGZ,4/4/2022,4/1/2022,4/7/2022,0.097550,,,
2022-05-02,iShares Agency Bond ETF,,AGZ,5/3/2022,5/2/2022,5/6/2022,0.103985,,,
2022-06-01,iShares Agency Bond ETF,,AGZ,6/2/2022,6/1/2022,6/7/2022,0.103511,,,
2022-07-01,iShares Agency Bond ETF,,AGZ,7/5/2022,7/1/2022,7/8/2022,0.121776,,,
2022-08-01,iShares Agency Bond ETF,,AGZ,8/2/2022,8/1/2022,8/5/2022,0.127949,,,
2022-09-01,iShares Agency Bond ETF,,AGZ,9/2/2022,9/1/2022,9/8/2022,0.146011,,,
2022-10-03,iShares Agency Bond ETF,,AGZ,10/4/2022,10/3/2022,10/7/2022,0.160532,,,
2022-11-01,iShares Agency Bond ETF,,AGZ,11/2/2022,11/1/2022,11/7/2022,0.207220,,,
2023-02-01,iShares Agency Bond ETF,,AGZ,2/2/2023,2/1/2023,2/7/2023,0.252116,,,
2023-03-01,iShares Agency Bond ETF,,AGZ,3/2/2023,3/1/2023,3/7/2023,0.257366,,,
2023-04-03,iShares Agency Bond ETF,,AGZ,4/4/2023,4/3/2023,4/7/2023,0.281755,,,
2023-05-01,iShares Agency Bond ETF,,AGZ,5/2/2023,5/1/2023,5/5/2023,0.274265,,,
2023-06-01,iShares Agency Bond ETF,,AGZ,6/2/2023,6/1/2023,6/7/2023,0.295362,,,
2023-07-03,iShares Agency Bond ETF,,AGZ,7/5/2023,7/3/2023,7/10/2023,0.286285,,,
2023-08-01,iShares Agency Bond ETF,,AGZ,8/2/2023,8/1/2023,8/7/2023,0.292879,,,
2023-09-01,iShares Agency Bond ETF,,AGZ,9/5/2023,9/1/2023,9/8/2023,0.256853,,,
2023-10-02,iShares Agency Bond ETF,,AGZ,10/3/2023,10/2/2023,10/6/2023,0.291758,,,
2023-11-01,iShares Agency Bond ETF,,AGZ,11/2/2023,11/1/2023,11/7/2023,0.305917,,,
2024-02-01,iShares Agency Bond ETF,,AGZ,2/2/2024,2/1/2024,2/7/2024,0.306298,,,
2024-03-01,iShares Agency Bond ETF,,AGZ,3/4/2024,3/1/2024,3/7/2024,0.298164,,,
2024-04-01,iShares Agency Bond ETF,,AGZ,4/2/2024,4/1/2024,4/5/2024,0.309441,,,
2024-05-01,iShares Agency Bond ETF,,AGZ,5/2/2024,5/1/2024,5/7/2024,0.303720,,,
2024-06-03,iShares Agency Bond ETF,,AGZ,6/3/2024,6/3/2024,6/7/2024,0.311041,,,
2024-07-01,iShares Agency Bond ETF,,AGZ,7/1/2024,7/1/2024,7/5/2024,0.300137,,,
2024-08-01,iShares Agency Bond ETF,,AGZ,8/1/2024,8/1/2024,8/6/2024,0.307911,,,
2024-09-03,iShares Agency Bond ETF,,AGZ,9/3/2024,9/3/2024,9/6/2024,0.327468,,,
2024-10-01,iShares Agency Bond ETF,,AGZ,10/1/2024,10/1/2024,10/4/2024,0.313512,,,
2024-11-01,iShares Agency Bond ETF,,AGZ,11/1/2024,11/1/2024,11/6/2024,0.328532,,,
2025-02-03,iShares Agency Bond ETF,,AGZ,2/3/2025,2/3/2025,2/6/2025,0.343281,,,
2025-03-03,iShares Agency Bond ETF,,AGZ,3/3/2025,3/3/2025,3/6/2025,0.329769,,,
2025-04-01,iShares Agency Bond ETF,,AGZ,4/1/2025,4/1/2025,4/4/2025,0.363480,,,
2025-05-01,iShares Agency Bond ETF,,AGZ,5/1/2025,5/1/2025,5/6/2025,0.344354,,,
2025-06-02,iShares Agency Bond ETF,,AGZ,6/2/2025,6/2/2025,6/5/2025,0.355792,,,
2025-07-01,iShares Agency Bond ETF,,AGZ,7/1/2025,7/1/2025,7/7/2025,0.334168,,,
2025-08-01,iShares Agency Bond ETF,,AGZ,8/1/2025,8/1/2025,8/6/2025,0.355733,,,
2025-09-02,iShares Agency Bond ETF,,AGZ,9/2/2025,9/2/2025,9/5/2025,0.343601,,,
2025-10-01,iShares Agency Bond ETF,,AGZ,10/1/2025,10/1/2025,10/6/2025,0.354863,,,
2025-11-03,iShares Agency Bond ETF,,AGZ,11/3/2025,11/3/2025,11/6/2025,0.351290,,,
2022-06-09,iShares Asia 50 ETF,,AIA,6/10/2022,6/9/2022,6/15/2022,0.623324,,,
2023-06-07,iShares Asia 50 ETF,,AIA,6/8/2023,6/7/2023,6/13/2023,0.598543,,,
2024-06-11,iShares Asia 50 ETF,,AIA,6/11/2024,6/11/2024,6/17/2024,0.450505,,,
2025-06-16,iShares Asia 50 ETF,,AIA,6/16/2025,6/16/2025,6/20/2025,0.930360,,,
2022-04-04,iShares Core Aggressive Allocation ETF,,AOA,4/5/2022,4/4/2022,4/8/2022,0.176094,,,
2022-07-05,iShares Core Aggressive Allocation ETF,,AOA,7/6/2022,7/5/2022,7/11/2022,0.539409,,,
2022-10-04,iShares Core Aggressive Allocation ETF,,AOA,10/5/2022,10/4/2022,10/11/2022,0.205845,,,
2023-04-04,iShares Core Aggressive Allocation ETF,,AOA,4/5/2023,4/4/2023,4/10/2023,0.195002,,,
2023-07-05,iShares Core Aggressive Allocation ETF,,AOA,7/6/2023,7/5/2023,7/11/2023,0.527449,,,
2023-10-03,iShares Core Aggressive Allocation ETF,,AOA,10/4/2023,10/3/2023,10/10/2023,0.237941,,,
2024-04-02,iShares Core Aggressive Allocation ETF,,AOA,4/3/2024,4/2/2024,4/8/2024,0.211725,,,
2024-07-02,iShares Core Aggressive Allocation ETF,,AOA,7/2/2024,7/2/2024,7/8/2024,0.564432,,,
2024-10-02,iShares Core Aggressive Allocation ETF,,AOA,10/2/2024,10/2/2024,10/7/2024,0.275114,,,
2025-04-02,iShares Core Aggressive Allocation ETF,,AOA,4/2/2025,4/2/2025,4/7/2025,0.224370,,,
2025-07-02,iShares Core Aggressive Allocation ETF,,AOA,7/2/2025,7/2/2025,7/8/2025,0.637509,,,
2025-10-02,iShares Core Aggressive Allocation ETF,,AOA,10/2/2025,10/2/2025,10/7/2025,0.260892,,,
2022-02-02,iShares Core Conservative Allocation ETF,,AOK,2/3/2022,2/2/2022,2/8/2022,0.038294,,,
2022-03-02,iShares Core Conservative Allocation ETF,,AOK,3/3/2022,3/2/2022,3/8/2022,0.030923,,,
2022-04-04,iShares Core Conservative Allocation ETF,,AOK,4/5/2022,4/4/2022,4/8/2022,0.059762,,,
2022-05-03,iShares Core Conservative Allocation ETF,,AOK,5/4/2022,5/3/2022,5/9/2022,0.038399,,,
2022-06-02,iShares Core Conservative Allocation ETF,,AOK,6/3/2022,6/2/2022,6/8/2022,0.038711,,,
2022-07-05,iShares Core Conservative Allocation ETF,,AOK,7/6/2022,7/5/2022,7/11/2022,0.122767,,,
2022-08-02,iShares Core Conservative Allocation ETF,,AOK,8/3/2022,8/2/2022,8/8/2022,0.041296,,,
2022-09-02,iShares Core Conservative Allocation ETF,,AOK,9/6/2022,9/2/2022,9/9/2022,0.040318,,,
2022-10-04,iShares Core Conservative Allocation ETF,,AOK,10/5/2022,10/4/2022,10/11/2022,0.076374,,,
2022-11-02,iShares Core Conservative Allocation ETF,,AOK,11/3/2022,11/2/2022,11/8/2022,0.042760,,,
2023-02-02,iShares Core Conservative Allocation ETF,,AOK,2/3/2023,2/2/2023,2/8/2023,0.052059,,,
2023-03-02,iShares Core Conservative Allocation ETF,,AOK,3/3/2023,3/2/2023,3/8/2023,0.053240,,,
2023-04-04,iShares Core Conservative Allocation ETF,,AOK,4/5/2023,4/4/2023,4/10/2023,0.079250,,,
2023-05-02,iShares Core Conservative Allocation ETF,,AOK,5/3/2023,5/2/2023,5/8/2023,0.057194,,,
2023-06-02,iShares Core Conservative Allocation ETF,,AOK,6/5/2023,6/2/2023,6/8/2023,0.059890,,,
2023-07-05,iShares Core Conservative Allocation ETF,,AOK,7/6/2023,7/5/2023,7/11/2023,0.146519,,,
2023-08-02,iShares Core Conservative Allocation ETF,,AOK,8/3/2023,8/2/2023,8/8/2023,0.060228,,,
2023-09-05,iShares Core Conservative Allocation ETF,,AOK,9/6/2023,9/5/2023,9/11/2023,0.060033,,,
2023-10-03,iShares Core Conservative Allocation ETF,,AOK,10/4/2023,10/3/2023,10/10/2023,0.089170,,,
2023-11-02,iShares Core Conservative Allocation ETF,,AOK,11/3/2023,11/2/2023,11/8/2023,0.062784,,,
2024-02-02,iShares Core Conservative Allocation ETF,,AOK,2/5/2024,2/2/2024,2/8/2024,0.058911,,,
2024-03-04,iShares Core Conservative Allocation ETF,,AOK,3/5/2024,3/4/2024,3/8/2024,0.065686,,,
2024-04-02,iShares Core Conservative Allocation ETF,,AOK,4/3/2024,4/2/2024,4/8/2024,0.090774,,,
2024-05-02,iShares Core Conservative Allocation ETF,,AOK,5/3/2024,5/2/2024,5/8/2024,0.069563,,,
2024-06-04,iShares Core Conservative Allocation ETF,,AOK,6/4/2024,6/4/2024,6/10/2024,0.069507,,,
2024-07-02,iShares Core Conservative Allocation ETF,,AOK,7/2/2024,7/2/2024,7/8/2024,0.152081,,,
2024-08-02,iShares Core Conservative Allocation ETF,,AOK,8/2/2024,8/2/2024,8/7/2024,0.075460,,,
2024-09-04,iShares Core Conservative Allocation ETF,,AOK,9/4/2024,9/4/2024,9/9/2024,0.073307,,,
2024-10-02,iShares Core Conservative Allocation ETF,,AOK,10/2/2024,10/2/2024,10/7/2024,0.100791,,,
2024-11-04,iShares Core Conservative Allocation ETF,,AOK,11/4/2024,11/4/2024,11/7/2024,0.075853,,,
2025-02-04,iShares Core Conservative Allocation ETF,,AOK,2/4/2025,2/4/2025,2/7/2025,0.080001,,,
2025-03-04,iShares Core Conservative Allocation ETF,,AOK,3/4/2025,3/4/2025,3/7/2025,0.075608,,,
2025-04-02,iShares Core Conservative Allocation ETF,,AOK,4/2/2025,4/2/2025,4/7/2025,0.099491,,,
2025-05-02,iShares Core Conservative Allocation ETF,,AOK,5/2/2025,5/2/2025,5/7/2025,0.077314,,,
2025-06-03,iShares Core Conservative Allocation ETF,,AOK,6/3/2025,6/3/2025,6/6/2025,0.081622,,,
2025-07-02,iShares Core Conservative Allocation ETF,,AOK,7/2/2025,7/2/2025,7/8/2025,0.176566,,,
2025-08-04,iShares Core Conservative Allocation ETF,,AOK,8/4/2025,8/4/2025,8/7/2025,0.081758,,,
2025-09-03,iShares Core Conservative Allocation ETF,,AOK,9/3/2025,9/3/2025,9/8/2025,0.077026,,,
2025-10-02,iShares Core Conservative Allocation ETF,,AOK,10/2/2025,10/2/2025,10/7/2025,0.103679,,,
2025-11-04,iShares Core Conservative Allocation ETF,,AOK,11/4/2025,11/4/2025,11/7/2025,0.083439,,,
2022-04-04,iShares Core Moderate Allocation ETF,,AOM,4/5/2022,4/4/2022,4/8/2022,0.137006,,,
2022-07-05,iShares Core Moderate Allocation ETF,,AOM,7/6/2022,7/5/2022,7/11/2022,0.262967,,,
2022-10-04,iShares Core Moderate Allocation ETF,,AOM,10/5/2022,10/4/2022,10/11/2022,0.174092,,,
2023-04-04,iShares Core Moderate Allocation ETF,,AOM,4/5/2023,4/4/2023,4/10/2023,0.197362,,,
2023-07-05,iShares Core Moderate Allocation ETF,,AOM,7/6/2023,7/5/2023,7/11/2023,0.308282,,,
2023-10-03,iShares Core Moderate Allocation ETF,,AOM,10/4/2023,10/3/2023,10/10/2023,0.220512,,,
2024-04-02,iShares Core Moderate Allocation ETF,,AOM,4/3/2024,4/2/2024,4/8/2024,0.224098,,,
2024-07-02,iShares Core Moderate Allocation ETF,,AOM,7/2/2024,7/2/2024,7/8/2024,0.341372,,,
2024-10-02,iShares Core Moderate Allocation ETF,,AOM,10/2/2024,10/2/2024,10/7/2024,0.263727,,,
2025-04-02,iShares Core Moderate Allocation ETF,,AOM,4/2/2025,4/2/2025,4/7/2025,0.249958,,,
2025-07-02,iShares Core Moderate Allocation ETF,,AOM,7/2/2025,7/2/2025,7/8/2025,0.377490,,,
2025-10-02,iShares Core Moderate Allocation ETF,,AOM,10/2/2025,10/2/2025,10/7/2025,0.271226,,,
2022-04-04,iShares Core Growth Allocation ETF,,AOR,4/5/2022,4/4/2022,4/8/2022,0.155437,,,
2022-07-05,iShares Core Growth Allocation ETF,,AOR,7/6/2022,7/5/2022,7/11/2022,0.365964,,,
2022-10-04,iShares Core Growth Allocation ETF,,AOR,10/5/2022,10/4/2022,10/11/2022,0.186989,,,
2023-04-04,iShares Core Growth Allocation ETF,,AOR,4/5/2023,4/4/2023,4/10/2023,0.207185,,,
2023-07-05,iShares Core Growth Allocation ETF,,AOR,7/6/2023,7/5/2023,7/11/2023,0.400710,,,
2023-10-03,iShares Core Growth Allocation ETF,,AOR,10/4/2023,10/3/2023,10/10/2023,0.230728,,,
2024-04-02,iShares Core Growth Allocation ETF,,AOR,4/3/2024,4/2/2024,4/8/2024,0.225151,,,
2024-07-02,iShares Core Growth Allocation ETF,,AOR,7/2/2024,7/2/2024,7/8/2024,0.432576,,,
2024-10-02,iShares Core Growth Allocation ETF,,AOR,10/2/2024,10/2/2024,10/7/2024,0.275449,,,
2025-04-02,iShares Core Growth Allocation ETF,,AOR,4/2/2025,4/2/2025,4/7/2025,0.252012,,,
2025-07-02,iShares Core Growth Allocation ETF,,AOR,7/2/2025,7/2/2025,7/8/2025,0.477937,,,
2025-10-02,iShares Core Growth Allocation ETF,,AOR,10/2/2025,10/2/2025,10/7/2025,0.272927,,,
2025-06-16,iShares MSCI Global Quality Factor ETF,,AQLT,6/16/2025,6/16/2025,6/20/2025,0.155378,,,
2024-06-11,iShares Future AI & Tech ETF,,ARTY,6/11/2024,6/11/2024,6/17/2024,0.117515,,,
2025-06-16,iShares A.I. Innovation and Tech Active ETF,,BAI,6/16/2025,6/16/2025,6/20/2025,0.004499,,,
2023-11-01,BlackRock Advantage Large Cap Income ETF,,BALI,11/2/2023,11/1/2023,11/7/2023,0.119093,,,0.083538
2024-02-01,BlackRock Advantage Large Cap Income ETF,,BALI,2/2/2024,2/1/2024,2/7/2024,0.137101,,,0.025718
2024-03-01,BlackRock Advantage Large Cap Income ETF,,BALI,3/4/2024,3/1/2024,3/7/2024,0.151576,,,0.028433
2024-04-01,BlackRock Advantage Large Cap Income ETF,,BALI,4/2/2024,4/1/2024,4/5/2024,0.119599,,,0.022435
2024-05-01,BlackRock Advantage Large Cap Income ETF,,BALI,5/2/2024,5/1/2024,5/7/2024,0.164863,,,0.030925
2024-06-03,BlackRock Advantage Large Cap Income ETF,,BALI,6/3/2024,6/3/2024,6/7/2024,0.109578,,,0.020555
2024-07-01,BlackRock Advantage Large Cap Income ETF,,BALI,7/1/2024,7/1/2024,7/5/2024,0.142413,,,0.026714
2024-08-01,BlackRock Advantage Large Cap Income ETF,,BALI,8/1/2024,8/1/2024,8/7/2024,0.159803,,,0.029976
2024-09-03,BlackRock Advantage Large Cap Income ETF,,BALI,9/3/2024,9/3/2024,9/6/2024,0.190426,,,0.035721
2024-10-01,BlackRock Advantage Large Cap Income ETF,,BALI,10/1/2024,10/1/2024,10/4/2024,0.170347,,,0.031954
2024-11-01,BlackRock Advantage Large Cap Income ETF,,BALI,11/1/2024,11/1/2024,11/6/2024,0.106882,,,0.020049
2025-02-03,BlackRock Advantage Large Cap Income ETF,,BALI,2/3/2025,2/3/2025,2/6/2025,0.078656,,,0.094110
2025-03-03,BlackRock Advantage Large Cap Income ETF,,BALI,3/3/2025,3/3/2025,3/6/2025,0.093731,,,0.112148
2025-04-01,BlackRock Advantage Large Cap Income ETF,,BALI,4/1/2025,4/1/2025,4/4/2025,0.116052,,,0.138854
2025-05-01,BlackRock Advantage Large Cap Income ETF,,BALI,5/1/2025,5/1/2025,5/6/2025,0.173892,,,0.208058
2025-06-02,BlackRock Advantage Large Cap Income ETF,,BALI,6/2/2025,6/2/2025,6/5/2025,0.106471,,,0.127391
2025-07-01,BlackRock Advantage Large Cap Income ETF,,BALI,7/1/2025,7/1/2025,7/7/2025,0.092402,,,0.110557
2025-08-01,BlackRock Advantage Large Cap Income ETF,,BALI,8/1/2025,8/1/2025,8/6/2025,0.092369,,,0.110517
2025-09-02,BlackRock Advantage Large Cap Income ETF,,BALI,9/2/2025,9/2/2025,9/5/2025,0.084648,,,0.101279
2025-10-01,BlackRock Advantage Large Cap Income ETF,,BALI,10/1/2025,10/1/2025,10/6/2025,0.086146,,,0.103073
2025-11-03,BlackRock Advantage Large Cap Income ETF,,BALI,11/3/2025,11/3/2025,11/6/2025,0.088625,,,0.106038
2022-06-09,BlackRock Future Climate and Sustainable Economy ETF,,BECO,6/10/2022,6/9/2022,6/15/2022,0.119724,,,
2023-06-07,BlackRock Future Climate and Sustainable Economy ETF,,BECO,6/8/2023,6/7/2023,6/13/2023,0.161430,,,
2023-04-03,iShares J.P. Morgan Broad USD Emerging Markets Bond ETF,,BEMB,4/4/2023,4/3/2023,4/7/2023,0.349446,,,
2023-05-01,iShares J.P. Morgan Broad USD Emerging Markets Bond ETF,,BEMB,5/2/2023,5/1/2023,5/5/2023,0.285180,,,
2023-06-01,iShares J.P. Morgan Broad USD Emerging Markets Bond ETF,,BEMB,6/2/2023,6/1/2023,6/7/2023,0.273862,,,
2023-07-03,iShares J.P. Morgan Broad USD Emerging Markets Bond ETF,,BEMB,7/5/2023,7/3/2023,7/10/2023,0.273371,,,
2023-08-01,iShares J.P. Morgan Broad USD Emerging Markets Bond ETF,,BEMB,8/2/2023,8/1/2023,8/7/2023,0.281155,,,
2023-09-01,iShares J.P. Morgan Broad USD Emerging Markets Bond ETF,,BEMB,9/5/2023,9/1/2023,9/8/2023,0.257315,,,
2023-10-02,iShares J.P. Morgan Broad USD Emerging Markets Bond ETF,,BEMB,10/3/2023,10/2/2023,10/6/2023,0.262937,,,
2023-11-01,iShares J.P. Morgan Broad USD Emerging Markets Bond ETF,,BEMB,11/2/2023,11/1/2023,11/7/2023,0.275545,,,
2024-02-01,iShares J.P. Morgan Broad USD Emerging Markets Bond ETF,,BEMB,2/2/2024,2/1/2024,2/7/2024,0.248574,,,
2024-03-01,iShares J.P. Morgan Broad USD Emerging Markets Bond ETF,,BEMB,3/4/2024,3/1/2024,3/7/2024,0.242394,,,
2024-04-01,iShares J.P. Morgan Broad USD Emerging Markets Bond ETF,,BEMB,4/2/2024,4/1/2024,4/5/2024,0.242034,,,
2024-05-01,iShares J.P. Morgan Broad USD Emerging Markets Bond ETF,,BEMB,5/2/2024,5/1/2024,5/7/2024,0.255251,,,
2024-06-03,iShares J.P. Morgan Broad USD Emerging Markets Bond ETF,,BEMB,6/3/2024,6/3/2024,6/7/2024,0.275895,,,
2024-07-01,iShares J.P. Morgan Broad USD Emerging Markets Bond ETF,,BEMB,7/1/2024,7/1/2024,7/5/2024,0.294370,,,
2024-08-01,iShares J.P. Morgan Broad USD Emerging Markets Bond ETF,,BEMB,8/1/2024,8/1/2024,8/6/2024,0.271244,,,
2024-09-03,iShares J.P. Morgan Broad USD Emerging Markets Bond ETF,,BEMB,9/3/2024,9/3/2024,9/6/2024,0.252851,,,
2024-10-01,iShares J.P. Morgan Broad USD Emerging Markets Bond ETF,,BEMB,10/1/2024,10/1/2024,10/4/2024,0.267940,,,
2024-11-01,iShares J.P. Morgan Broad USD Emerging Markets Bond ETF,,BEMB,11/1/2024,11/1/2024,11/6/2024,0.280867,,,
2025-02-03,iShares J.P. Morgan Broad USD Emerging Markets Bond ETF,,BEMB,2/3/2025,2/3/2025,2/6/2025,0.303442,,,
2025-03-03,iShares J.P. Morgan Broad USD Emerging Markets Bond ETF,,BEMB,3/3/2025,3/3/2025,3/6/2025,0.270912,,,
2025-04-01,iShares J.P. Morgan Broad USD Emerging Markets Bond ETF,,BEMB,4/1/2025,4/1/2025,4/4/2025,0.269570,,,
2025-05-01,iShares J.P. Morgan Broad USD Emerging Markets Bond ETF,,BEMB,5/1/2025,5/1/2025,5/6/2025,0.271789,,,
2025-06-02,iShares J.P. Morgan Broad USD Emerging Markets Bond ETF,,BEMB,6/2/2025,6/2/2025,6/5/2025,0.271040,,,
2025-07-01,iShares J.P. Morgan Broad USD Emerging Markets Bond ETF,,BEMB,7/1/2025,7/1/2025,7/7/2025,0.269052,,,
2025-08-01,iShares J.P. Morgan Broad USD Emerging Markets Bond ETF,,BEMB,8/1/2025,8/1/2025,8/6/2025,0.295422,,,
2025-09-02,iShares J.P. Morgan Broad USD Emerging Markets Bond ETF,,BEMB,9/2/2025,9/2/2025,9/5/2025,0.286380,,,
2025-10-01,iShares J.P. Morgan Broad USD Emerging Markets Bond ETF,,BEMB,10/1/2025,10/1/2025,10/6/2025,0.258114,,,
2025-11-03,iShares J.P. Morgan Broad USD Emerging Markets Bond ETF,,BEMB,11/3/2025,11/3/2025,11/6/2025,0.273987,,,
2022-04-01,iShares Global Green Bond ETF,,BGRN,4/4/2022,4/1/2022,4/7/2022,0.099884,,,
2022-05-02,iShares Global Green Bond ETF,,BGRN,5/3/2022,5/2/2022,5/6/2022,0.163770,,,
2022-06-01,iShares Global Green Bond ETF,,BGRN,6/2/2022,6/1/2022,6/7/2022,0.121619,,,
2022-07-01,iShares Global Green Bond ETF,,BGRN,7/5/2022,7/1/2022,7/8/2022,0.105141,,,
2022-08-01,iShares Global Green Bond ETF,,BGRN,8/2/2022,8/1/2022,8/5/2022,0.114984,,,
2022-09-01,iShares Global Green Bond ETF,,BGRN,9/2/2022,9/1/2022,9/8/2022,0.104567,,,
2022-10-03,iShares Global Green Bond ETF,,BGRN,10/4/2022,10/3/2022,10/7/2022,0.116598,,,
2022-11-01,iShares Global Green Bond ETF,,BGRN,11/2/2022,11/1/2022,11/7/2022,0.125073,,,
2023-02-01,iShares Global Green Bond ETF,,BGRN,2/2/2023,2/1/2023,2/7/2023,0.130360,,,
2023-03-01,iShares Global Green Bond ETF,,BGRN,3/2/2023,3/1/2023,3/7/2023,0.128983,,,
2023-04-03,iShares Global Green Bond ETF,,BGRN,4/4/2023,4/3/2023,4/7/2023,0.133595,,,
2023-05-01,iShares Global Green Bond ETF,,BGRN,5/2/2023,5/1/2023,5/5/2023,0.134227,,,
2023-06-01,iShares Global Green Bond ETF,,BGRN,6/2/2023,6/1/2023,6/7/2023,0.133954,,,
2023-07-03,iShares Global Green Bond ETF,,BGRN,7/5/2023,7/3/2023,7/10/2023,0.136836,,,
2023-08-01,iShares Global Green Bond ETF,,BGRN,8/2/2023,8/1/2023,8/7/2023,0.139383,,,
2023-09-01,iShares Global Green Bond ETF,,BGRN,9/5/2023,9/1/2023,9/8/2023,0.139367,,,
2023-10-02,iShares Global Green Bond ETF,,BGRN,10/3/2023,10/2/2023,10/6/2023,0.139211,,,
2023-11-01,iShares Global Green Bond ETF,,BGRN,11/2/2023,11/1/2023,11/7/2023,0.145389,,,
2024-02-01,iShares Global Green Bond ETF,,BGRN,2/2/2024,2/1/2024,2/7/2024,0.146998,,,
2024-03-01,iShares Global Green Bond ETF,,BGRN,3/4/2024,3/1/2024,3/7/2024,0.148293,,,
2024-04-01,iShares Global Green Bond ETF,,BGRN,4/2/2024,4/1/2024,4/5/2024,0.150375,,,
2024-05-01,iShares Global Green Bond ETF,,BGRN,5/2/2024,5/1/2024,5/7/2024,0.154148,,,
2024-06-03,iShares Global Green Bond ETF,,BGRN,6/3/2024,6/3/2024,6/7/2024,0.156321,,,
2024-07-01,iShares Global Green Bond ETF,,BGRN,7/1/2024,7/1/2024,7/5/2024,0.152343,,,
2024-08-01,iShares Global Green Bond ETF,,BGRN,8/1/2024,8/1/2024,8/6/2024,0.163713,,,
2024-09-03,iShares Global Green Bond ETF,,BGRN,9/3/2024,9/3/2024,9/6/2024,0.163759,,,
2024-10-01,iShares Global Green Bond ETF,,BGRN,10/1/2024,10/1/2024,10/4/2024,0.164728,,,
2024-11-01,iShares Global Green Bond ETF,,BGRN,11/1/2024,11/1/2024,11/6/2024,0.163309,,,
2025-02-03,iShares Global Green Bond ETF,,BGRN,2/3/2025,2/3/2025,2/6/2025,0.166918,,,
2025-03-03,iShares Global Green Bond ETF,,BGRN,3/3/2025,3/3/2025,3/6/2025,0.166315,,,
2025-04-01,iShares Global Green Bond ETF,,BGRN,4/1/2025,4/1/2025,4/4/2025,0.170757,,,
2025-05-01,iShares Global Green Bond ETF,,BGRN,5/1/2025,5/1/2025,5/6/2025,0.169235,,,
2025-06-02,iShares Global Green Bond ETF,,BGRN,6/2/2025,6/2/2025,6/5/2025,0.165441,,,
2025-07-01,iShares Global Green Bond ETF,,BGRN,7/1/2025,7/1/2025,7/7/2025,0.167325,,,
2025-08-01,iShares Global Green Bond ETF,,BGRN,8/1/2025,8/1/2025,8/6/2025,0.167647,,,
2025-09-02,iShares Global Green Bond ETF,,BGRN,9/2/2025,9/2/2025,9/5/2025,0.169025,,,
2025-10-01,iShares Global Green Bond ETF,,BGRN,10/1/2025,10/1/2025,10/6/2025,0.166631,,,
2025-11-03,iShares Global Green Bond ETF,,BGRN,11/3/2025,11/3/2025,11/6/2025,0.170050,,,
2025-03-18,BlackRock International Dividend ETF,,BIDD,3/18/2025,3/18/2025,3/21/2025,0.011086,,,
2025-06-16,BlackRock International Dividend ETF,,BIDD,6/16/2025,6/16/2025,6/20/2025,0.330180,,,
2025-09-16,BlackRock International Dividend ETF,,BIDD,9/16/2025,9/16/2025,9/19/2025,0.074290,,,
2025-09-16,iShares Infrastructure Active ETF,,BILT,9/16/2025,9/16/2025,9/19/2025,0.065998,,,
2023-07-03,BlackRock Flexible Income ETF,,BINC,7/5/2023,7/3/2023,7/10/2023,0.253143,,,
2023-08-01,BlackRock Flexible Income ETF,,BINC,8/2/2023,8/1/2023,8/7/2023,0.198931,,,
2023-09-01,BlackRock Flexible Income ETF,,BINC,9/5/2023,9/1/2023,9/8/2023,0.170497,,,
2023-10-02,BlackRock Flexible Income ETF,,BINC,10/3/2023,10/2/2023,10/6/2023,0.237952,,,
2023-11-01,BlackRock Flexible Income ETF,,BINC,11/2/2023,11/1/2023,11/7/2023,0.234213,,,
2024-02-01,BlackRock Flexible Income ETF,,BINC,2/2/2024,2/1/2024,2/7/2024,0.072121,,,
2024-03-01,BlackRock Flexible Income ETF,,BINC,3/4/2024,3/1/2024,3/7/2024,0.236607,,,
2024-04-01,BlackRock Flexible Income ETF,,BINC,4/2/2024,4/1/2024,4/5/2024,0.204462,,,
2024-05-01,BlackRock Flexible Income ETF,,BINC,5/2/2024,5/1/2024,5/7/2024,0.237641,,,
2024-06-03,BlackRock Flexible Income ETF,,BINC,6/3/2024,6/3/2024,6/7/2024,0.252627,,,
2024-07-01,BlackRock Flexible Income ETF,,BINC,7/1/2024,7/1/2024,7/5/2024,0.248426,,,
2024-08-01,BlackRock Flexible Income ETF,,BINC,8/1/2024,8/1/2024,8/6/2024,0.262489,,,
2024-09-03,BlackRock Flexible Income ETF,,BINC,9/3/2024,9/3/2024,9/6/2024,0.252371,,,
2024-10-01,BlackRock Flexible Income ETF,,BINC,10/1/2024,10/1/2024,10/4/2024,0.364484,,,
2024-11-01,BlackRock Flexible Income ETF,,BINC,11/1/2024,11/1/2024,11/6/2024,0.239702,,,
2025-02-03,BlackRock Flexible Income ETF,,BINC,2/3/2025,2/3/2025,2/6/2025,0.235200,,,
2025-03-03,BlackRock Flexible Income ETF,,BINC,3/3/2025,3/3/2025,3/6/2025,0.223091,,,
2025-04-01,BlackRock Flexible Income ETF,,BINC,4/1/2025,4/1/2025,4/4/2025,0.236328,,,
2025-05-01,BlackRock Flexible Income ETF,,BINC,5/1/2025,5/1/2025,5/6/2025,0.241101,,,
2025-06-02,BlackRock Flexible Income ETF,,BINC,6/2/2025,6/2/2025,6/5/2025,0.231847,,,
2025-07-01,BlackRock Flexible Income ETF,,BINC,7/1/2025,7/1/2025,7/7/2025,0.237127,,,
2025-08-01,BlackRock Flexible Income ETF,,BINC,8/1/2025,8/1/2025,8/6/2025,0.231142,,,
2025-09-02,BlackRock Flexible Income ETF,,BINC,9/2/2025,9/2/2025,9/5/2025,0.230290,,,
2025-10-01,BlackRock Flexible Income ETF,,BINC,10/1/2025,10/1/2025,10/6/2025,0.217590,,,
2025-11-03,BlackRock Flexible Income ETF,,BINC,11/3/2025,11/3/2025,11/6/2025,0.222174,,,
2022-06-09,iShares MSCI BRIC ETF,,BKF,6/10/2022,6/9/2022,6/15/2022,0.402662,,,
2023-06-07,iShares MSCI BRIC ETF,,BKF,6/8/2023,6/7/2023,6/13/2023,0.322309,,,
2024-06-11,iShares MSCI BRIC ETF,,BKF,6/11/2024,6/11/2024,6/17/2024,0.189187,,,
2025-06-16,iShares MSCI BRIC ETF,,BKF,6/16/2025,6/16/2025,6/20/2025,0.380060,,,
2024-03-21,BlackRock Large Cap Core ETF,,BLCR,3/22/2024,3/21/2024,3/27/2024,0.050236,,,
2024-06-11,BlackRock Large Cap Core ETF,,BLCR,6/11/2024,6/11/2024,6/17/2024,0.056894,,,
2024-09-25,BlackRock Large Cap Core ETF,,BLCR,9/25/2024,9/25/2024,9/30/2024,0.072738,,,
2025-03-18,BlackRock Large Cap Core ETF,,BLCR,3/18/2025,3/18/2025,3/21/2025,0.027140,,,
2025-06-16,BlackRock Large Cap Core ETF,,BLCR,6/16/2025,6/16/2025,6/20/2025,0.031693,,,
2025-09-16,BlackRock Large Cap Core ETF,,BLCR,9/16/2025,9/16/2025,9/19/2025,0.049333,,,
2023-09-26,BlackRock Large Cap Value ETF,,BLCV,9/27/2023,9/26/2023,10/2/2023,0.153995,,,
2024-03-21,BlackRock Large Cap Value ETF,,BLCV,3/22/2024,3/21/2024,3/27/2024,0.116026,,,
2024-06-11,BlackRock Large Cap Value ETF,,BLCV,6/11/2024,6/11/2024,6/17/2024,0.124801,,,
2024-09-25,BlackRock Large Cap Value ETF,,BLCV,9/25/2024,9/25/2024,9/30/2024,0.111700,,,
2025-03-18,BlackRock Large Cap Value ETF,,BLCV,3/18/2025,3/18/2025,3/21/2025,0.124785,,,
2025-06-16,BlackRock Large Cap Value ETF,,BLCV,6/16/2025,6/16/2025,6/20/2025,0.103712,,,
2025-09-16,BlackRock Large Cap Value ETF,,BLCV,9/16/2025,9/16/2025,9/19/2025,0.120885,,,
2023-06-07,BlackRock Future Financial and Technology ETF,,BPAY,6/8/2023,6/7/2023,6/13/2023,0.080843,,,
2024-06-11,BlackRock Future Financial and Technology ETF,,BPAY,6/11/2024,6/11/2024,6/17/2024,0.061289,,,
2025-06-16,BlackRock Future Financial and Technology ETF,,BPAY,6/16/2025,6/16/2025,6/20/2025,0.077198,,,
2024-08-01,iShares High Yield Active ETF,,BRHY,8/1/2024,8/1/2024,8/6/2024,0.389692,,,
2024-09-03,iShares High Yield Active ETF,,BRHY,9/3/2024,9/3/2024,9/6/2024,0.301280,,,
2024-10-01,iShares High Yield Active ETF,,BRHY,10/1/2024,10/1/2024,10/4/2024,0.259459,,,
2024-11-01,iShares High Yield Active ETF,,BRHY,11/1/2024,11/1/2024,11/6/2024,0.301086,,,
2025-02-03,iShares High Yield Active ETF,,BRHY,2/3/2025,2/3/2025,2/6/2025,0.296005,,,
2025-03-03,iShares High Yield Active ETF,,BRHY,3/3/2025,3/3/2025,3/6/2025,0.260096,,,
2025-04-01,iShares High Yield Active ETF,,BRHY,4/1/2025,4/1/2025,4/4/2025,0.272845,,,
2025-05-01,iShares High Yield Active ETF,,BRHY,5/1/2025,5/1/2025,5/6/2025,0.294351,,,
2025-06-02,iShares High Yield Active ETF,,BRHY,6/2/2025,6/2/2025,6/5/2025,0.299220,,,
2025-07-01,iShares High Yield Active ETF,,BRHY,7/1/2025,7/1/2025,7/7/2025,0.403234,,,
2025-08-01,iShares High Yield Active ETF,,BRHY,8/1/2025,8/1/2025,8/6/2025,0.283445,,,
2025-09-02,iShares High Yield Active ETF,,BRHY,9/2/2025,9/2/2025,9/5/2025,0.275912,,,
2025-10-01,iShares High Yield Active ETF,,BRHY,10/1/2025,10/1/2025,10/6/2025,0.244464,,,
2025-11-03,iShares High Yield Active ETF,,BRHY,11/3/2025,11/3/2025,11/6/2025,0.297289,,,
2023-02-01,BlackRock Floating Rate Loan ETF,,BRLN,2/2/2023,2/1/2023,2/7/2023,0.329425,,,
2023-03-01,BlackRock Floating Rate Loan ETF,,BRLN,3/2/2023,3/1/2023,3/7/2023,0.321573,,,
2023-04-03,BlackRock Floating Rate Loan ETF,,BRLN,4/4/2023,4/3/2023,4/7/2023,0.508772,,,
2023-05-01,BlackRock Floating Rate Loan ETF,,BRLN,5/2/2023,5/1/2023,5/5/2023,0.392418,,,
2023-06-01,BlackRock Floating Rate Loan ETF,,BRLN,6/2/2023,6/1/2023,6/7/2023,0.393633,,,
2023-07-03,BlackRock Floating Rate Loan ETF,,BRLN,7/5/2023,7/3/2023,7/10/2023,0.378241,,,
2023-08-01,BlackRock Floating Rate Loan ETF,,BRLN,8/2/2023,8/1/2023,8/7/2023,0.397523,,,
2023-09-01,BlackRock Floating Rate Loan ETF,,BRLN,9/5/2023,9/1/2023,9/8/2023,0.404164,,,
2023-10-02,BlackRock Floating Rate Loan ETF,,BRLN,10/3/2023,10/2/2023,10/6/2023,0.379719,,,
2023-11-01,BlackRock Floating Rate Loan ETF,,BRLN,11/2/2023,11/1/2023,11/7/2023,0.422471,,,
2024-02-01,BlackRock Floating Rate Loan ETF,,BRLN,2/2/2024,2/1/2024,2/7/2024,0.307462,,,
2024-03-01,BlackRock Floating Rate Loan ETF,,BRLN,3/4/2024,3/1/2024,3/7/2024,0.309977,,,
2024-04-01,BlackRock Floating Rate Loan ETF,,BRLN,4/2/2024,4/1/2024,4/5/2024,0.380111,,,
2024-05-01,BlackRock Floating Rate Loan ETF,,BRLN,5/2/2024,5/1/2024,5/7/2024,0.319847,,,
2024-06-03,BlackRock Floating Rate Loan ETF,,BRLN,6/3/2024,6/3/2024,6/7/2024,0.367135,,,
2024-07-01,BlackRock Floating Rate Loan ETF,,BRLN,7/1/2024,7/1/2024,7/5/2024,0.321534,,,
2024-08-01,BlackRock Floating Rate Loan ETF,,BRLN,8/1/2024,8/1/2024,8/6/2024,0.316190,,,
2024-09-03,BlackRock Floating Rate Loan ETF,,BRLN,9/3/2024,9/3/2024,9/6/2024,0.374415,,,
2024-10-01,BlackRock Floating Rate Loan ETF,,BRLN,10/1/2024,10/1/2024,10/4/2024,0.299390,,,
2024-11-01,BlackRock Floating Rate Loan ETF,,BRLN,11/1/2024,11/1/2024,11/6/2024,0.323716,,,
2025-02-03,BlackRock Floating Rate Loan ETF,,BRLN,2/3/2025,2/3/2025,2/6/2025,0.283723,,,
2025-03-03,BlackRock Floating Rate Loan ETF,,BRLN,3/3/2025,3/3/2025,3/6/2025,0.242539,,,
2025-04-01,BlackRock Floating Rate Loan ETF,,BRLN,4/1/2025,4/1/2025,4/4/2025,0.265389,,,
2025-05-01,BlackRock Floating Rate Loan ETF,,BRLN,5/1/2025,5/1/2025,5/6/2025,0.304361,,,
2025-06-02,BlackRock Floating Rate Loan ETF,,BRLN,6/2/2025,6/2/2025,6/5/2025,0.303909,,,
2025-07-01,BlackRock Floating Rate Loan ETF,,BRLN,7/1/2025,7/1/2025,7/7/2025,0.266332,,,
2025-08-01,BlackRock Floating Rate Loan ETF,,BRLN,8/1/2025,8/1/2025,8/6/2025,0.303553,,,
2025-09-02,BlackRock Floating Rate Loan ETF,,BRLN,9/2/2025,9/2/2025,9/5/2025,0.292582,,,
2025-10-01,BlackRock Floating Rate Loan ETF,,BRLN,10/1/2025,10/1/2025,10/6/2025,0.309553,,,
2025-11-03,BlackRock Floating Rate Loan ETF,,BRLN,11/3/2025,11/3/2025,11/6/2025,0.289510,,,
2024-02-01,BlackRock Total Return ETF,,BRTR,2/2/2024,2/1/2024,2/7/2024,0.190321,,,
2024-03-01,BlackRock Total Return ETF,,BRTR,3/4/2024,3/1/2024,3/7/2024,0.200645,,,
2024-04-01,BlackRock Total Return ETF,,BRTR,4/2/2024,4/1/2024,4/5/2024,0.209716,,,
2024-05-01,BlackRock Total Return ETF,,BRTR,5/2/2024,5/1/2024,5/7/2024,0.197399,,,
2024-06-03,BlackRock Total Return ETF,,BRTR,6/3/2024,6/3/2024,6/7/2024,0.214753,,,
2024-07-01,BlackRock Total Return ETF,,BRTR,7/1/2024,7/1/2024,7/5/2024,0.196162,,,
2024-08-01,BlackRock Total Return ETF,,BRTR,8/1/2024,8/1/2024,8/6/2024,0.213353,,,
2024-09-03,BlackRock Total Return ETF,,BRTR,9/3/2024,9/3/2024,9/6/2024,0.203690,,,
2024-10-01,BlackRock Total Return ETF,,BRTR,10/1/2024,10/1/2024,10/4/2024,0.265042,,,
2024-11-01,BlackRock Total Return ETF,,BRTR,11/1/2024,11/1/2024,11/6/2024,0.204651,,,
2025-02-03,BlackRock Total Return ETF,,BRTR,2/3/2025,2/3/2025,2/6/2025,0.200338,,,
2025-03-03,BlackRock Total Return ETF,,BRTR,3/3/2025,3/3/2025,3/6/2025,0.181589,,,
2025-04-01,BlackRock Total Return ETF,,BRTR,4/1/2025,4/1/2025,4/4/2025,0.221951,,,
2025-05-01,BlackRock Total Return ETF,,BRTR,5/1/2025,5/1/2025,5/6/2025,0.206919,,,
2025-06-02,BlackRock Total Return ETF,,BRTR,6/2/2025,6/2/2025,6/5/2025,0.201228,,,
2025-07-01,BlackRock Total Return ETF,,BRTR,7/1/2025,7/1/2025,7/7/2025,0.207591,,,
2025-08-01,BlackRock Total Return ETF,,BRTR,8/1/2025,8/1/2025,8/6/2025,0.200956,,,
2025-09-02,BlackRock Total Return ETF,,BRTR,9/2/2025,9/2/2025,9/5/2025,0.183798,,,
2025-10-01,BlackRock Total Return ETF,,BRTR,10/1/2025,10/1/2025,10/6/2025,0.207823,,,
2025-11-03,BlackRock Total Return ETF,,BRTR,11/3/2025,11/3/2025,11/6/2025,0.208601,,,
2022-03-24,BlackRock Future U.S. Themes ETF,,BTHM,3/25/2022,3/24/2022,3/30/2022,0.037118,,,
2022-06-09,BlackRock Future U.S. Themes ETF,,BTHM,6/10/2022,6/9/2022,6/15/2022,0.031030,,,
2022-09-26,BlackRock Future U.S. Themes ETF,,BTHM,9/27/2022,9/26/2022,9/30/2022,0.054167,,,
2023-03-23,BlackRock Future U.S. Themes ETF,,BTHM,3/24/2023,3/23/2023,3/29/2023,0.043795,,,
2023-06-07,BlackRock Future U.S. Themes ETF,,BTHM,6/8/2023,6/7/2023,6/13/2023,0.023878,,,
2023-09-26,BlackRock Future U.S. Themes ETF,,BTHM,9/27/2023,9/26/2023,10/2/2023,0.034445,,,
2022-02-02,iShares Yield Optimized Bond ETF,,BYLD,2/3/2022,2/2/2022,2/8/2022,0.058904,,,
2022-03-02,iShares Yield Optimized Bond ETF,,BYLD,3/3/2022,3/2/2022,3/8/2022,0.053697,,,
2022-04-04,iShares Yield Optimized Bond ETF,,BYLD,4/5/2022,4/4/2022,4/8/2022,0.058193,,,
2022-05-03,iShares Yield Optimized Bond ETF,,BYLD,5/4/2022,5/3/2022,5/9/2022,0.057176,,,
2022-06-02,iShares Yield Optimized Bond ETF,,BYLD,6/3/2022,6/2/2022,6/8/2022,0.056279,,,
2022-07-05,iShares Yield Optimized Bond ETF,,BYLD,7/6/2022,7/5/2022,7/11/2022,0.060045,,,
2022-08-02,iShares Yield Optimized Bond ETF,,BYLD,8/3/2022,8/2/2022,8/8/2022,0.057834,,,
2022-09-02,iShares Yield Optimized Bond ETF,,BYLD,9/6/2022,9/2/2022,9/9/2022,0.061156,,,
2022-10-04,iShares Yield Optimized Bond ETF,,BYLD,10/5/2022,10/4/2022,10/11/2022,0.066124,,,
2022-11-02,iShares Yield Optimized Bond ETF,,BYLD,11/3/2022,11/2/2022,11/8/2022,0.064156,,,
2023-02-02,iShares Yield Optimized Bond ETF,,BYLD,2/3/2023,2/2/2023,2/8/2023,0.069390,,,
2023-03-02,iShares Yield Optimized Bond ETF,,BYLD,3/3/2023,3/2/2023,3/8/2023,0.081177,,,
2023-04-04,iShares Yield Optimized Bond ETF,,BYLD,4/5/2023,4/4/2023,4/10/2023,0.080287,,,
2023-05-02,iShares Yield Optimized Bond ETF,,BYLD,5/3/2023,5/2/2023,5/8/2023,0.074737,,,
2023-06-02,iShares Yield Optimized Bond ETF,,BYLD,6/5/2023,6/2/2023,6/8/2023,0.081686,,,
2023-07-05,iShares Yield Optimized Bond ETF,,BYLD,7/6/2023,7/5/2023,7/11/2023,0.083208,,,
2023-08-02,iShares Yield Optimized Bond ETF,,BYLD,8/3/2023,8/2/2023,8/8/2023,0.083828,,,
2023-09-05,iShares Yield Optimized Bond ETF,,BYLD,9/6/2023,9/5/2023,9/11/2023,0.090236,,,
2023-10-03,iShares Yield Optimized Bond ETF,,BYLD,10/4/2023,10/3/2023,10/10/2023,0.089630,,,
2023-11-02,iShares Yield Optimized Bond ETF,,BYLD,11/3/2023,11/2/2023,11/8/2023,0.082643,,,
2024-02-02,iShares Yield Optimized Bond ETF,,BYLD,2/5/2024,2/2/2024,2/8/2024,0.085924,,,
2024-03-04,iShares Yield Optimized Bond ETF,,BYLD,3/5/2024,3/4/2024,3/8/2024,0.088715,,,
2024-04-02,iShares Yield Optimized Bond ETF,,BYLD,4/3/2024,4/2/2024,4/8/2024,0.092105,,,
2024-05-02,iShares Yield Optimized Bond ETF,,BYLD,5/3/2024,5/2/2024,5/8/2024,0.091216,,,
2024-06-04,iShares Yield Optimized Bond ETF,,BYLD,6/4/2024,6/4/2024,6/10/2024,0.104754,,,
2024-07-02,iShares Yield Optimized Bond ETF,,BYLD,7/2/2024,7/2/2024,7/8/2024,0.103808,,,
2024-08-02,iShares Yield Optimized Bond ETF,,BYLD,8/2/2024,8/2/2024,8/7/2024,0.100204,,,
2024-09-04,iShares Yield Optimized Bond ETF,,BYLD,9/4/2024,9/4/2024,9/9/2024,0.103101,,,
2024-10-02,iShares Yield Optimized Bond ETF,,BYLD,10/2/2024,10/2/2024,10/7/2024,0.100026,,,
2024-11-04,iShares Yield Optimized Bond ETF,,BYLD,11/4/2024,11/4/2024,11/7/2024,0.103612,,,
2025-02-04,iShares Yield Optimized Bond ETF,,BYLD,2/4/2025,2/4/2025,2/7/2025,0.106722,,,
2025-03-04,iShares Yield Optimized Bond ETF,,BYLD,3/4/2025,3/4/2025,3/7/2025,0.097967,,,
2025-04-02,iShares Yield Optimized Bond ETF,,BYLD,4/2/2025,4/2/2025,4/7/2025,0.099957,,,
2025-05-02,iShares Yield Optimized Bond ETF,,BYLD,5/2/2025,5/2/2025,5/7/2025,0.100359,,,
2025-06-03,iShares Yield Optimized Bond ETF,,BYLD,6/3/2025,6/3/2025,6/6/2025,0.100762,,,
2025-07-02,iShares Yield Optimized Bond ETF,,BYLD,7/2/2025,7/2/2025,7/8/2025,0.099321,,,
2025-08-04,iShares Yield Optimized Bond ETF,,BYLD,8/4/2025,8/4/2025,8/7/2025,0.101361,,,
2025-09-03,iShares Yield Optimized Bond ETF,,BYLD,9/3/2025,9/3/2025,9/8/2025,0.101607,,,
2025-10-02,iShares Yield Optimized Bond ETF,,BYLD,10/2/2025,10/2/2025,10/7/2025,0.100079,,,
2025-11-04,iShares Yield Optimized Bond ETF,,BYLD,11/4/2025,11/4/2025,11/7/2025,0.101541,,,
2024-02-01,iShares Short-Term California Muni Active ETF,,CALI,2/2/2024,2/1/2024,2/7/2024,0.000003,,,
2024-03-01,iShares Short-Term California Muni Active ETF,,CALI,3/4/2024,3/1/2024,3/7/2024,0.000002,,,
2024-04-01,iShares Short-Term California Muni Active ETF,,CALI,4/2/2024,4/1/2024,4/5/2024,0.000003,,,
2024-05-01,iShares Short-Term California Muni Active ETF,,CALI,5/2/2024,5/1/2024,5/7/2024,0.000002,,,
2024-06-03,iShares Short-Term California Muni Active ETF,,CALI,6/3/2024,6/3/2024,6/7/2024,0.000003,,,
2024-07-01,iShares Short-Term California Muni Active ETF,,CALI,7/1/2024,7/1/2024,7/5/2024,0.000003,,,
2024-08-01,iShares Short-Term California Muni Active ETF,,CALI,8/1/2024,8/1/2024,8/6/2024,0.000016,,,
2024-09-03,iShares Short-Term California Muni Active ETF,,CALI,9/3/2024,9/3/2024,9/6/2024,0.000016,,,
2024-10-01,iShares Short-Term California Muni Active ETF,,CALI,10/1/2024,10/1/2024,10/4/2024,0.000018,,,
2024-11-01,iShares Short-Term California Muni Active ETF,,CALI,11/1/2024,11/1/2024,11/6/2024,0.000016,,,
2025-02-03,iShares Short-Term California Muni Active ETF,,CALI,2/3/2025,2/3/2025,2/6/2025,0.000061,,,
2025-03-03,iShares Short-Term California Muni Active ETF,,CALI,3/3/2025,3/3/2025,3/6/2025,0.000063,,,
2025-04-01,iShares Short-Term California Muni Active ETF,,CALI,4/1/2025,4/1/2025,4/4/2025,0.000070,,,
2025-05-01,iShares Short-Term California Muni Active ETF,,CALI,5/1/2025,5/1/2025,5/6/2025,0.000070,,,
2025-06-02,iShares Short-Term California Muni Active ETF,,CALI,6/2/2025,6/2/2025,6/5/2025,0.000062,,,
2025-07-01,iShares Short-Term California Muni Active ETF,,CALI,7/1/2025,7/1/2025,7/7/2025,0.000058,,,
2025-08-01,iShares Short-Term California Muni Active ETF,,CALI,8/1/2025,8/1/2025,8/6/2025,0.000118,,,
2025-09-02,iShares Short-Term California Muni Active ETF,,CALI,9/2/2025,9/2/2025,9/5/2025,0.000117,,,
2025-10-01,iShares Short-Term California Muni Active ETF,,CALI,10/1/2025,10/1/2025,10/6/2025,0.000127,,,
2025-11-03,iShares Short-Term California Muni Active ETF,,CALI,11/3/2025,11/3/2025,11/6/2025,0.000127,,,
2023-09-01,BlackRock Short-Term California Muni Bond ETF,,CALY,9/5/2023,9/1/2023,9/8/2023,0.000017,,,
2023-10-02,BlackRock Short-Term California Muni Bond ETF,,CALY,10/3/2023,10/2/2023,10/6/2023,0.000015,,,
2023-11-01,BlackRock Short-Term California Muni Bond ETF,,CALY,11/2/2023,11/1/2023,11/7/2023,0.000014,,,
2022-02-01,iShares J.P. Morgan EM Corporate Bond ETF,,CEMB,2/2/2022,2/1/2022,2/7/2022,0.148043,,,
2022-03-01,iShares J.P. Morgan EM Corporate Bond ETF,,CEMB,3/2/2022,3/1/2022,3/7/2022,0.138377,,,
2022-04-01,iShares J.P. Morgan EM Corporate Bond ETF,,CEMB,4/4/2022,4/1/2022,4/7/2022,0.151489,,,
2022-05-02,iShares J.P. Morgan EM Corporate Bond ETF,,CEMB,5/3/2022,5/2/2022,5/6/2022,0.162573,,,
2022-06-01,iShares J.P. Morgan EM Corporate Bond ETF,,CEMB,6/2/2022,6/1/2022,6/7/2022,0.137368,,,
2022-07-01,iShares J.P. Morgan EM Corporate Bond ETF,,CEMB,7/5/2022,7/1/2022,7/8/2022,0.137457,,,
2022-08-01,iShares J.P. Morgan EM Corporate Bond ETF,,CEMB,8/2/2022,8/1/2022,8/5/2022,0.123911,,,
2022-09-01,iShares J.P. Morgan EM Corporate Bond ETF,,CEMB,9/2/2022,9/1/2022,9/8/2022,0.163084,,,
2022-10-03,iShares J.P. Morgan EM Corporate Bond ETF,,CEMB,10/4/2022,10/3/2022,10/7/2022,0.150835,,,
2022-11-01,iShares J.P. Morgan EM Corporate Bond ETF,,CEMB,11/2/2022,11/1/2022,11/7/2022,0.148427,,,
2023-02-01,iShares J.P. Morgan EM Corporate Bond ETF,,CEMB,2/2/2023,2/1/2023,2/7/2023,0.151118,,,
2023-03-01,iShares J.P. Morgan EM Corporate Bond ETF,,CEMB,3/2/2023,3/1/2023,3/7/2023,0.153946,,,
2023-04-03,iShares J.P. Morgan EM Corporate Bond ETF,,CEMB,4/4/2023,4/3/2023,4/7/2023,0.159947,,,
2023-05-01,iShares J.P. Morgan EM Corporate Bond ETF,,CEMB,5/2/2023,5/1/2023,5/5/2023,0.165433,,,
2023-06-01,iShares J.P. Morgan EM Corporate Bond ETF,,CEMB,6/2/2023,6/1/2023,6/7/2023,0.157955,,,
2023-07-03,iShares J.P. Morgan EM Corporate Bond ETF,,CEMB,7/5/2023,7/3/2023,7/10/2023,0.183989,,,
2023-08-01,iShares J.P. Morgan EM Corporate Bond ETF,,CEMB,8/2/2023,8/1/2023,8/7/2023,0.185820,,,
2023-09-01,iShares J.P. Morgan EM Corporate Bond ETF,,CEMB,9/5/2023,9/1/2023,9/8/2023,0.184454,,,
2023-10-02,iShares J.P. Morgan EM Corporate Bond ETF,,CEMB,10/3/2023,10/2/2023,10/6/2023,0.178272,,,
2023-11-01,iShares J.P. Morgan EM Corporate Bond ETF,,CEMB,11/2/2023,11/1/2023,11/7/2023,0.182737,,,
2024-02-01,iShares J.P. Morgan EM Corporate Bond ETF,,CEMB,2/2/2024,2/1/2024,2/7/2024,0.175170,,,
2024-03-01,iShares J.P. Morgan EM Corporate Bond ETF,,CEMB,3/4/2024,3/1/2024,3/7/2024,0.182203,,,
2024-04-01,iShares J.P. Morgan EM Corporate Bond ETF,,CEMB,4/2/2024,4/1/2024,4/5/2024,0.186108,,,
2024-05-01,iShares J.P. Morgan EM Corporate Bond ETF,,CEMB,5/2/2024,5/1/2024,5/7/2024,0.181197,,,
2024-06-03,iShares J.P. Morgan EM Corporate Bond ETF,,CEMB,6/3/2024,6/3/2024,6/7/2024,0.193454,,,
2024-07-01,iShares J.P. Morgan EM Corporate Bond ETF,,CEMB,7/1/2024,7/1/2024,7/5/2024,0.192791,,,
2024-08-01,iShares J.P. Morgan EM Corporate Bond ETF,,CEMB,8/1/2024,8/1/2024,8/6/2024,0.188772,,,
2024-09-03,iShares J.P. Morgan EM Corporate Bond ETF,,CEMB,9/3/2024,9/3/2024,9/6/2024,0.195657,,,
2024-10-01,iShares J.P. Morgan EM Corporate Bond ETF,,CEMB,10/1/2024,10/1/2024,10/4/2024,0.186787,,,
2024-11-01,iShares J.P. Morgan EM Corporate Bond ETF,,CEMB,11/1/2024,11/1/2024,11/6/2024,0.193192,,,
2025-02-03,iShares J.P. Morgan EM Corporate Bond ETF,,CEMB,2/3/2025,2/3/2025,2/6/2025,0.202067,,,
2025-03-03,iShares J.P. Morgan EM Corporate Bond ETF,,CEMB,3/3/2025,3/3/2025,3/6/2025,0.196212,,,
2025-04-01,iShares J.P. Morgan EM Corporate Bond ETF,,CEMB,4/1/2025,4/1/2025,4/4/2025,0.195369,,,
2025-05-01,iShares J.P. Morgan EM Corporate Bond ETF,,CEMB,5/1/2025,5/1/2025,5/6/2025,0.198650,,,
2025-06-02,iShares J.P. Morgan EM Corporate Bond ETF,,CEMB,6/2/2025,6/2/2025,6/5/2025,0.194885,,,
2025-07-01,iShares J.P. Morgan EM Corporate Bond ETF,,CEMB,7/1/2025,7/1/2025,7/7/2025,0.190623,,,
2025-08-01,iShares J.P. Morgan EM Corporate Bond ETF,,CEMB,8/1/2025,8/1/2025,8/6/2025,0.192505,,,
2025-09-02,iShares J.P. Morgan EM Corporate Bond ETF,,CEMB,9/2/2025,9/2/2025,9/5/2025,0.196833,,,
2025-10-01,iShares J.P. Morgan EM Corporate Bond ETF,,CEMB,10/1/2025,10/1/2025,10/6/2025,0.193102,,,
2025-11-03,iShares J.P. Morgan EM Corporate Bond ETF,,CEMB,11/3/2025,11/3/2025,11/6/2025,0.201467,,,
2023-03-01,iShares AAA CLO Active ETF,,CLOA,3/2/2023,3/1/2023,3/7/2023,0.348350,,,
2023-04-03,iShares AAA CLO Active ETF,,CLOA,4/4/2023,4/3/2023,4/7/2023,0.254979,,,
2023-05-01,iShares AAA CLO Active ETF,,CLOA,5/2/2023,5/1/2023,5/5/2023,0.255021,,,
2023-06-01,iShares AAA CLO Active ETF,,CLOA,6/2/2023,6/1/2023,6/7/2023,0.275618,,,
2023-07-03,iShares AAA CLO Active ETF,,CLOA,7/5/2023,7/3/2023,7/10/2023,0.249300,,,
2023-08-01,iShares AAA CLO Active ETF,,CLOA,8/2/2023,8/1/2023,8/7/2023,0.253463,,,
2023-09-01,iShares AAA CLO Active ETF,,CLOA,9/5/2023,9/1/2023,9/8/2023,0.290633,,,
2023-10-02,iShares AAA CLO Active ETF,,CLOA,10/3/2023,10/2/2023,10/6/2023,0.252342,,,
2023-11-01,iShares AAA CLO Active ETF,,CLOA,11/2/2023,11/1/2023,11/7/2023,0.259766,,,
2024-02-01,iShares AAA CLO Active ETF,,CLOA,2/2/2024,2/1/2024,2/7/2024,0.237883,,,
2024-03-01,iShares AAA CLO Active ETF,,CLOA,3/4/2024,3/1/2024,3/7/2024,0.242904,,,
2024-04-01,iShares AAA CLO Active ETF,,CLOA,4/2/2024,4/1/2024,4/5/2024,0.283282,,,
2024-05-01,iShares AAA CLO Active ETF,,CLOA,5/2/2024,5/1/2024,5/7/2024,0.230883,,,
2024-06-03,iShares AAA CLO Active ETF,,CLOA,6/3/2024,6/3/2024,6/7/2024,0.272262,,,
2024-07-01,iShares AAA CLO Active ETF,,CLOA,7/1/2024,7/1/2024,7/5/2024,0.260392,,,
2024-08-01,iShares AAA CLO Active ETF,,CLOA,8/1/2024,8/1/2024,8/6/2024,0.254432,,,
2024-09-03,iShares AAA CLO Active ETF,,CLOA,9/3/2024,9/3/2024,9/6/2024,0.283159,,,
2024-10-01,iShares AAA CLO Active ETF,,CLOA,10/1/2024,10/1/2024,10/4/2024,0.271976,,,
2024-11-01,iShares AAA CLO Active ETF,,CLOA,11/1/2024,11/1/2024,11/6/2024,0.268211,,,
2025-02-03,iShares AAA CLO Active ETF,,CLOA,2/3/2025,2/3/2025,2/6/2025,0.243793,,,
2025-03-03,iShares AAA CLO Active ETF,,CLOA,3/3/2025,3/3/2025,3/6/2025,0.219509,,,
2025-04-01,iShares AAA CLO Active ETF,,CLOA,4/1/2025,4/1/2025,4/4/2025,0.246167,,,
2025-05-01,iShares AAA CLO Active ETF,,CLOA,5/1/2025,5/1/2025,5/6/2025,0.235043,,,
2025-06-02,iShares AAA CLO Active ETF,,CLOA,6/2/2025,6/2/2025,6/5/2025,0.241927,,,
2025-07-01,iShares AAA CLO Active ETF,,CLOA,7/1/2025,7/1/2025,7/7/2025,0.224497,,,
2025-08-01,iShares AAA CLO Active ETF,,CLOA,8/1/2025,8/1/2025,8/6/2025,0.231461,,,
2025-09-02,iShares AAA CLO Active ETF,,CLOA,9/2/2025,9/2/2025,9/5/2025,0.230037,,,
2025-10-01,iShares AAA CLO Active ETF,,CLOA,10/1/2025,10/1/2025,10/6/2025,0.220174,,,
2025-11-03,iShares AAA CLO Active ETF,,CLOA,11/3/2025,11/3/2025,11/6/2025,0.235220,,,
2022-02-01,iShares CMBS ETF,,CMBS,2/2/2022,2/1/2022,2/7/2022,0.095264,,,
2022-03-01,iShares CMBS ETF,,CMBS,3/2/2022,3/1/2022,3/7/2022,0.098094,,,
2022-04-01,iShares CMBS ETF,,CMBS,4/4/2022,4/1/2022,4/7/2022,0.098177,,,
2022-05-02,iShares CMBS ETF,,CMBS,5/3/2022,5/2/2022,5/6/2022,0.105111,,,
2022-06-01,iShares CMBS ETF,,CMBS,6/2/2022,6/1/2022,6/7/2022,0.095642,,,
2022-07-01,iShares CMBS ETF,,CMBS,7/5/2022,7/1/2022,7/8/2022,0.098640,,,
2022-08-01,iShares CMBS ETF,,CMBS,8/2/2022,8/1/2022,8/5/2022,0.103751,,,
2022-09-01,iShares CMBS ETF,,CMBS,9/2/2022,9/1/2022,9/8/2022,0.099418,,,
2022-10-03,iShares CMBS ETF,,CMBS,10/4/2022,10/3/2022,10/7/2022,0.100504,,,
2022-11-01,iShares CMBS ETF,,CMBS,11/2/2022,11/1/2022,11/7/2022,0.106154,,,
2023-02-01,iShares CMBS ETF,,CMBS,2/2/2023,2/1/2023,2/7/2023,0.102435,,,
2023-03-01,iShares CMBS ETF,,CMBS,3/2/2023,3/1/2023,3/7/2023,0.108998,,,
2023-04-03,iShares CMBS ETF,,CMBS,4/4/2023,4/3/2023,4/7/2023,0.109961,,,
2023-05-01,iShares CMBS ETF,,CMBS,5/2/2023,5/1/2023,5/5/2023,0.119543,,,
2023-06-01,iShares CMBS ETF,,CMBS,6/2/2023,6/1/2023,6/7/2023,0.117407,,,
2023-07-03,iShares CMBS ETF,,CMBS,7/5/2023,7/3/2023,7/10/2023,0.120776,,,
2023-08-01,iShares CMBS ETF,,CMBS,8/2/2023,8/1/2023,8/7/2023,0.111167,,,
2023-09-01,iShares CMBS ETF,,CMBS,9/5/2023,9/1/2023,9/8/2023,0.110078,,,
2023-10-02,iShares CMBS ETF,,CMBS,10/3/2023,10/2/2023,10/6/2023,0.120833,,,
2023-11-01,iShares CMBS ETF,,CMBS,11/2/2023,11/1/2023,11/7/2023,0.126081,,,
2024-02-01,iShares CMBS ETF,,CMBS,2/2/2024,2/1/2024,2/7/2024,0.115781,,,
2024-03-01,iShares CMBS ETF,,CMBS,3/4/2024,3/1/2024,3/7/2024,0.126980,,,
2024-04-01,iShares CMBS ETF,,CMBS,4/2/2024,4/1/2024,4/5/2024,0.125634,,,
2024-05-01,iShares CMBS ETF,,CMBS,5/2/2024,5/1/2024,5/7/2024,0.133074,,,
2024-06-03,iShares CMBS ETF,,CMBS,6/3/2024,6/3/2024,6/7/2024,0.117454,,,
2024-07-01,iShares CMBS ETF,,CMBS,7/1/2024,7/1/2024,7/5/2024,0.132353,,,
2024-08-01,iShares CMBS ETF,,CMBS,8/1/2024,8/1/2024,8/6/2024,0.129005,,,
2024-09-03,iShares CMBS ETF,,CMBS,9/3/2024,9/3/2024,9/6/2024,0.132102,,,
2024-10-01,iShares CMBS ETF,,CMBS,10/1/2024,10/1/2024,10/4/2024,0.135548,,,
2024-11-01,iShares CMBS ETF,,CMBS,11/1/2024,11/1/2024,11/6/2024,0.136347,,,
2025-02-03,iShares CMBS ETF,,CMBS,2/3/2025,2/3/2025,2/6/2025,0.130155,,,
2025-03-03,iShares CMBS ETF,,CMBS,3/3/2025,3/3/2025,3/6/2025,0.139323,,,
2025-04-01,iShares CMBS ETF,,CMBS,4/1/2025,4/1/2025,4/4/2025,0.141678,,,
2025-05-01,iShares CMBS ETF,,CMBS,5/1/2025,5/1/2025,5/6/2025,0.141134,,,
2025-06-02,iShares CMBS ETF,,CMBS,6/2/2025,6/2/2025,6/5/2025,0.139597,,,
2025-07-01,iShares CMBS ETF,,CMBS,7/1/2025,7/1/2025,7/7/2025,0.139364,,,
2025-08-01,iShares CMBS ETF,,CMBS,8/1/2025,8/1/2025,8/6/2025,0.144888,,,
2025-09-02,iShares CMBS ETF,,CMBS,9/2/2025,9/2/2025,9/5/2025,0.140010,,,
2025-10-01,iShares CMBS ETF,,CMBS,10/1/2025,10/1/2025,10/6/2025,0.135419,,,
2025-11-03,iShares CMBS ETF,,CMBS,11/3/2025,11/3/2025,11/6/2025,0.146894,,,
2022-02-01,iShares California Muni Bond ETF,,CMF,2/2/2022,2/1/2022,2/7/2022,0.000398,,,
2022-03-01,iShares California Muni Bond ETF,,CMF,3/2/2022,3/1/2022,3/7/2022,0.000253,,,
2022-04-01,iShares California Muni Bond ETF,,CMF,4/4/2022,4/1/2022,4/7/2022,0.000261,,,
2022-05-02,iShares California Muni Bond ETF,,CMF,5/3/2022,5/2/2022,5/6/2022,0.000254,,,
2022-06-01,iShares California Muni Bond ETF,,CMF,6/2/2022,6/1/2022,6/7/2022,0.000240,,,
2022-07-01,iShares California Muni Bond ETF,,CMF,7/5/2022,7/1/2022,7/8/2022,0.000270,,,
2022-08-01,iShares California Muni Bond ETF,,CMF,8/2/2022,8/1/2022,8/5/2022,0.000256,,,
2022-09-01,iShares California Muni Bond ETF,,CMF,9/2/2022,9/1/2022,9/8/2022,0.000264,,,
2022-10-03,iShares California Muni Bond ETF,,CMF,10/4/2022,10/3/2022,10/7/2022,0.000293,,,
2022-11-01,iShares California Muni Bond ETF,,CMF,11/2/2022,11/1/2022,11/7/2022,0.000290,,,
2023-02-01,iShares California Muni Bond ETF,,CMF,2/2/2023,2/1/2023,2/7/2023,0.001910,,,
2023-03-01,iShares California Muni Bond ETF,,CMF,3/2/2023,3/1/2023,3/7/2023,0.000951,,,
2023-04-03,iShares California Muni Bond ETF,,CMF,4/4/2023,4/3/2023,4/7/2023,0.000799,,,
2023-05-01,iShares California Muni Bond ETF,,CMF,5/2/2023,5/1/2023,5/5/2023,0.000902,,,
2023-06-01,iShares California Muni Bond ETF,,CMF,6/2/2023,6/1/2023,6/7/2023,0.000913,,,
2023-07-03,iShares California Muni Bond ETF,,CMF,7/5/2023,7/3/2023,7/10/2023,0.000913,,,
2023-08-01,iShares California Muni Bond ETF,,CMF,8/2/2023,8/1/2023,8/7/2023,0.000910,,,
2023-09-01,iShares California Muni Bond ETF,,CMF,9/5/2023,9/1/2023,9/8/2023,0.000935,,,
2023-10-02,iShares California Muni Bond ETF,,CMF,10/3/2023,10/2/2023,10/6/2023,0.000976,,,
2023-11-01,iShares California Muni Bond ETF,,CMF,11/2/2023,11/1/2023,11/7/2023,0.000904,,,
2024-02-01,iShares California Muni Bond ETF,,CMF,2/2/2024,2/1/2024,2/7/2024,0.001753,,,
2024-03-01,iShares California Muni Bond ETF,,CMF,3/4/2024,3/1/2024,3/7/2024,0.000889,,,
2024-04-01,iShares California Muni Bond ETF,,CMF,4/2/2024,4/1/2024,4/5/2024,0.000861,,,
2024-05-01,iShares California Muni Bond ETF,,CMF,5/2/2024,5/1/2024,5/7/2024,0.000892,,,
2024-06-03,iShares California Muni Bond ETF,,CMF,6/3/2024,6/3/2024,6/7/2024,0.000904,,,
2024-07-01,iShares California Muni Bond ETF,,CMF,7/1/2024,7/1/2024,7/5/2024,0.000871,,,
2024-08-01,iShares California Muni Bond ETF,,CMF,8/1/2024,8/1/2024,8/6/2024,0.000866,,,
2024-09-03,iShares California Muni Bond ETF,,CMF,9/3/2024,9/3/2024,9/6/2024,0.000883,,,
2024-10-01,iShares California Muni Bond ETF,,CMF,10/1/2024,10/1/2024,10/4/2024,0.000924,,,
2024-11-01,iShares California Muni Bond ETF,,CMF,11/1/2024,11/1/2024,11/6/2024,0.000943,,,
2025-02-03,iShares California Muni Bond ETF,,CMF,2/3/2025,2/3/2025,2/6/2025,0.001375,,,
2025-03-03,iShares California Muni Bond ETF,,CMF,3/3/2025,3/3/2025,3/6/2025,0.000678,,,
2025-04-01,iShares California Muni Bond ETF,,CMF,4/1/2025,4/1/2025,4/4/2025,0.000683,,,
2025-05-01,iShares California Muni Bond ETF,,CMF,5/1/2025,5/1/2025,5/6/2025,0.000666,,,
2025-06-02,iShares California Muni Bond ETF,,CMF,6/2/2025,6/2/2025,6/5/2025,0.000653,,,
2025-07-01,iShares California Muni Bond ETF,,CMF,7/1/2025,7/1/2025,7/7/2025,0.000671,,,
2025-08-01,iShares California Muni Bond ETF,,CMF,8/1/2025,8/1/2025,8/6/2025,0.000681,,,
2025-09-02,iShares California Muni Bond ETF,,CMF,9/2/2025,9/2/2025,9/5/2025,0.000679,,,
2025-10-01,iShares California Muni Bond ETF,,CMF,10/1/2025,10/1/2025,10/6/2025,0.000683,,,
2025-11-03,iShares California Muni Bond ETF,,CMF,11/3/2025,11/3/2025,11/6/2025,0.000655,,,
2022-06-09,iShares MSCI China A ETF,,CNYA,6/10/2022,6/9/2022,6/15/2022,0.074069,,,
2023-06-07,iShares MSCI China A ETF,,CNYA,6/8/2023,6/7/2023,6/13/2023,0.066697,,,
2024-06-11,iShares MSCI China A ETF,,CNYA,6/11/2024,6/11/2024,6/17/2024,0.085099,,,
2025-06-16,iShares MSCI China A ETF,,CNYA,6/16/2025,6/16/2025,6/20/2025,0.128377,,,
2025-07-02,iShares International Country Rotation Active ETF,,CORO,7/2/2025,7/2/2025,7/8/2025,0.294920,,,
2022-06-09,iShares MSCI ACWI Low Carbon Target ETF,,CRBN,6/10/2022,6/9/2022,6/15/2022,1.468301,,,
2023-06-07,iShares MSCI ACWI Low Carbon Target ETF,,CRBN,6/8/2023,6/7/2023,6/13/2023,1.496705,,,
2024-06-11,iShares MSCI ACWI Low Carbon Target ETF,,CRBN,6/11/2024,6/11/2024,6/17/2024,1.493111,,,
2025-06-16,iShares MSCI ACWI Low Carbon Target ETF,,CRBN,6/16/2025,6/16/2025,6/20/2025,1.706272,,,
2024-09-03,iShares Enhanced Short-Term Bond Active ETF,,CSHP,9/3/2024,9/3/2024,9/6/2024,0.599578,,,
2024-10-01,iShares Enhanced Short-Term Bond Active ETF,,CSHP,10/1/2024,10/1/2024,10/4/2024,0.392033,,,
2024-11-01,iShares Enhanced Short-Term Bond Active ETF,,CSHP,11/1/2024,11/1/2024,11/6/2024,0.247234,,,
2025-02-03,iShares Enhanced Short-Term Bond Active ETF,,CSHP,2/3/2025,2/3/2025,2/6/2025,0.334038,,,
2025-03-03,iShares Enhanced Short-Term Bond Active ETF,,CSHP,3/3/2025,3/3/2025,3/6/2025,0.307003,,,
2025-04-01,iShares Enhanced Short-Term Bond Active ETF,,CSHP,4/1/2025,4/1/2025,4/4/2025,0.336666,,,
2025-05-01,iShares Enhanced Short-Term Bond Active ETF,,CSHP,5/1/2025,5/1/2025,5/6/2025,0.340969,,,
2025-06-02,iShares Enhanced Short-Term Bond Active ETF,,CSHP,6/2/2025,6/2/2025,6/5/2025,1.340225,,,
2025-07-01,iShares Enhanced Short-Term Bond Active ETF,,CSHP,7/1/2025,7/1/2025,7/7/2025,0.390595,,,
2025-08-01,iShares Enhanced Short-Term Bond Active ETF,,CSHP,8/1/2025,8/1/2025,8/6/2025,0.108559,,,
2025-09-02,iShares Enhanced Short-Term Bond Active ETF,,CSHP,9/2/2025,9/2/2025,9/5/2025,0.361319,,,
2025-10-01,iShares Enhanced Short-Term Bond Active ETF,,CSHP,10/1/2025,10/1/2025,10/6/2025,0.317404,,,
2025-11-03,iShares Enhanced Short-Term Bond Active ETF,,CSHP,11/3/2025,11/3/2025,11/6/2025,0.396617,,,
2022-03-24,iShares Core Dividend Growth ETF,,DGRO,3/25/2022,3/24/2022,3/30/2022,0.261991,,,
2022-06-09,iShares Core Dividend Growth ETF,,DGRO,6/10/2022,6/9/2022,6/15/2022,0.234683,,,
2022-09-26,iShares Core Dividend Growth ETF,,DGRO,9/27/2022,9/26/2022,9/30/2022,0.342276,,,
2023-03-23,iShares Core Dividend Growth ETF,,DGRO,3/24/2023,3/23/2023,3/29/2023,0.297986,,,
2023-06-07,iShares Core Dividend Growth ETF,,DGRO,6/8/2023,6/7/2023,6/13/2023,0.259704,,,
2023-09-26,iShares Core Dividend Growth ETF,,DGRO,9/27/2023,9/26/2023,10/2/2023,0.388206,,,
2024-03-21,iShares Core Dividend Growth ETF,,DGRO,3/22/2024,3/21/2024,3/27/2024,0.310737,,,
2024-06-11,iShares Core Dividend Growth ETF,,DGRO,6/11/2024,6/11/2024,6/17/2024,0.293226,,,
2024-09-25,iShares Core Dividend Growth ETF,,DGRO,9/25/2024,9/25/2024,9/30/2024,0.403081,,,
2025-03-18,iShares Core Dividend Growth ETF,,DGRO,3/18/2025,3/18/2025,3/21/2025,0.310928,,,
2025-06-16,iShares Core Dividend Growth ETF,,DGRO,6/16/2025,6/16/2025,6/20/2025,0.323707,,,
2025-09-16,iShares Core Dividend Growth ETF,,DGRO,9/16/2025,9/16/2025,9/19/2025,0.368971,,,
2022-03-24,iShares U.S. Dividend and Buyback ETF,,DIVB,3/25/2022,3/24/2022,3/30/2022,0.162379,,,
2022-06-09,iShares U.S. Dividend and Buyback ETF,,DIVB,6/10/2022,6/9/2022,6/15/2022,0.156661,,,
2022-09-26,iShares U.S. Dividend and Buyback ETF,,DIVB,9/27/2022,9/26/2022,9/30/2022,0.220579,,,
2023-03-23,iShares U.S. Dividend and Buyback ETF,,DIVB,3/24/2023,3/23/2023,3/29/2023,0.312343,,,
2023-06-07,iShares U.S. Dividend and Buyback ETF,,DIVB,6/8/2023,6/7/2023,6/13/2023,0.259687,,,
2023-09-26,iShares U.S. Dividend and Buyback ETF,,DIVB,9/27/2023,9/26/2023,10/2/2023,0.387110,,,
2024-03-21,iShares U.S. Dividend and Buyback ETF,,DIVB,3/22/2024,3/21/2024,3/27/2024,0.247866,,,
2024-06-11,iShares U.S. Dividend and Buyback ETF,,DIVB,6/11/2024,6/11/2024,6/17/2024,0.275928,,,
2024-09-25,iShares U.S. Dividend and Buyback ETF,,DIVB,9/25/2024,9/25/2024,9/30/2024,0.362154,,,
2025-03-18,iShares U.S. Dividend and Buyback ETF,,DIVB,3/18/2025,3/18/2025,3/21/2025,0.310390,,,
2025-06-16,iShares U.S. Dividend and Buyback ETF,,DIVB,6/16/2025,6/16/2025,6/20/2025,0.292815,,,
2025-09-16,iShares U.S. Dividend and Buyback ETF,,DIVB,9/16/2025,9/16/2025,9/19/2025,0.336065,,,
2022-06-09,iShares ESG Advanced MSCI EAFE ETF,,DMXF,6/10/2022,6/9/2022,6/15/2022,1.083233,,,
2023-06-07,iShares ESG Advanced MSCI EAFE ETF,,DMXF,6/8/2023,6/7/2023,6/13/2023,0.964868,,,
2024-06-11,iShares ESG Advanced MSCI EAFE ETF,,DMXF,6/11/2024,6/11/2024,6/17/2024,1.068477,,,
2025-06-16,iShares ESG Advanced MSCI EAFE ETF,,DMXF,6/16/2025,6/16/2025,6/20/2025,1.190636,,,
2022-03-24,iShares MSCI KLD 400 Social ETF,,DSI,3/25/2022,3/24/2022,3/30/2022,0.215458,,,
2022-06-09,iShares MSCI KLD 400 Social ETF,,DSI,6/10/2022,6/9/2022,6/15/2022,0.183310,,,
2022-09-26,iShares MSCI KLD 400 Social ETF,,DSI,9/27/2022,9/26/2022,9/30/2022,0.302171,,,
2023-03-23,iShares MSCI KLD 400 Social ETF,,DSI,3/24/2023,3/23/2023,3/29/2023,0.263134,,,
2023-06-07,iShares MSCI KLD 400 Social ETF,,DSI,6/8/2023,6/7/2023,6/13/2023,0.188470,,,
2023-09-26,iShares MSCI KLD 400 Social ETF,,DSI,9/27/2023,9/26/2023,10/2/2023,0.316405,,,
2024-03-21,iShares MSCI KLD 400 Social ETF,,DSI,3/22/2024,3/21/2024,3/27/2024,0.246847,,,
2024-06-11,iShares MSCI KLD 400 Social ETF,,DSI,6/11/2024,6/11/2024,6/17/2024,0.216121,,,
2024-09-25,iShares MSCI KLD 400 Social ETF,,DSI,9/25/2024,9/25/2024,9/30/2024,0.346539,,,
2025-03-18,iShares MSCI KLD 400 Social ETF,,DSI,3/18/2025,3/18/2025,3/21/2025,0.274776,,,
2025-06-16,iShares MSCI KLD 400 Social ETF,,DSI,6/16/2025,6/16/2025,6/20/2025,0.262766,,,
2025-09-16,iShares MSCI KLD 400 Social ETF,,DSI,9/16/2025,9/16/2025,9/19/2025,0.283850,,,
2022-03-24,iShares Select Dividend ETF,,DVY,3/25/2022,3/24/2022,3/30/2022,0.888354,,,
2022-06-09,iShares Select Dividend ETF,,DVY,6/10/2022,6/9/2022,6/15/2022,0.867040,,,
2022-09-26,iShares Select Dividend ETF,,DVY,9/27/2022,9/26/2022,9/30/2022,1.345772,,,
2023-03-23,iShares Select Dividend ETF,,DVY,3/24/2023,3/23/2023,3/29/2023,1.005242,,,
2023-06-07,iShares Select Dividend ETF,,DVY,6/8/2023,6/7/2023,6/13/2023,0.816442,,,
2023-09-26,iShares Select Dividend ETF,,DVY,9/27/2023,9/26/2023,10/2/2023,1.464651,,,
2024-03-21,iShares Select Dividend ETF,,DVY,3/22/2024,3/21/2024,3/27/2024,0.997569,,,
2024-06-11,iShares Select Dividend ETF,,DVY,6/11/2024,6/11/2024,6/17/2024,0.930354,,,
2024-09-25,iShares Select Dividend ETF,,DVY,9/25/2024,9/25/2024,9/30/2024,1.549625,,,
2025-03-18,iShares Select Dividend ETF,,DVY,3/18/2025,3/18/2025,3/21/2025,1.049489,,,
2025-06-16,iShares Select Dividend ETF,,DVY,6/16/2025,6/16/2025,6/20/2025,1.233273,,,
2025-09-16,iShares Select Dividend ETF,,DVY,9/16/2025,9/16/2025,9/19/2025,1.246497,,,
2022-03-24,iShares Asia/Pacific Dividend ETF,,DVYA,3/25/2022,3/24/2022,3/30/2022,0.228121,,,
2022-06-09,iShares Asia/Pacific Dividend ETF,,DVYA,6/10/2022,6/9/2022,6/15/2022,1.081825,,,
2022-09-26,iShares Asia/Pacific Dividend ETF,,DVYA,9/27/2022,9/26/2022,9/30/2022,0.750234,,,
2023-03-23,iShares Asia/Pacific Dividend ETF,,DVYA,3/24/2023,3/23/2023,3/29/2023,0.364326,,,
2023-06-07,iShares Asia/Pacific Dividend ETF,,DVYA,6/8/2023,6/7/2023,6/13/2023,0.769332,,,
2023-09-26,iShares Asia/Pacific Dividend ETF,,DVYA,9/27/2023,9/26/2023,10/2/2023,0.644717,,,
2024-03-21,iShares Asia/Pacific Dividend ETF,,DVYA,3/22/2024,3/21/2024,3/27/2024,0.296218,,,
2024-06-11,iShares Asia/Pacific Dividend ETF,,DVYA,6/11/2024,6/11/2024,6/17/2024,0.754155,,,
2024-09-25,iShares Asia/Pacific Dividend ETF,,DVYA,9/25/2024,9/25/2024,9/30/2024,0.731691,,,
2025-03-18,iShares Asia/Pacific Dividend ETF,,DVYA,3/18/2025,3/18/2025,3/21/2025,0.279120,,,
2025-06-16,iShares Asia/Pacific Dividend ETF,,DVYA,6/16/2025,6/16/2025,6/20/2025,0.766269,,,
2025-09-16,iShares Asia/Pacific Dividend ETF,,DVYA,9/16/2025,9/16/2025,9/19/2025,0.667006,,,
2022-03-24,iShares Emerging Markets Dividend ETF,,DVYE,3/25/2022,3/24/2022,3/30/2022,0.282110,,,
2022-06-09,iShares Emerging Markets Dividend ETF,,DVYE,6/10/2022,6/9/2022,6/15/2022,0.721482,,,
2022-09-26,iShares Emerging Markets Dividend ETF,,DVYE,9/27/2022,9/26/2022,9/30/2022,0.881425,,,
2023-03-23,iShares Emerging Markets Dividend ETF,,DVYE,3/24/2023,3/23/2023,3/29/2023,0.098695,,,
2023-06-07,iShares Emerging Markets Dividend ETF,,DVYE,6/8/2023,6/7/2023,6/13/2023,0.948409,,,
2023-09-26,iShares Emerging Markets Dividend ETF,,DVYE,9/27/2023,9/26/2023,10/2/2023,0.758314,,,
2024-03-21,iShares Emerging Markets Dividend ETF,,DVYE,3/22/2024,3/21/2024,3/27/2024,0.119917,,,
2024-06-11,iShares Emerging Markets Dividend ETF,,DVYE,6/11/2024,6/11/2024,6/17/2024,0.801767,,,
2024-09-25,iShares Emerging Markets Dividend ETF,,DVYE,9/25/2024,9/25/2024,9/30/2024,0.914330,,,
2025-03-18,iShares Emerging Markets Dividend ETF,,DVYE,3/18/2025,3/18/2025,3/21/2025,0.204837,,,
2025-06-16,iShares Emerging Markets Dividend ETF,,DVYE,6/16/2025,6/16/2025,6/20/2025,0.791998,,,
2025-09-16,iShares Emerging Markets Dividend ETF,,DVYE,9/16/2025,9/16/2025,9/19/2025,0.638614,,,
2022-03-24,BlackRock U.S. Equity Factor Rotation ETF,,DYNF,3/25/2022,3/24/2022,3/30/2022,0.113194,,,
2022-06-09,BlackRock U.S. Equity Factor Rotation ETF,,DYNF,6/10/2022,6/9/2022,6/15/2022,0.122602,,,
2022-09-26,BlackRock U.S. Equity Factor Rotation ETF,,DYNF,9/27/2022,9/26/2022,9/30/2022,0.131415,,,
2023-03-23,BlackRock U.S. Equity Factor Rotation ETF,,DYNF,3/24/2023,3/23/2023,3/29/2023,0.165828,,,
2023-06-07,BlackRock U.S. Equity Factor Rotation ETF,,DYNF,6/8/2023,6/7/2023,6/13/2023,0.100934,,,
2023-09-26,BlackRock U.S. Equity Factor Rotation ETF,,DYNF,9/27/2023,9/26/2023,10/2/2023,0.081871,,,
2024-03-21,BlackRock U.S. Equity Factor Rotation ETF,,DYNF,3/22/2024,3/21/2024,3/27/2024,0.043697,,,
2024-06-11,BlackRock U.S. Equity Factor Rotation ETF,,DYNF,6/11/2024,6/11/2024,6/17/2024,0.063316,,,
2024-09-25,BlackRock U.S. Equity Factor Rotation ETF,,DYNF,9/25/2024,9/25/2024,9/30/2024,0.102510,,,
2025-03-18,BlackRock U.S. Equity Factor Rotation ETF,,DYNF,3/18/2025,3/18/2025,3/21/2025,0.173005,,,
2025-06-16,BlackRock U.S. Equity Factor Rotation ETF,,DYNF,6/16/2025,6/16/2025,6/20/2025,0.184638,,,
2025-09-16,BlackRock U.S. Equity Factor Rotation ETF,,DYNF,9/16/2025,9/16/2025,9/19/2025,0.118534,,,
2022-02-01,iShares ESG Aware U.S. Aggregate Bond ETF,,EAGG,2/2/2022,2/1/2022,2/7/2022,0.048578,,,
2022-03-01,iShares ESG Aware U.S. Aggregate Bond ETF,,EAGG,3/2/2022,3/1/2022,3/7/2022,0.056064,,,
2022-04-01,iShares ESG Aware U.S. Aggregate Bond ETF,,EAGG,4/4/2022,4/1/2022,4/7/2022,0.062512,,,
2022-05-02,iShares ESG Aware U.S. Aggregate Bond ETF,,EAGG,5/3/2022,5/2/2022,5/6/2022,0.071806,,,
2022-06-01,iShares ESG Aware U.S. Aggregate Bond ETF,,EAGG,6/2/2022,6/1/2022,6/7/2022,0.075044,,,
2022-07-01,iShares ESG Aware U.S. Aggregate Bond ETF,,EAGG,7/5/2022,7/1/2022,7/8/2022,0.073027,,,
2022-08-01,iShares ESG Aware U.S. Aggregate Bond ETF,,EAGG,8/2/2022,8/1/2022,8/5/2022,0.079983,,,
2022-09-01,iShares ESG Aware U.S. Aggregate Bond ETF,,EAGG,9/2/2022,9/1/2022,9/8/2022,0.092058,,,
2022-10-03,iShares ESG Aware U.S. Aggregate Bond ETF,,EAGG,10/4/2022,10/3/2022,10/7/2022,0.097676,,,
2022-11-01,iShares ESG Aware U.S. Aggregate Bond ETF,,EAGG,11/2/2022,11/1/2022,11/7/2022,0.100921,,,
2023-02-01,iShares ESG Aware U.S. Aggregate Bond ETF,,EAGG,2/2/2023,2/1/2023,2/7/2023,0.112022,,,
2023-03-01,iShares ESG Aware U.S. Aggregate Bond ETF,,EAGG,3/2/2023,3/1/2023,3/7/2023,0.112394,,,
2023-04-03,iShares ESG Aware U.S. Aggregate Bond ETF,,EAGG,4/4/2023,4/3/2023,4/7/2023,0.122954,,,
2023-05-01,iShares ESG Aware U.S. Aggregate Bond ETF,,EAGG,5/2/2023,5/1/2023,5/5/2023,0.118947,,,
2023-06-01,iShares ESG Aware U.S. Aggregate Bond ETF,,EAGG,6/2/2023,6/1/2023,6/7/2023,0.129072,,,
2023-07-03,iShares ESG Aware U.S. Aggregate Bond ETF,,EAGG,7/5/2023,7/3/2023,7/10/2023,0.125900,,,
2023-08-01,iShares ESG Aware U.S. Aggregate Bond ETF,,EAGG,8/2/2023,8/1/2023,8/7/2023,0.131203,,,
2023-09-01,iShares ESG Aware U.S. Aggregate Bond ETF,,EAGG,9/5/2023,9/1/2023,9/8/2023,0.134336,,,
2023-10-02,iShares ESG Aware U.S. Aggregate Bond ETF,,EAGG,10/3/2023,10/2/2023,10/6/2023,0.126239,,,
2023-11-01,iShares ESG Aware U.S. Aggregate Bond ETF,,EAGG,11/2/2023,11/1/2023,11/7/2023,0.142686,,,
2024-02-01,iShares ESG Aware U.S. Aggregate Bond ETF,,EAGG,2/2/2024,2/1/2024,2/7/2024,0.150527,,,
2024-03-01,iShares ESG Aware U.S. Aggregate Bond ETF,,EAGG,3/4/2024,3/1/2024,3/7/2024,0.145215,,,
2024-04-01,iShares ESG Aware U.S. Aggregate Bond ETF,,EAGG,4/2/2024,4/1/2024,4/5/2024,0.151191,,,
2024-05-01,iShares ESG Aware U.S. Aggregate Bond ETF,,EAGG,5/2/2024,5/1/2024,5/7/2024,0.150663,,,
2024-06-03,iShares ESG Aware U.S. Aggregate Bond ETF,,EAGG,6/3/2024,6/3/2024,6/7/2024,0.149468,,,
2024-07-01,iShares ESG Aware U.S. Aggregate Bond ETF,,EAGG,7/1/2024,7/1/2024,7/5/2024,0.165945,,,
2024-08-01,iShares ESG Aware U.S. Aggregate Bond ETF,,EAGG,8/1/2024,8/1/2024,8/6/2024,0.150735,,,
2024-09-03,iShares ESG Aware U.S. Aggregate Bond ETF,,EAGG,9/3/2024,9/3/2024,9/6/2024,0.153135,,,
2024-10-01,iShares ESG Aware U.S. Aggregate Bond ETF,,EAGG,10/1/2024,10/1/2024,10/4/2024,0.150452,,,
2024-11-01,iShares ESG Aware U.S. Aggregate Bond ETF,,EAGG,11/1/2024,11/1/2024,11/6/2024,0.150660,,,
2025-02-03,iShares ESG Aware U.S. Aggregate Bond ETF,,EAGG,2/3/2025,2/3/2025,2/6/2025,0.154525,,,
2025-03-03,iShares ESG Aware U.S. Aggregate Bond ETF,,EAGG,3/3/2025,3/3/2025,3/6/2025,0.145133,,,
2025-04-01,iShares ESG Aware U.S. Aggregate Bond ETF,,EAGG,4/1/2025,4/1/2025,4/4/2025,0.158007,,,
2025-05-01,iShares ESG Aware U.S. Aggregate Bond ETF,,EAGG,5/1/2025,5/1/2025,5/6/2025,0.154915,,,
2025-06-02,iShares ESG Aware U.S. Aggregate Bond ETF,,EAGG,6/2/2025,6/2/2025,6/5/2025,0.155527,,,
2025-07-01,iShares ESG Aware U.S. Aggregate Bond ETF,,EAGG,7/1/2025,7/1/2025,7/7/2025,0.155825,,,
2025-08-01,iShares ESG Aware U.S. Aggregate Bond ETF,,EAGG,8/1/2025,8/1/2025,8/6/2025,0.158982,,,
2025-09-02,iShares ESG Aware U.S. Aggregate Bond ETF,,EAGG,9/2/2025,9/2/2025,9/5/2025,0.157394,,,
2025-10-01,iShares ESG Aware U.S. Aggregate Bond ETF,,EAGG,10/1/2025,10/1/2025,10/6/2025,0.156993,,,
2025-11-03,iShares ESG Aware U.S. Aggregate Bond ETF,,EAGG,11/3/2025,11/3/2025,11/6/2025,0.158333,,,
2022-04-04,iShares ESG Aware Aggressive Allocation ETF,,EAOA,4/5/2022,4/4/2022,4/8/2022,0.070933,,,
2022-07-05,iShares ESG Aware Aggressive Allocation ETF,,EAOA,7/6/2022,7/5/2022,7/11/2022,0.213241,,,
2022-10-04,iShares ESG Aware Aggressive Allocation ETF,,EAOA,10/5/2022,10/4/2022,10/11/2022,0.102375,,,
2023-04-04,iShares ESG Aware Aggressive Allocation ETF,,EAOA,4/5/2023,4/4/2023,4/10/2023,0.126429,,,
2023-07-05,iShares ESG Aware Aggressive Allocation ETF,,EAOA,7/6/2023,7/5/2023,7/11/2023,0.232982,,,
2023-10-03,iShares ESG Aware Aggressive Allocation ETF,,EAOA,10/4/2023,10/3/2023,10/10/2023,0.120159,,,
2024-04-02,iShares ESG Aware Aggressive Allocation ETF,,EAOA,4/3/2024,4/2/2024,4/8/2024,0.108629,,,
2024-07-02,iShares ESG Aware Aggressive Allocation ETF,,EAOA,7/2/2024,7/2/2024,7/8/2024,0.249171,,,
2024-10-02,iShares ESG Aware Aggressive Allocation ETF,,EAOA,10/2/2024,10/2/2024,10/7/2024,0.139510,,,
2025-04-02,iShares ESG Aware Aggressive Allocation ETF,,EAOA,4/2/2025,4/2/2025,4/7/2025,0.122757,,,
2025-07-02,iShares ESG Aware Aggressive Allocation ETF,,EAOA,7/2/2025,7/2/2025,7/8/2025,0.282871,,,
2025-10-02,iShares ESG Aware Aggressive Allocation ETF,,EAOA,10/2/2025,10/2/2025,10/7/2025,0.130250,,,
2022-02-02,iShares ESG Aware Conservative Allocation ETF,,EAOK,2/3/2022,2/2/2022,2/8/2022,0.017971,,,
2022-03-02,iShares ESG Aware Conservative Allocation ETF,,EAOK,3/3/2022,3/2/2022,3/8/2022,0.018982,,,
2022-04-04,iShares ESG Aware Conservative Allocation ETF,,EAOK,4/5/2022,4/4/2022,4/8/2022,0.037486,,,
2022-05-03,iShares ESG Aware Conservative Allocation ETF,,EAOK,5/4/2022,5/3/2022,5/9/2022,0.024105,,,
2022-06-02,iShares ESG Aware Conservative Allocation ETF,,EAOK,6/3/2022,6/2/2022,6/8/2022,0.025564,,,
2022-07-05,iShares ESG Aware Conservative Allocation ETF,,EAOK,7/6/2022,7/5/2022,7/11/2022,0.145446,,,
2022-08-02,iShares ESG Aware Conservative Allocation ETF,,EAOK,8/3/2022,8/2/2022,8/8/2022,0.027536,,,
2022-09-02,iShares ESG Aware Conservative Allocation ETF,,EAOK,9/6/2022,9/2/2022,9/9/2022,0.031606,,,
2022-10-04,iShares ESG Aware Conservative Allocation ETF,,EAOK,10/5/2022,10/4/2022,10/11/2022,0.055694,,,
2022-11-02,iShares ESG Aware Conservative Allocation ETF,,EAOK,11/3/2022,11/2/2022,11/8/2022,0.034531,,,
2023-02-02,iShares ESG Aware Conservative Allocation ETF,,EAOK,2/3/2023,2/2/2023,2/8/2023,0.036721,,,
2023-03-02,iShares ESG Aware Conservative Allocation ETF,,EAOK,3/3/2023,3/2/2023,3/8/2023,0.038515,,,
2023-04-04,iShares ESG Aware Conservative Allocation ETF,,EAOK,4/5/2023,4/4/2023,4/10/2023,0.067905,,,
2023-05-02,iShares ESG Aware Conservative Allocation ETF,,EAOK,5/3/2023,5/2/2023,5/8/2023,0.040862,,,
2023-06-02,iShares ESG Aware Conservative Allocation ETF,,EAOK,6/5/2023,6/2/2023,6/8/2023,0.045492,,,
2023-07-05,iShares ESG Aware Conservative Allocation ETF,,EAOK,7/6/2023,7/5/2023,7/11/2023,0.100564,,,
2023-08-02,iShares ESG Aware Conservative Allocation ETF,,EAOK,8/3/2023,8/2/2023,8/8/2023,0.044535,,,
2023-09-05,iShares ESG Aware Conservative Allocation ETF,,EAOK,9/6/2023,9/5/2023,9/11/2023,0.049216,,,
2023-10-03,iShares ESG Aware Conservative Allocation ETF,,EAOK,10/4/2023,10/3/2023,10/10/2023,0.064966,,,
2023-11-02,iShares ESG Aware Conservative Allocation ETF,,EAOK,11/3/2023,11/2/2023,11/8/2023,0.050110,,,
2024-02-02,iShares ESG Aware Conservative Allocation ETF,,EAOK,2/5/2024,2/2/2024,2/8/2024,0.046965,,,
2024-03-04,iShares ESG Aware Conservative Allocation ETF,,EAOK,3/5/2024,3/4/2024,3/8/2024,0.051108,,,
2024-04-02,iShares ESG Aware Conservative Allocation ETF,,EAOK,4/3/2024,4/2/2024,4/8/2024,0.072468,,,
2024-05-02,iShares ESG Aware Conservative Allocation ETF,,EAOK,5/3/2024,5/2/2024,5/8/2024,0.053423,,,
2024-06-04,iShares ESG Aware Conservative Allocation ETF,,EAOK,6/4/2024,6/4/2024,6/10/2024,0.055138,,,
2024-07-02,iShares ESG Aware Conservative Allocation ETF,,EAOK,7/2/2024,7/2/2024,7/8/2024,0.111690,,,
2024-08-02,iShares ESG Aware Conservative Allocation ETF,,EAOK,8/2/2024,8/2/2024,8/7/2024,0.056347,,,
2024-09-04,iShares ESG Aware Conservative Allocation ETF,,EAOK,9/4/2024,9/4/2024,9/9/2024,0.056368,,,
2024-10-02,iShares ESG Aware Conservative Allocation ETF,,EAOK,10/2/2024,10/2/2024,10/7/2024,0.077072,,,
2024-11-04,iShares ESG Aware Conservative Allocation ETF,,EAOK,11/4/2024,11/4/2024,11/7/2024,0.055466,,,
2025-02-04,iShares ESG Aware Conservative Allocation ETF,,EAOK,2/4/2025,2/4/2025,2/7/2025,0.055940,,,
2025-03-04,iShares ESG Aware Conservative Allocation ETF,,EAOK,3/4/2025,3/4/2025,3/7/2025,0.054028,,,
2025-04-02,iShares ESG Aware Conservative Allocation ETF,,EAOK,4/2/2025,4/2/2025,4/7/2025,0.072973,,,
2025-05-02,iShares ESG Aware Conservative Allocation ETF,,EAOK,5/2/2025,5/2/2025,5/7/2025,0.058283,,,
2025-06-03,iShares ESG Aware Conservative Allocation ETF,,EAOK,6/3/2025,6/3/2025,6/6/2025,0.057920,,,
2025-07-02,iShares ESG Aware Conservative Allocation ETF,,EAOK,7/2/2025,7/2/2025,7/8/2025,0.114997,,,
2025-08-04,iShares ESG Aware Conservative Allocation ETF,,EAOK,8/4/2025,8/4/2025,8/7/2025,0.059231,,,
2025-09-03,iShares ESG Aware Conservative Allocation ETF,,EAOK,9/3/2025,9/3/2025,9/8/2025,0.058625,,,
2025-10-02,iShares ESG Aware Conservative Allocation ETF,,EAOK,10/2/2025,10/2/2025,10/7/2025,0.075023,,,
2025-11-04,iShares ESG Aware Conservative Allocation ETF,,EAOK,11/4/2025,11/4/2025,11/7/2025,0.063973,,,
2022-04-04,iShares ESG Aware Moderate Allocation ETF,,EAOM,4/5/2022,4/4/2022,4/8/2022,0.051690,,,
2022-07-05,iShares ESG Aware Moderate Allocation ETF,,EAOM,7/6/2022,7/5/2022,7/11/2022,0.146156,,,
2022-10-04,iShares ESG Aware Moderate Allocation ETF,,EAOM,10/5/2022,10/4/2022,10/11/2022,0.113601,,,
2023-04-04,iShares ESG Aware Moderate Allocation ETF,,EAOM,4/5/2023,4/4/2023,4/10/2023,0.125287,,,
2023-07-05,iShares ESG Aware Moderate Allocation ETF,,EAOM,7/6/2023,7/5/2023,7/11/2023,0.198103,,,
2023-10-03,iShares ESG Aware Moderate Allocation ETF,,EAOM,10/4/2023,10/3/2023,10/10/2023,0.153806,,,
2024-04-02,iShares ESG Aware Moderate Allocation ETF,,EAOM,4/3/2024,4/2/2024,4/8/2024,0.140875,,,
2024-07-02,iShares ESG Aware Moderate Allocation ETF,,EAOM,7/2/2024,7/2/2024,7/8/2024,0.228897,,,
2024-10-02,iShares ESG Aware Moderate Allocation ETF,,EAOM,10/2/2024,10/2/2024,10/7/2024,0.183261,,,
2025-04-02,iShares ESG Aware Moderate Allocation ETF,,EAOM,4/2/2025,4/2/2025,4/7/2025,0.178725,,,
2025-07-02,iShares ESG Aware Moderate Allocation ETF,,EAOM,7/2/2025,7/2/2025,7/8/2025,0.225974,,,
2025-10-02,iShares ESG Aware Moderate Allocation ETF,,EAOM,10/2/2025,10/2/2025,10/7/2025,0.186068,,,
2022-04-04,iShares ESG Aware Growth Allocation ETF,,EAOR,4/5/2022,4/4/2022,4/8/2022,0.062316,,,
2022-07-05,iShares ESG Aware Growth Allocation ETF,,EAOR,7/6/2022,7/5/2022,7/11/2022,0.175202,,,
2022-10-04,iShares ESG Aware Growth Allocation ETF,,EAOR,10/5/2022,10/4/2022,10/11/2022,0.126637,,,
2023-04-04,iShares ESG Aware Growth Allocation ETF,,EAOR,4/5/2023,4/4/2023,4/10/2023,0.131645,,,
2023-07-05,iShares ESG Aware Growth Allocation ETF,,EAOR,7/6/2023,7/5/2023,7/11/2023,0.212573,,,
2023-10-03,iShares ESG Aware Growth Allocation ETF,,EAOR,10/4/2023,10/3/2023,10/10/2023,0.139878,,,
2024-04-02,iShares ESG Aware Growth Allocation ETF,,EAOR,4/3/2024,4/2/2024,4/8/2024,0.143273,,,
2024-07-02,iShares ESG Aware Growth Allocation ETF,,EAOR,7/2/2024,7/2/2024,7/8/2024,0.238037,,,
2024-10-02,iShares ESG Aware Growth Allocation ETF,,EAOR,10/2/2024,10/2/2024,10/7/2024,0.165210,,,
2025-04-02,iShares ESG Aware Growth Allocation ETF,,EAOR,4/2/2025,4/2/2025,4/7/2025,0.146433,,,
2025-07-02,iShares ESG Aware Growth Allocation ETF,,EAOR,7/2/2025,7/2/2025,7/8/2025,0.262741,,,
2025-10-02,iShares ESG Aware Growth Allocation ETF,,EAOR,10/2/2025,10/2/2025,10/7/2025,0.162059,,,
2022-06-09,iShares MSCI Chile ETF,,ECH,6/10/2022,6/9/2022,6/15/2022,1.527018,,,
2023-06-07,iShares MSCI Chile ETF,,ECH,6/8/2023,6/7/2023,6/13/2023,1.647901,,,
2024-06-11,iShares MSCI Chile ETF,,ECH,6/11/2024,6/11/2024,6/17/2024,0.983748,,,0.016807
2025-06-16,iShares MSCI Chile ETF,,ECH,6/16/2025,6/16/2025,6/20/2025,0.805477,,,0.014176
2022-06-09,iShares MSCI China Small-Cap ETF,,ECNS,6/10/2022,6/9/2022,6/15/2022,0.589175,,,
2023-06-07,iShares MSCI China Small-Cap ETF,,ECNS,6/8/2023,6/7/2023,6/13/2023,0.347006,,,
2024-06-11,iShares MSCI China Small-Cap ETF,,ECNS,6/11/2024,6/11/2024,6/17/2024,0.488265,,,
2025-06-16,iShares MSCI China Small-Cap ETF,,ECNS,6/16/2025,6/16/2025,6/20/2025,0.588523,,,
2022-06-09,iShares MSCI Denmark ETF,,EDEN,6/10/2022,6/9/2022,6/15/2022,1.647761,,,
2023-06-07,iShares MSCI Denmark ETF,,EDEN,6/8/2023,6/7/2023,6/13/2023,2.172132,,,
2024-06-11,iShares MSCI Denmark ETF,,EDEN,6/11/2024,6/11/2024,6/17/2024,1.479080,,,
2025-06-16,iShares MSCI Denmark ETF,,EDEN,6/16/2025,6/16/2025,6/20/2025,1.869923,,,
2022-06-09,iShares MSCI Emerging Markets ETF,,EEM,6/10/2022,6/9/2022,6/15/2022,0.503564,,,
2023-06-07,iShares MSCI Emerging Markets ETF,,EEM,6/8/2023,6/7/2023,6/13/2023,0.361606,,,
2024-06-11,iShares MSCI Emerging Markets ETF,,EEM,6/11/2024,6/11/2024,6/17/2024,0.339631,,,
2025-06-16,iShares MSCI Emerging Markets ETF,,EEM,6/16/2025,6/16/2025,6/20/2025,0.521380,,,
2022-06-09,iShares MSCI Emerging Markets Asia ETF,,EEMA,6/10/2022,6/9/2022,6/15/2022,0.459871,,,
2023-06-07,iShares MSCI Emerging Markets Asia ETF,,EEMA,6/8/2023,6/7/2023,6/13/2023,0.391577,,,
2024-06-11,iShares MSCI Emerging Markets Asia ETF,,EEMA,6/11/2024,6/11/2024,6/17/2024,0.329392,,,
2025-06-16,iShares MSCI Emerging Markets Asia ETF,,EEMA,6/16/2025,6/16/2025,6/20/2025,0.214889,,,
2022-06-09,iShares MSCI Emerging Markets Small-Cap ETF,,EEMS,6/10/2022,6/9/2022,6/15/2022,0.081891,,,
2023-06-07,iShares MSCI Emerging Markets Small-Cap ETF,,EEMS,6/8/2023,6/7/2023,6/13/2023,0.392563,,,
2024-06-11,iShares MSCI Emerging Markets Small-Cap ETF,,EEMS,6/11/2024,6/11/2024,6/17/2024,0.330682,,,
2025-06-16,iShares MSCI Emerging Markets Small-Cap ETF,,EEMS,6/16/2025,6/16/2025,6/20/2025,0.499938,,,
2022-06-09,iShares MSCI Emerging Markets Min Vol Factor ETF,,EEMV,6/10/2022,6/9/2022,6/15/2022,0.311993,,,
2023-06-07,iShares MSCI Emerging Markets Min Vol Factor ETF,,EEMV,6/8/2023,6/7/2023,6/13/2023,0.554762,,,
2024-06-11,iShares MSCI Emerging Markets Min Vol Factor ETF,,EEMV,6/11/2024,6/11/2024,6/17/2024,0.706049,,,
2025-06-16,iShares MSCI Emerging Markets Min Vol Factor ETF,,EEMV,6/16/2025,6/16/2025,6/20/2025,0.929141,,,
2022-06-09,iShares MSCI EAFE ETF,,EFA,6/10/2022,6/9/2022,6/15/2022,1.497565,,,
2023-06-07,iShares MSCI EAFE ETF,,EFA,6/8/2023,6/7/2023,6/13/2023,1.394729,,,
2024-06-11,iShares MSCI EAFE ETF,,EFA,6/11/2024,6/11/2024,6/17/2024,1.473982,,,
2025-06-16,iShares MSCI EAFE ETF,,EFA,6/16/2025,6/16/2025,6/20/2025,1.601990,,,
2022-06-09,iShares MSCI EAFE Min Vol Factor ETF,,EFAV,6/10/2022,6/9/2022,6/15/2022,1.219944,,,
2023-06-07,iShares MSCI EAFE Min Vol Factor ETF,,EFAV,6/8/2023,6/7/2023,6/13/2023,1.358686,,,
2024-06-11,iShares MSCI EAFE Min Vol Factor ETF,,EFAV,6/11/2024,6/11/2024,6/17/2024,1.535483,,,
2025-06-16,iShares MSCI EAFE Min Vol Factor ETF,,EFAV,6/16/2025,6/16/2025,6/20/2025,1.685158,,,
2022-06-09,iShares MSCI EAFE Growth ETF,,EFG,6/10/2022,6/9/2022,6/15/2022,0.985496,,,
2023-06-07,iShares MSCI EAFE Growth ETF,,EFG,6/8/2023,6/7/2023,6/13/2023,0.976545,,,
2024-06-11,iShares MSCI EAFE Growth ETF,,EFG,6/11/2024,6/11/2024,6/17/2024,0.919136,,,
2025-06-16,iShares MSCI EAFE Growth ETF,,EFG,6/16/2025,6/16/2025,6/20/2025,1.144732,,,
2022-06-09,iShares MSCI Finland ETF,,EFNL,6/10/2022,6/9/2022,6/15/2022,2.047392,,,
2023-06-07,iShares MSCI Finland ETF,,EFNL,6/8/2023,6/7/2023,6/13/2023,0.772601,,,
2024-06-11,iShares MSCI Finland ETF,,EFNL,6/11/2024,6/11/2024,6/17/2024,1.222972,,,
2025-06-16,iShares MSCI Finland ETF,,EFNL,6/16/2025,6/16/2025,6/20/2025,1.369585,,,
2023-06-07,iShares Environmental Infrastructure and Industrials ETF,,EFRA,6/8/2023,6/7/2023,6/13/2023,0.220127,,,
2024-06-11,iShares Environmental Infrastructure and Industrials ETF,,EFRA,6/11/2024,6/11/2024,6/17/2024,0.276424,,,
2025-06-16,iShares Environmental Infrastructure and Industrials ETF,,EFRA,6/16/2025,6/16/2025,6/20/2025,0.350242,,,
2022-06-09,iShares MSCI EAFE Value ETF,,EFV,6/10/2022,6/9/2022,6/15/2022,1.435775,,,
2023-06-07,iShares MSCI EAFE Value ETF,,EFV,6/8/2023,6/7/2023,6/13/2023,1.392716,,,
2024-06-11,iShares MSCI EAFE Value ETF,,EFV,6/11/2024,6/11/2024,6/17/2024,1.639527,,,
2025-06-16,iShares MSCI EAFE Value ETF,,EFV,6/16/2025,6/16/2025,6/20/2025,1.431659,,,
2023-03-23,iShares ESG Aware MSCI USA Growth ETF,,EGUS,3/24/2023,3/23/2023,3/29/2023,0.030121,,,
2023-06-07,iShares ESG Aware MSCI USA Growth ETF,,EGUS,6/8/2023,6/7/2023,6/13/2023,0.024413,,,
2023-09-26,iShares ESG Aware MSCI USA Growth ETF,,EGUS,9/27/2023,9/26/2023,10/2/2023,0.032777,,,
2024-03-21,iShares ESG Aware MSCI USA Growth ETF,,EGUS,3/22/2024,3/21/2024,3/27/2024,0.023990,,,
2024-06-11,iShares ESG Aware MSCI USA Growth ETF,,EGUS,6/11/2024,6/11/2024,6/17/2024,0.021616,,,
2024-09-25,iShares ESG Aware MSCI USA Growth ETF,,EGUS,9/25/2024,9/25/2024,9/30/2024,0.032330,,,
2025-03-18,iShares ESG Aware MSCI USA Growth ETF,,EGUS,3/18/2025,3/18/2025,3/21/2025,0.020711,,,
2025-06-16,iShares ESG Aware MSCI USA Growth ETF,,EGUS,6/16/2025,6/16/2025,6/20/2025,0.027056,,,
2025-09-16,iShares ESG Aware MSCI USA Growth ETF,,EGUS,9/16/2025,9/16/2025,9/19/2025,0.032742,,,
2022-06-09,iShares MSCI Indonesia ETF,,EIDO,6/10/2022,6/9/2022,6/15/2022,0.411530,,,
2023-06-07,iShares MSCI Indonesia ETF,,EIDO,6/8/2023,6/7/2023,6/13/2023,0.596845,,,
2024-06-11,iShares MSCI Indonesia ETF,,EIDO,6/11/2024,6/11/2024,6/17/2024,0.794924,,,
2025-06-16,iShares MSCI Indonesia ETF,,EIDO,6/16/2025,6/16/2025,6/20/2025,0.594717,,,
2023-06-07,iShares MSCI Ireland ETF,,EIRL,6/8/2023,6/7/2023,6/13/2023,0.465997,,,
2024-06-11,iShares MSCI Ireland ETF,,EIRL,6/11/2024,6/11/2024,6/17/2024,0.842674,,,
2025-06-16,iShares MSCI Ireland ETF,,EIRL,6/16/2025,6/16/2025,6/20/2025,1.276320,,,
2022-06-09,iShares MSCI Israel ETF,,EIS,6/10/2022,6/9/2022,6/15/2022,0.878200,,,
2023-06-07,iShares MSCI Israel ETF,,EIS,6/8/2023,6/7/2023,6/13/2023,0.814011,,,
2024-06-11,iShares MSCI Israel ETF,,EIS,6/11/2024,6/11/2024,6/17/2024,0.655127,,,
2025-06-16,iShares MSCI Israel ETF,,EIS,6/16/2025,6/16/2025,6/20/2025,0.581415,,,
2022-02-01,iShares ESG Advanced Investment Grade Corporate Bond ETF,,ELQD,2/2/2022,2/1/2022,2/7/2022,0.171602,,,
2022-03-01,iShares ESG Advanced Investment Grade Corporate Bond ETF,,ELQD,3/2/2022,3/1/2022,3/7/2022,0.179054,,,
2022-04-01,iShares ESG Advanced Investment Grade Corporate Bond ETF,,ELQD,4/4/2022,4/1/2022,4/7/2022,0.176694,,,
2022-05-02,iShares ESG Advanced Investment Grade Corporate Bond ETF,,ELQD,5/3/2022,5/2/2022,5/6/2022,0.181372,,,
2022-06-01,iShares ESG Advanced Investment Grade Corporate Bond ETF,,ELQD,6/2/2022,6/1/2022,6/7/2022,0.185043,,,
2022-07-01,iShares ESG Advanced Investment Grade Corporate Bond ETF,,ELQD,7/5/2022,7/1/2022,7/8/2022,0.194502,,,
2022-08-01,iShares ESG Advanced Investment Grade Corporate Bond ETF,,ELQD,8/2/2022,8/1/2022,8/5/2022,0.201159,,,
2022-09-01,iShares ESG Advanced Investment Grade Corporate Bond ETF,,ELQD,9/2/2022,9/1/2022,9/8/2022,0.203950,,,
2022-10-03,iShares ESG Advanced Investment Grade Corporate Bond ETF,,ELQD,10/4/2022,10/3/2022,10/7/2022,0.219032,,,
2022-11-01,iShares ESG Advanced Investment Grade Corporate Bond ETF,,ELQD,11/2/2022,11/1/2022,11/7/2022,0.211699,,,
2023-02-01,iShares ESG Advanced Investment Grade Corporate Bond ETF,,ELQD,2/2/2023,2/1/2023,2/7/2023,0.229704,,,
2023-03-01,iShares ESG Advanced Investment Grade Corporate Bond ETF,,ELQD,3/2/2023,3/1/2023,3/7/2023,0.234081,,,
2023-04-03,iShares ESG Advanced Investment Grade Corporate Bond ETF,,ELQD,4/4/2023,4/3/2023,4/7/2023,0.239605,,,
2023-05-01,iShares ESG Advanced Investment Grade Corporate Bond ETF,,ELQD,5/2/2023,5/1/2023,5/5/2023,0.247050,,,
2023-06-01,iShares ESG Advanced Investment Grade Corporate Bond ETF,,ELQD,6/2/2023,6/1/2023,6/7/2023,0.249470,,,
2023-07-03,iShares ESG Advanced Investment Grade Corporate Bond ETF,,ELQD,7/5/2023,7/3/2023,7/10/2023,0.254039,,,
2023-08-01,iShares ESG Advanced Investment Grade Corporate Bond ETF,,ELQD,8/2/2023,8/1/2023,8/7/2023,0.255941,,,
2023-09-01,iShares ESG Advanced Investment Grade Corporate Bond ETF,,ELQD,9/5/2023,9/1/2023,9/8/2023,0.253863,,,
2023-10-02,iShares ESG Advanced Investment Grade Corporate Bond ETF,,ELQD,10/3/2023,10/2/2023,10/6/2023,0.259600,,,
2023-11-01,iShares ESG Advanced Investment Grade Corporate Bond ETF,,ELQD,11/2/2023,11/1/2023,11/7/2023,0.271951,,,
2024-02-01,iShares ESG Advanced Investment Grade Corporate Bond ETF,,ELQD,2/2/2024,2/1/2024,2/7/2024,0.275911,,,
2024-03-01,iShares ESG Advanced Investment Grade Corporate Bond ETF,,ELQD,3/4/2024,3/1/2024,3/7/2024,0.282083,,,
2024-04-01,iShares ESG Advanced Investment Grade Corporate Bond ETF,,ELQD,4/2/2024,4/1/2024,4/5/2024,0.283040,,,
2024-05-01,iShares ESG Advanced Investment Grade Corporate Bond ETF,,ELQD,5/2/2024,5/1/2024,5/7/2024,0.284673,,,
2024-06-03,iShares ESG Advanced Investment Grade Corporate Bond ETF,,ELQD,6/3/2024,6/3/2024,6/7/2024,0.276746,,,
2024-07-01,iShares ESG Advanced Investment Grade Corporate Bond ETF,,ELQD,7/1/2024,7/1/2024,7/5/2024,0.285555,,,
2024-08-01,iShares ESG Advanced Investment Grade Corporate Bond ETF,,ELQD,8/1/2024,8/1/2024,8/6/2024,0.283914,,,
2024-09-03,iShares ESG Advanced Investment Grade Corporate Bond ETF,,ELQD,9/3/2024,9/3/2024,9/6/2024,0.284917,,,
2024-10-01,iShares ESG Advanced Investment Grade Corporate Bond ETF,,ELQD,10/1/2024,10/1/2024,10/4/2024,0.284012,,,
2024-11-01,iShares ESG Advanced Investment Grade Corporate Bond ETF,,ELQD,11/1/2024,11/1/2024,11/6/2024,0.284214,,,
2025-02-03,iShares ESG Advanced Investment Grade Corporate Bond ETF,,ELQD,2/3/2025,2/3/2025,2/6/2025,0.291670,,,
2025-03-03,iShares ESG Advanced Investment Grade Corporate Bond ETF,,ELQD,3/3/2025,3/3/2025,3/6/2025,0.305117,,,
2025-04-01,iShares ESG Advanced Investment Grade Corporate Bond ETF,,ELQD,4/1/2025,4/1/2025,4/4/2025,0.296290,,,
2025-05-01,iShares ESG Advanced Investment Grade Corporate Bond ETF,,ELQD,5/1/2025,5/1/2025,5/6/2025,0.280239,,,
2025-06-02,iShares ESG Advanced Investment Grade Corporate Bond ETF,,ELQD,6/2/2025,6/2/2025,6/5/2025,0.286228,,,
2025-07-01,iShares ESG Advanced Investment Grade Corporate Bond ETF,,ELQD,7/1/2025,7/1/2025,7/7/2025,0.296276,,,
2022-02-01,iShares J.P. Morgan USD Emerging Markets Bond ETF,,EMB,2/2/2022,2/1/2022,2/7/2022,0.372829,,,
2022-03-01,iShares J.P. Morgan USD Emerging Markets Bond ETF,,EMB,3/2/2022,3/1/2022,3/7/2022,0.356357,,,
2022-04-01,iShares J.P. Morgan USD Emerging Markets Bond ETF,,EMB,4/4/2022,4/1/2022,4/7/2022,0.382569,,,
2022-05-02,iShares J.P. Morgan USD Emerging Markets Bond ETF,,EMB,5/3/2022,5/2/2022,5/6/2022,0.363991,,,
2022-06-01,iShares J.P. Morgan USD Emerging Markets Bond ETF,,EMB,6/2/2022,6/1/2022,6/7/2022,0.334914,,,
2022-07-01,iShares J.P. Morgan USD Emerging Markets Bond ETF,,EMB,7/5/2022,7/1/2022,7/8/2022,0.361071,,,
2022-08-01,iShares J.P. Morgan USD Emerging Markets Bond ETF,,EMB,8/2/2022,8/1/2022,8/5/2022,0.345566,,,
2022-09-01,iShares J.P. Morgan USD Emerging Markets Bond ETF,,EMB,9/2/2022,9/1/2022,9/8/2022,0.311934,,,
2022-10-03,iShares J.P. Morgan USD Emerging Markets Bond ETF,,EMB,10/4/2022,10/3/2022,10/7/2022,0.370691,,,
2022-11-01,iShares J.P. Morgan USD Emerging Markets Bond ETF,,EMB,11/2/2022,11/1/2022,11/7/2022,0.381555,,,
2023-02-01,iShares J.P. Morgan USD Emerging Markets Bond ETF,,EMB,2/2/2023,2/1/2023,2/7/2023,0.311769,,,
2023-03-01,iShares J.P. Morgan USD Emerging Markets Bond ETF,,EMB,3/2/2023,3/1/2023,3/7/2023,0.378811,,,
2023-04-03,iShares J.P. Morgan USD Emerging Markets Bond ETF,,EMB,4/4/2023,4/3/2023,4/7/2023,0.361571,,,
2023-05-01,iShares J.P. Morgan USD Emerging Markets Bond ETF,,EMB,5/2/2023,5/1/2023,5/5/2023,0.349992,,,
2023-06-01,iShares J.P. Morgan USD Emerging Markets Bond ETF,,EMB,6/2/2023,6/1/2023,6/7/2023,0.352619,,,
2023-07-03,iShares J.P. Morgan USD Emerging Markets Bond ETF,,EMB,7/5/2023,7/3/2023,7/10/2023,0.346456,,,
2023-08-01,iShares J.P. Morgan USD Emerging Markets Bond ETF,,EMB,8/2/2023,8/1/2023,8/7/2023,0.347540,,,
2023-09-01,iShares J.P. Morgan USD Emerging Markets Bond ETF,,EMB,9/5/2023,9/1/2023,9/8/2023,0.358755,,,
2023-10-02,iShares J.P. Morgan USD Emerging Markets Bond ETF,,EMB,10/3/2023,10/2/2023,10/6/2023,0.353296,,,
2023-11-01,iShares J.P. Morgan USD Emerging Markets Bond ETF,,EMB,11/2/2023,11/1/2023,11/7/2023,0.362091,,,
2024-02-01,iShares J.P. Morgan USD Emerging Markets Bond ETF,,EMB,2/2/2024,2/1/2024,2/7/2024,0.367262,,,
2024-03-01,iShares J.P. Morgan USD Emerging Markets Bond ETF,,EMB,3/4/2024,3/1/2024,3/7/2024,0.385713,,,
2024-04-01,iShares J.P. Morgan USD Emerging Markets Bond ETF,,EMB,4/2/2024,4/1/2024,4/5/2024,0.365554,,,
2024-05-01,iShares J.P. Morgan USD Emerging Markets Bond ETF,,EMB,5/2/2024,5/1/2024,5/7/2024,0.360577,,,
2024-06-03,iShares J.P. Morgan USD Emerging Markets Bond ETF,,EMB,6/3/2024,6/3/2024,6/7/2024,0.362743,,,
2024-07-01,iShares J.P. Morgan USD Emerging Markets Bond ETF,,EMB,7/1/2024,7/1/2024,7/5/2024,0.381285,,,
2024-08-01,iShares J.P. Morgan USD Emerging Markets Bond ETF,,EMB,8/1/2024,8/1/2024,8/6/2024,0.390868,,,
2024-09-03,iShares J.P. Morgan USD Emerging Markets Bond ETF,,EMB,9/3/2024,9/3/2024,9/6/2024,0.368243,,,
2024-10-01,iShares J.P. Morgan USD Emerging Markets Bond ETF,,EMB,10/1/2024,10/1/2024,10/4/2024,0.385491,,,
2024-11-01,iShares J.P. Morgan USD Emerging Markets Bond ETF,,EMB,11/1/2024,11/1/2024,11/6/2024,0.422158,,,
2025-02-03,iShares J.P. Morgan USD Emerging Markets Bond ETF,,EMB,2/3/2025,2/3/2025,2/6/2025,0.440929,,,
2025-03-03,iShares J.P. Morgan USD Emerging Markets Bond ETF,,EMB,3/3/2025,3/3/2025,3/6/2025,0.385564,,,
2025-04-01,iShares J.P. Morgan USD Emerging Markets Bond ETF,,EMB,4/1/2025,4/1/2025,4/4/2025,0.399904,,,
2025-05-01,iShares J.P. Morgan USD Emerging Markets Bond ETF,,EMB,5/1/2025,5/1/2025,5/6/2025,0.402288,,,
2025-06-02,iShares J.P. Morgan USD Emerging Markets Bond ETF,,EMB,6/2/2025,6/2/2025,6/5/2025,0.405383,,,
2025-07-01,iShares J.P. Morgan USD Emerging Markets Bond ETF,,EMB,7/1/2025,7/1/2025,7/7/2025,0.379909,,,
2025-08-01,iShares J.P. Morgan USD Emerging Markets Bond ETF,,EMB,8/1/2025,8/1/2025,8/6/2025,0.411035,,,
2025-09-02,iShares J.P. Morgan USD Emerging Markets Bond ETF,,EMB,9/2/2025,9/2/2025,9/5/2025,0.401921,,,
2025-10-01,iShares J.P. Morgan USD Emerging Markets Bond ETF,,EMB,10/1/2025,10/1/2025,10/6/2025,0.392529,,,
2025-11-03,iShares J.P. Morgan USD Emerging Markets Bond ETF,,EMB,11/3/2025,11/3/2025,11/6/2025,0.417558,,,
2022-02-02,iShares Interest Rate Hedged Emerging Markets Bond ETF,,EMBH,2/3/2022,2/2/2022,2/8/2022,0.048932,,,
2022-03-02,iShares Interest Rate Hedged Emerging Markets Bond ETF,,EMBH,3/3/2022,3/2/2022,3/8/2022,0.055838,,,
2022-04-04,iShares Interest Rate Hedged Emerging Markets Bond ETF,,EMBH,4/5/2022,4/4/2022,4/8/2022,0.067947,,,
2022-05-03,iShares Interest Rate Hedged Emerging Markets Bond ETF,,EMBH,5/4/2022,5/3/2022,5/9/2022,0.061824,,,
2022-06-02,iShares Interest Rate Hedged Emerging Markets Bond ETF,,EMBH,6/3/2022,6/2/2022,6/8/2022,0.054838,,,
2022-07-05,iShares Interest Rate Hedged Emerging Markets Bond ETF,,EMBH,7/6/2022,7/5/2022,7/11/2022,0.074707,,,
2022-06-09,iShares MSCI Emerging Markets Multifactor ETF,,EMGF,6/10/2022,6/9/2022,6/15/2022,0.534455,,,
2023-06-07,iShares MSCI Emerging Markets Multifactor ETF,,EMGF,6/8/2023,6/7/2023,6/13/2023,0.498654,,,
2024-06-11,iShares MSCI Emerging Markets Multifactor ETF,,EMGF,6/11/2024,6/11/2024,6/17/2024,0.467589,,,
2025-06-16,iShares MSCI Emerging Markets Multifactor ETF,,EMGF,6/16/2025,6/16/2025,6/20/2025,0.715098,,,
2022-02-01,iShares J.P. Morgan EM High Yield Bond ETF,,EMHY,2/2/2022,2/1/2022,2/7/2022,0.199773,,,
2022-03-01,iShares J.P. Morgan EM High Yield Bond ETF,,EMHY,3/2/2022,3/1/2022,3/7/2022,0.189488,,,
2022-04-01,iShares J.P. Morgan EM High Yield Bond ETF,,EMHY,4/4/2022,4/1/2022,4/7/2022,0.207042,,,
2022-05-02,iShares J.P. Morgan EM High Yield Bond ETF,,EMHY,5/3/2022,5/2/2022,5/6/2022,0.218817,,,
2022-06-01,iShares J.P. Morgan EM High Yield Bond ETF,,EMHY,6/2/2022,6/1/2022,6/7/2022,0.189805,,,
2022-07-01,iShares J.P. Morgan EM High Yield Bond ETF,,EMHY,7/5/2022,7/1/2022,7/8/2022,0.215019,,,
2022-08-01,iShares J.P. Morgan EM High Yield Bond ETF,,EMHY,8/2/2022,8/1/2022,8/5/2022,0.215688,,,
2022-09-01,iShares J.P. Morgan EM High Yield Bond ETF,,EMHY,9/2/2022,9/1/2022,9/8/2022,0.174267,,,
2022-10-03,iShares J.P. Morgan EM High Yield Bond ETF,,EMHY,10/4/2022,10/3/2022,10/7/2022,0.204889,,,
2022-11-01,iShares J.P. Morgan EM High Yield Bond ETF,,EMHY,11/2/2022,11/1/2022,11/7/2022,0.203881,,,
2023-02-01,iShares J.P. Morgan EM High Yield Bond ETF,,EMHY,2/2/2023,2/1/2023,2/7/2023,0.188286,,,
2023-03-01,iShares J.P. Morgan EM High Yield Bond ETF,,EMHY,3/2/2023,3/1/2023,3/7/2023,0.202787,,,
2023-04-03,iShares J.P. Morgan EM High Yield Bond ETF,,EMHY,4/4/2023,4/3/2023,4/7/2023,0.209087,,,
2023-05-01,iShares J.P. Morgan EM High Yield Bond ETF,,EMHY,5/2/2023,5/1/2023,5/5/2023,0.205884,,,
2023-06-01,iShares J.P. Morgan EM High Yield Bond ETF,,EMHY,6/2/2023,6/1/2023,6/7/2023,0.205866,,,
2023-07-03,iShares J.P. Morgan EM High Yield Bond ETF,,EMHY,7/5/2023,7/3/2023,7/10/2023,0.211121,,,
2023-08-01,iShares J.P. Morgan EM High Yield Bond ETF,,EMHY,8/2/2023,8/1/2023,8/7/2023,0.207504,,,
2023-09-01,iShares J.P. Morgan EM High Yield Bond ETF,,EMHY,9/5/2023,9/1/2023,9/8/2023,0.194641,,,
2023-10-02,iShares J.P. Morgan EM High Yield Bond ETF,,EMHY,10/3/2023,10/2/2023,10/6/2023,0.196787,,,
2023-11-01,iShares J.P. Morgan EM High Yield Bond ETF,,EMHY,11/2/2023,11/1/2023,11/7/2023,0.195760,,,
2024-02-01,iShares J.P. Morgan EM High Yield Bond ETF,,EMHY,2/2/2024,2/1/2024,2/7/2024,0.193711,,,
2024-03-01,iShares J.P. Morgan EM High Yield Bond ETF,,EMHY,3/4/2024,3/1/2024,3/7/2024,0.197706,,,
2024-04-01,iShares J.P. Morgan EM High Yield Bond ETF,,EMHY,4/2/2024,4/1/2024,4/5/2024,0.207217,,,
2024-05-01,iShares J.P. Morgan EM High Yield Bond ETF,,EMHY,5/2/2024,5/1/2024,5/7/2024,0.195206,,,
2024-06-03,iShares J.P. Morgan EM High Yield Bond ETF,,EMHY,6/3/2024,6/3/2024,6/7/2024,0.201847,,,
2024-07-01,iShares J.P. Morgan EM High Yield Bond ETF,,EMHY,7/1/2024,7/1/2024,7/5/2024,0.212140,,,
2024-08-01,iShares J.P. Morgan EM High Yield Bond ETF,,EMHY,8/1/2024,8/1/2024,8/6/2024,0.213828,,,
2024-09-03,iShares J.P. Morgan EM High Yield Bond ETF,,EMHY,9/3/2024,9/3/2024,9/6/2024,0.223636,,,
2024-10-01,iShares J.P. Morgan EM High Yield Bond ETF,,EMHY,10/1/2024,10/1/2024,10/4/2024,0.210919,,,
2024-11-01,iShares J.P. Morgan EM High Yield Bond ETF,,EMHY,11/1/2024,11/1/2024,11/6/2024,0.224765,,,
2025-02-03,iShares J.P. Morgan EM High Yield Bond ETF,,EMHY,2/3/2025,2/3/2025,2/6/2025,0.266076,,,
2025-03-03,iShares J.P. Morgan EM High Yield Bond ETF,,EMHY,3/3/2025,3/3/2025,3/6/2025,0.214004,,,
2025-04-01,iShares J.P. Morgan EM High Yield Bond ETF,,EMHY,4/1/2025,4/1/2025,4/4/2025,0.220998,,,
2025-05-01,iShares J.P. Morgan EM High Yield Bond ETF,,EMHY,5/1/2025,5/1/2025,5/6/2025,0.218152,,,
2025-06-02,iShares J.P. Morgan EM High Yield Bond ETF,,EMHY,6/2/2025,6/2/2025,6/5/2025,0.217695,,,
2025-07-01,iShares J.P. Morgan EM High Yield Bond ETF,,EMHY,7/1/2025,7/1/2025,7/7/2025,0.213240,,,
2025-08-01,iShares J.P. Morgan EM High Yield Bond ETF,,EMHY,8/1/2025,8/1/2025,8/6/2025,0.210832,,,
2025-09-02,iShares J.P. Morgan EM High Yield Bond ETF,,EMHY,9/2/2025,9/2/2025,9/5/2025,0.212330,,,
2025-10-01,iShares J.P. Morgan EM High Yield Bond ETF,,EMHY,10/1/2025,10/1/2025,10/6/2025,0.223747,,,
2025-11-03,iShares J.P. Morgan EM High Yield Bond ETF,,EMHY,11/3/2025,11/3/2025,11/6/2025,0.217086,,,
2022-06-09,iShares Emerging Markets Infrastructure ETF,,EMIF,6/10/2022,6/9/2022,6/15/2022,0.317706,,,
2023-06-07,iShares Emerging Markets Infrastructure ETF,,EMIF,6/8/2023,6/7/2023,6/13/2023,0.242833,,,
2024-06-11,iShares Emerging Markets Infrastructure ETF,,EMIF,6/11/2024,6/11/2024,6/17/2024,0.376375,,,
2025-06-16,iShares Emerging Markets Infrastructure ETF,,EMIF,6/16/2025,6/16/2025,6/20/2025,0.530553,,,
2022-06-09,iShares MSCI Emerging Markets ex China ETF,,EMXC,6/10/2022,6/9/2022,6/15/2022,0.578286,,,
2023-06-07,iShares MSCI Emerging Markets ex China ETF,,EMXC,6/8/2023,6/7/2023,6/13/2023,0.424424,,,
2024-06-11,iShares MSCI Emerging Markets ex China ETF,,EMXC,6/11/2024,6/11/2024,6/17/2024,0.547781,,,
2025-06-16,iShares MSCI Emerging Markets ex China ETF,,EMXC,6/16/2025,6/16/2025,6/20/2025,0.876290,,,
2022-06-09,iShares ESG Advanced MSCI EM ETF,,EMXF,6/10/2022,6/9/2022,6/15/2022,0.250572,,,
2023-06-07,iShares ESG Advanced MSCI EM ETF,,EMXF,6/8/2023,6/7/2023,6/13/2023,0.276932,,,
2024-06-11,iShares ESG Advanced MSCI EM ETF,,EMXF,6/11/2024,6/11/2024,6/17/2024,0.352196,,,
2025-06-16,iShares ESG Advanced MSCI EM ETF,,EMXF,6/16/2025,6/16/2025,6/20/2025,0.593909,,,
2022-06-09,iShares MSCI Norway ETF,,ENOR,6/10/2022,6/9/2022,6/15/2022,0.944285,,,
2023-06-07,iShares MSCI Norway ETF,,ENOR,6/8/2023,6/7/2023,6/13/2023,1.051659,,,
2024-06-11,iShares MSCI Norway ETF,,ENOR,6/11/2024,6/11/2024,6/17/2024,1.101761,,,
2025-06-16,iShares MSCI Norway ETF,,ENOR,6/16/2025,6/16/2025,6/20/2025,0.770336,,,
2022-06-09,iShares MSCI New Zealand ETF,,ENZL,6/10/2022,6/9/2022,6/15/2022,0.702560,,,
2023-06-07,iShares MSCI New Zealand ETF,,ENZL,6/8/2023,6/7/2023,6/13/2023,0.546791,,,
2024-06-11,iShares MSCI New Zealand ETF,,ENZL,6/11/2024,6/11/2024,6/17/2024,0.451609,,,
2025-06-16,iShares MSCI New Zealand ETF,,ENZL,6/16/2025,6/16/2025,6/20/2025,0.521088,,,
2022-06-09,iShares MSCI Philippines ETF,,EPHE,6/10/2022,6/9/2022,6/15/2022,0.454842,,,
2023-06-07,iShares MSCI Philippines ETF,,EPHE,6/8/2023,6/7/2023,6/13/2023,0.436540,,,
2024-06-11,iShares MSCI Philippines ETF,,EPHE,6/11/2024,6/11/2024,6/17/2024,0.515888,,,
2025-06-16,iShares MSCI Philippines ETF,,EPHE,6/16/2025,6/16/2025,6/20/2025,0.461626,,,
2022-06-09,iShares MSCI Poland ETF,,EPOL,6/10/2022,6/9/2022,6/15/2022,0.140506,,,
2024-06-11,iShares MSCI Poland ETF,,EPOL,6/11/2024,6/11/2024,6/17/2024,0.433446,,,
2025-06-16,iShares MSCI Poland ETF,,EPOL,6/16/2025,6/16/2025,6/20/2025,0.512726,,,
2022-06-09,iShares MSCI Pacific ex Japan ETF,,EPP,6/10/2022,6/9/2022,6/15/2022,1.169512,,,
2023-06-07,iShares MSCI Pacific ex Japan ETF,,EPP,6/8/2023,6/7/2023,6/13/2023,0.821863,,,
2024-06-11,iShares MSCI Pacific ex Japan ETF,,EPP,6/11/2024,6/11/2024,6/17/2024,0.711284,,,
2025-06-16,iShares MSCI Pacific ex Japan ETF,,EPP,6/16/2025,6/16/2025,6/20/2025,0.863776,,,
2022-06-09,iShares MSCI Peru ETF,,EPU,6/10/2022,6/9/2022,6/15/2022,1.131173,,,
2023-06-07,iShares MSCI Peru ETF,,EPU,6/8/2023,6/7/2023,6/13/2023,0.751791,,,
2024-06-11,iShares MSCI Peru ETF,,EPU,6/11/2024,6/11/2024,6/17/2024,1.033021,,,
2025-06-16,iShares MSCI Peru ETF,,EPU,6/16/2025,6/16/2025,6/20/2025,0.934286,,,
2025-06-16,iShares MSCI Emerging Markets Quality Factor ETF,,EQLT,6/16/2025,6/16/2025,6/20/2025,0.347927,,,
2023-06-07,iShares Environmentally Aware Real Estate ETF,,ERET,6/8/2023,6/7/2023,6/13/2023,0.416917,,,
2024-06-11,iShares Environmentally Aware Real Estate ETF,,ERET,6/11/2024,6/11/2024,6/17/2024,0.210328,,,
2025-06-16,iShares Environmentally Aware Real Estate ETF,,ERET,6/16/2025,6/16/2025,6/20/2025,0.331345,,,
2022-06-09,iShares ESG Aware MSCI EAFE ETF,,ESGD,6/10/2022,6/9/2022,6/15/2022,1.561709,,,
2023-06-07,iShares ESG Aware MSCI EAFE ETF,,ESGD,6/8/2023,6/7/2023,6/13/2023,1.493585,,,
2024-06-11,iShares ESG Aware MSCI EAFE ETF,,ESGD,6/11/2024,6/11/2024,6/17/2024,1.508545,,,
2025-06-16,iShares ESG Aware MSCI EAFE ETF,,ESGD,6/16/2025,6/16/2025,6/20/2025,1.693894,,,
2022-06-09,iShares ESG Aware MSCI EM ETF,,ESGE,6/10/2022,6/9/2022,6/15/2022,0.353281,,,
2023-06-07,iShares ESG Aware MSCI EM ETF,,ESGE,6/8/2023,6/7/2023,6/13/2023,0.263410,,,
2024-06-11,iShares ESG Aware MSCI EM ETF,,ESGE,6/11/2024,6/11/2024,6/17/2024,0.295375,,,
2025-06-16,iShares ESG Aware MSCI EM ETF,,ESGE,6/16/2025,6/16/2025,6/20/2025,0.434620,,,
2022-03-24,iShares ESG Aware MSCI USA ETF,,ESGU,3/25/2022,3/24/2022,3/30/2022,0.321623,,,
2022-06-09,iShares ESG Aware MSCI USA ETF,,ESGU,6/10/2022,6/9/2022,6/15/2022,0.275940,,,
2022-09-26,iShares ESG Aware MSCI USA ETF,,ESGU,9/27/2022,9/26/2022,9/30/2022,0.394793,,,
2023-03-23,iShares ESG Aware MSCI USA ETF,,ESGU,3/24/2023,3/23/2023,3/29/2023,0.469567,,,
2023-06-07,iShares ESG Aware MSCI USA ETF,,ESGU,6/8/2023,6/7/2023,6/13/2023,0.298083,,,
2023-09-26,iShares ESG Aware MSCI USA ETF,,ESGU,9/27/2023,9/26/2023,10/2/2023,0.399179,,,
2024-03-21,iShares ESG Aware MSCI USA ETF,,ESGU,3/22/2024,3/21/2024,3/27/2024,0.384157,,,
2024-06-11,iShares ESG Aware MSCI USA ETF,,ESGU,6/11/2024,6/11/2024,6/17/2024,0.291552,,,
2024-09-25,iShares ESG Aware MSCI USA ETF,,ESGU,9/25/2024,9/25/2024,9/30/2024,0.438680,,,
2025-03-18,iShares ESG Aware MSCI USA ETF,,ESGU,3/18/2025,3/18/2025,3/21/2025,0.328164,,,
2025-06-16,iShares ESG Aware MSCI USA ETF,,ESGU,6/16/2025,6/16/2025,6/20/2025,0.322891,,,
2025-09-16,iShares ESG Aware MSCI USA ETF,,ESGU,9/16/2025,9/16/2025,9/19/2025,0.365469,,,
2022-03-24,iShares ESG Aware MSCI USA Small-Cap ETF,,ESML,3/25/2022,3/24/2022,3/30/2022,0.091287,,,
2022-06-09,iShares ESG Aware MSCI USA Small-Cap ETF,,ESML,6/10/2022,6/9/2022,6/15/2022,0.095518,,,
2022-09-26,iShares ESG Aware MSCI USA Small-Cap ETF,,ESML,9/27/2022,9/26/2022,9/30/2022,0.151679,,,
2023-03-23,iShares ESG Aware MSCI USA Small-Cap ETF,,ESML,3/24/2023,3/23/2023,3/29/2023,0.113045,,,
2023-06-07,iShares ESG Aware MSCI USA Small-Cap ETF,,ESML,6/8/2023,6/7/2023,6/13/2023,0.114979,,,
2023-09-26,iShares ESG Aware MSCI USA Small-Cap ETF,,ESML,9/27/2023,9/26/2023,10/2/2023,0.131983,,,
2024-03-21,iShares ESG Aware MSCI USA Small-Cap ETF,,ESML,3/22/2024,3/21/2024,3/27/2024,0.107854,,,
2024-06-11,iShares ESG Aware MSCI USA Small-Cap ETF,,ESML,6/11/2024,6/11/2024,6/17/2024,0.088294,,,
2024-09-25,iShares ESG Aware MSCI USA Small-Cap ETF,,ESML,9/25/2024,9/25/2024,9/30/2024,0.138168,,,
2025-03-18,iShares ESG Aware MSCI USA Small-Cap ETF,,ESML,3/18/2025,3/18/2025,3/21/2025,0.102549,,,
2025-06-16,iShares ESG Aware MSCI USA Small-Cap ETF,,ESML,6/16/2025,6/16/2025,6/20/2025,0.118896,,,
2025-09-16,iShares ESG Aware MSCI USA Small-Cap ETF,,ESML,9/16/2025,9/16/2025,9/19/2025,0.142985,,,
2022-03-24,iShares ESG MSCI USA Min Vol Factor ETF,,ESMV,3/25/2022,3/24/2022,3/30/2022,0.086127,,,
2022-06-09,iShares ESG MSCI USA Min Vol Factor ETF,,ESMV,6/10/2022,6/9/2022,6/15/2022,0.071128,,,
2022-09-26,iShares ESG MSCI USA Min Vol Factor ETF,,ESMV,9/27/2022,9/26/2022,9/30/2022,0.119351,,,
2023-03-23,iShares ESG MSCI USA Min Vol Factor ETF,,ESMV,3/24/2023,3/23/2023,3/29/2023,0.104822,,,
2023-06-07,iShares ESG MSCI USA Min Vol Factor ETF,,ESMV,6/8/2023,6/7/2023,6/13/2023,0.086111,,,
2023-09-26,iShares ESG MSCI USA Min Vol Factor ETF,,ESMV,9/27/2023,9/26/2023,10/2/2023,0.114930,,,
2024-03-21,iShares ESG MSCI USA Min Vol Factor ETF,,ESMV,3/22/2024,3/21/2024,3/27/2024,0.105194,,,
2024-06-11,iShares ESG MSCI USA Min Vol Factor ETF,,ESMV,6/11/2024,6/11/2024,6/17/2024,0.100666,,,
2024-09-25,iShares ESG MSCI USA Min Vol Factor ETF,,ESMV,9/25/2024,9/25/2024,9/30/2024,0.123750,,,
2025-03-18,iShares ESG MSCI USA Min Vol Factor ETF,,ESMV,3/18/2025,3/18/2025,3/21/2025,0.088756,,,
2025-06-16,iShares ESG MSCI USA Min Vol Factor ETF,,ESMV,6/16/2025,6/16/2025,6/20/2025,0.103679,,,
2025-09-16,iShares ESG MSCI USA Min Vol Factor ETF,,ESMV,9/16/2025,9/16/2025,9/19/2025,0.131621,,,
2023-06-07,iShares Breakthrough Environmental Solutions ETF,,ETEC,6/8/2023,6/7/2023,6/13/2023,0.105678,,,
2024-06-11,iShares Breakthrough Environmental Solutions ETF,,ETEC,6/11/2024,6/11/2024,6/17/2024,0.097251,,,
2025-06-16,iShares Breakthrough Environmental Solutions ETF,,ETEC,6/16/2025,6/16/2025,6/20/2025,0.057192,,,
2022-06-09,iShares MSCI Europe Financials ETF,,EUFN,6/10/2022,6/9/2022,6/15/2022,0.751655,,,0.007207
2023-06-07,iShares MSCI Europe Financials ETF,,EUFN,6/8/2023,6/7/2023,6/13/2023,0.755024,,,
2024-06-11,iShares MSCI Europe Financials ETF,,EUFN,6/11/2024,6/11/2024,6/17/2024,0.826659,,,
2025-06-16,iShares MSCI Europe Financials ETF,,EUFN,6/16/2025,6/16/2025,6/20/2025,0.863985,,,
2022-03-24,iShares MSCI USA Equal Weighted ETF,,EUSA,3/25/2022,3/24/2022,3/30/2022,0.303343,,,
2022-06-09,iShares MSCI USA Equal Weighted ETF,,EUSA,6/10/2022,6/9/2022,6/15/2022,0.264678,,,
2022-09-26,iShares MSCI USA Equal Weighted ETF,,EUSA,9/27/2022,9/26/2022,9/30/2022,0.410378,,,
2023-03-23,iShares MSCI USA Equal Weighted ETF,,EUSA,3/24/2023,3/23/2023,3/29/2023,0.305159,,,
2023-06-07,iShares MSCI USA Equal Weighted ETF,,EUSA,6/8/2023,6/7/2023,6/13/2023,0.277020,,,
2023-09-26,iShares MSCI USA Equal Weighted ETF,,EUSA,9/27/2023,9/26/2023,10/2/2023,0.329032,,,
2024-03-21,iShares MSCI USA Equal Weighted ETF,,EUSA,3/22/2024,3/21/2024,3/27/2024,0.305794,,,
2024-06-11,iShares MSCI USA Equal Weighted ETF,,EUSA,6/11/2024,6/11/2024,6/17/2024,0.293422,,,
2024-09-25,iShares MSCI USA Equal Weighted ETF,,EUSA,9/25/2024,9/25/2024,9/30/2024,0.412923,,,
2025-03-18,iShares MSCI USA Equal Weighted ETF,,EUSA,3/18/2025,3/18/2025,3/21/2025,0.324450,,,
2025-06-16,iShares MSCI USA Equal Weighted ETF,,EUSA,6/16/2025,6/16/2025,6/20/2025,0.357128,,,
2025-09-16,iShares MSCI USA Equal Weighted ETF,,EUSA,9/16/2025,9/16/2025,9/19/2025,0.441833,,,
2022-02-01,iShares ESG Advanced Total USD Bond Market ETF,,EUSB,2/2/2022,2/1/2022,2/7/2022,0.053459,,,
2022-03-01,iShares ESG Advanced Total USD Bond Market ETF,,EUSB,3/2/2022,3/1/2022,3/7/2022,0.056638,,,
2022-04-01,iShares ESG Advanced Total USD Bond Market ETF,,EUSB,4/4/2022,4/1/2022,4/7/2022,0.061712,,,
2022-05-02,iShares ESG Advanced Total USD Bond Market ETF,,EUSB,5/3/2022,5/2/2022,5/6/2022,0.074084,,,
2022-06-01,iShares ESG Advanced Total USD Bond Market ETF,,EUSB,6/2/2022,6/1/2022,6/7/2022,0.078545,,,
2022-07-01,iShares ESG Advanced Total USD Bond Market ETF,,EUSB,7/5/2022,7/1/2022,7/8/2022,0.070702,,,
2022-08-01,iShares ESG Advanced Total USD Bond Market ETF,,EUSB,8/2/2022,8/1/2022,8/5/2022,0.081787,,,
2022-09-01,iShares ESG Advanced Total USD Bond Market ETF,,EUSB,9/2/2022,9/1/2022,9/8/2022,0.084094,,,
2022-10-03,iShares ESG Advanced Total USD Bond Market ETF,,EUSB,10/4/2022,10/3/2022,10/7/2022,0.086667,,,
2022-11-01,iShares ESG Advanced Total USD Bond Market ETF,,EUSB,11/2/2022,11/1/2022,11/7/2022,0.091440,,,
2023-02-01,iShares ESG Advanced Total USD Bond Market ETF,,EUSB,2/2/2023,2/1/2023,2/7/2023,0.117550,,,
2023-03-01,iShares ESG Advanced Total USD Bond Market ETF,,EUSB,3/2/2023,3/1/2023,3/7/2023,0.100653,,,
2023-04-03,iShares ESG Advanced Total USD Bond Market ETF,,EUSB,4/4/2023,4/3/2023,4/7/2023,0.104563,,,
2023-05-01,iShares ESG Advanced Total USD Bond Market ETF,,EUSB,5/2/2023,5/1/2023,5/5/2023,0.106758,,,
2023-06-01,iShares ESG Advanced Total USD Bond Market ETF,,EUSB,6/2/2023,6/1/2023,6/7/2023,0.106293,,,
2023-07-03,iShares ESG Advanced Total USD Bond Market ETF,,EUSB,7/5/2023,7/3/2023,7/10/2023,0.108256,,,
2023-08-01,iShares ESG Advanced Total USD Bond Market ETF,,EUSB,8/2/2023,8/1/2023,8/7/2023,0.109591,,,
2023-09-01,iShares ESG Advanced Total USD Bond Market ETF,,EUSB,9/5/2023,9/1/2023,9/8/2023,0.111958,,,
2023-10-02,iShares ESG Advanced Total USD Bond Market ETF,,EUSB,10/3/2023,10/2/2023,10/6/2023,0.110319,,,
2023-11-01,iShares ESG Advanced Total USD Bond Market ETF,,EUSB,11/2/2023,11/1/2023,11/7/2023,0.121309,,,
2024-02-01,iShares ESG Advanced Total USD Bond Market ETF,,EUSB,2/2/2024,2/1/2024,2/7/2024,0.120738,,,
2024-03-01,iShares ESG Advanced Total USD Bond Market ETF,,EUSB,3/4/2024,3/1/2024,3/7/2024,0.120254,,,
2024-04-01,iShares ESG Advanced Total USD Bond Market ETF,,EUSB,4/2/2024,4/1/2024,4/5/2024,0.125028,,,
2024-05-01,iShares ESG Advanced Total USD Bond Market ETF,,EUSB,5/2/2024,5/1/2024,5/7/2024,0.125630,,,
2024-06-03,iShares ESG Advanced Total USD Bond Market ETF,,EUSB,6/3/2024,6/3/2024,6/7/2024,0.129787,,,
2024-07-01,iShares ESG Advanced Total USD Bond Market ETF,,EUSB,7/1/2024,7/1/2024,7/5/2024,0.129496,,,
2024-08-01,iShares ESG Advanced Total USD Bond Market ETF,,EUSB,8/1/2024,8/1/2024,8/6/2024,0.131544,,,
2024-09-03,iShares ESG Advanced Total USD Bond Market ETF,,EUSB,9/3/2024,9/3/2024,9/6/2024,0.134363,,,
2024-10-01,iShares ESG Advanced Total USD Bond Market ETF,,EUSB,10/1/2024,10/1/2024,10/4/2024,0.134162,,,
2024-11-01,iShares ESG Advanced Total USD Bond Market ETF,,EUSB,11/1/2024,11/1/2024,11/6/2024,0.135607,,,
2025-02-03,iShares ESG Advanced Total USD Bond Market ETF,,EUSB,2/3/2025,2/3/2025,2/6/2025,0.140117,,,
2025-03-03,iShares ESG Advanced Total USD Bond Market ETF,,EUSB,3/3/2025,3/3/2025,3/6/2025,0.132869,,,
2025-04-01,iShares ESG Advanced Total USD Bond Market ETF,,EUSB,4/1/2025,4/1/2025,4/4/2025,0.136321,,,
2025-05-01,iShares ESG Advanced Total USD Bond Market ETF,,EUSB,5/1/2025,5/1/2025,5/6/2025,0.138126,,,
2025-06-02,iShares ESG Advanced Total USD Bond Market ETF,,EUSB,6/2/2025,6/2/2025,6/5/2025,0.137012,,,
2025-07-01,iShares ESG Advanced Total USD Bond Market ETF,,EUSB,7/1/2025,7/1/2025,7/7/2025,0.140635,,,
2025-08-01,iShares ESG Advanced Total USD Bond Market ETF,,EUSB,8/1/2025,8/1/2025,8/6/2025,0.143806,,,
2025-09-02,iShares ESG Advanced Total USD Bond Market ETF,,EUSB,9/2/2025,9/2/2025,9/5/2025,0.142770,,,
2025-10-01,iShares ESG Advanced Total USD Bond Market ETF,,EUSB,10/1/2025,10/1/2025,10/6/2025,0.148878,,,
2025-11-03,iShares ESG Advanced Total USD Bond Market ETF,,EUSB,11/3/2025,11/3/2025,11/6/2025,0.142873,,,
2025-06-16,iShares MSCI Emerging Markets Value Factor ETF,,EVLU,6/16/2025,6/16/2025,6/20/2025,0.505097,,,
2023-03-23,iShares ESG Aware MSCI USA Value ETF,,EVUS,3/24/2023,3/23/2023,3/29/2023,0.108781,,,
2023-06-07,iShares ESG Aware MSCI USA Value ETF,,EVUS,6/8/2023,6/7/2023,6/13/2023,0.123885,,,
2023-09-26,iShares ESG Aware MSCI USA Value ETF,,EVUS,9/27/2023,9/26/2023,10/2/2023,0.190782,,,
2024-03-21,iShares ESG Aware MSCI USA Value ETF,,EVUS,3/22/2024,3/21/2024,3/27/2024,0.141842,,,
2024-06-11,iShares ESG Aware MSCI USA Value ETF,,EVUS,6/11/2024,6/11/2024,6/17/2024,0.111176,,,
2024-09-25,iShares ESG Aware MSCI USA Value ETF,,EVUS,9/25/2024,9/25/2024,9/30/2024,0.156046,,,
2025-03-18,iShares ESG Aware MSCI USA Value ETF,,EVUS,3/18/2025,3/18/2025,3/21/2025,0.108982,,,
2025-06-16,iShares ESG Aware MSCI USA Value ETF,,EVUS,6/16/2025,6/16/2025,6/20/2025,0.137336,,,
2025-09-16,iShares ESG Aware MSCI USA Value ETF,,EVUS,9/16/2025,9/16/2025,9/19/2025,0.147991,,,
2022-06-09,iShares MSCI Australia ETF,,EWA,6/10/2022,6/9/2022,6/15/2022,0.749406,,,
2023-06-07,iShares MSCI Australia ETF,,EWA,6/8/2023,6/7/2023,6/13/2023,0.420180,,,
2024-06-11,iShares MSCI Australia ETF,,EWA,6/11/2024,6/11/2024,6/17/2024,0.475335,,,
2025-06-16,iShares MSCI Australia ETF,,EWA,6/16/2025,6/16/2025,6/20/2025,0.403951,,,
2022-06-09,iShares MSCI Canada ETF,,EWC,6/10/2022,6/9/2022,6/15/2022,0.332758,,,
2023-06-07,iShares MSCI Canada ETF,,EWC,6/8/2023,6/7/2023,6/13/2023,0.428328,,,
2024-06-11,iShares MSCI Canada ETF,,EWC,6/11/2024,6/11/2024,6/17/2024,0.427736,,,
2025-06-16,iShares MSCI Canada ETF,,EWC,6/16/2025,6/16/2025,6/20/2025,0.373968,,,
2022-06-09,iShares MSCI Sweden ETF,,EWD,6/10/2022,6/9/2022,6/15/2022,0.992541,,,
2025-06-16,iShares MSCI Sweden ETF,,EWD,6/16/2025,6/16/2025,6/20/2025,1.010460,,,
2022-06-09,iShares MSCI Germany ETF,,EWG,6/10/2022,6/9/2022,6/15/2022,0.921397,,,
2023-06-07,iShares MSCI Germany ETF,,EWG,6/8/2023,6/7/2023,6/13/2023,0.905030,,,
2022-06-09,iShares MSCI Germany Small-Cap ETF,,EWGS,6/10/2022,6/9/2022,6/15/2022,1.256881,,,
2023-06-07,iShares MSCI Germany Small-Cap ETF,,EWGS,6/8/2023,6/7/2023,6/13/2023,0.990134,,,
2022-06-09,iShares MSCI Hong Kong ETF,,EWH,6/10/2022,6/9/2022,6/15/2022,0.330254,,,
2023-06-07,iShares MSCI Hong Kong ETF,,EWH,6/8/2023,6/7/2023,6/13/2023,0.313090,,,
2024-06-11,iShares MSCI Hong Kong ETF,,EWH,6/11/2024,6/11/2024,6/17/2024,0.351043,,,
2025-06-16,iShares MSCI Hong Kong ETF,,EWH,6/16/2025,6/16/2025,6/20/2025,0.418504,,,
2022-06-09,iShares MSCI Italy ETF,,EWI,6/10/2022,6/9/2022,6/15/2022,1.027432,,,
2023-06-07,iShares MSCI Italy ETF,,EWI,6/8/2023,6/7/2023,6/13/2023,0.867925,,,
2024-06-11,iShares MSCI Italy ETF,,EWI,6/11/2024,6/11/2024,6/17/2024,1.066255,,,
2025-06-16,iShares MSCI Italy ETF,,EWI,6/16/2025,6/16/2025,6/20/2025,0.957922,,,
2022-06-09,iShares MSCI Japan ETF,,EWJ,6/10/2022,6/9/2022,6/15/2022,0.669230,,,
2023-06-07,iShares MSCI Japan ETF,,EWJ,6/8/2023,6/7/2023,6/13/2023,0.468515,,,
2024-06-11,iShares MSCI Japan ETF,,EWJ,6/11/2024,6/11/2024,6/17/2024,0.558299,,,
2025-06-16,iShares MSCI Japan ETF,,EWJ,6/16/2025,6/16/2025,6/20/2025,0.620538,,,
2022-06-09,iShares MSCI Japan Value ETF,,EWJV,6/10/2022,6/9/2022,6/15/2022,0.443347,,,
2023-06-07,iShares MSCI Japan Value ETF,,EWJV,6/8/2023,6/7/2023,6/13/2023,0.418714,,,
2024-06-11,iShares MSCI Japan Value ETF,,EWJV,6/11/2024,6/11/2024,6/17/2024,0.511221,,,
2025-06-16,iShares MSCI Japan Value ETF,,EWJV,6/16/2025,6/16/2025,6/20/2025,0.391623,,,
2023-06-07,iShares MSCI Belgium ETF,,EWK,6/8/2023,6/7/2023,6/13/2023,0.209916,,,0.180776
2024-06-11,iShares MSCI Belgium ETF,,EWK,6/11/2024,6/11/2024,6/17/2024,0.432773,,,
2025-06-16,iShares MSCI Belgium ETF,,EWK,6/16/2025,6/16/2025,6/20/2025,0.307446,,,
2022-06-09,iShares MSCI Malaysia ETF,,EWM,6/10/2022,6/9/2022,6/15/2022,0.465159,,,
2023-06-07,iShares MSCI Malaysia ETF,,EWM,6/8/2023,6/7/2023,6/13/2023,0.365233,,,
2024-06-11,iShares MSCI Malaysia ETF,,EWM,6/11/2024,6/11/2024,6/17/2024,0.362630,,,
2025-06-16,iShares MSCI Malaysia ETF,,EWM,6/16/2025,6/16/2025,6/20/2025,0.507948,,,
2022-06-09,iShares MSCI Netherlands ETF,,EWN,6/10/2022,6/9/2022,6/15/2022,0.597352,,,
2023-06-07,iShares MSCI Netherlands ETF,,EWN,6/8/2023,6/7/2023,6/13/2023,0.567217,,,
2024-06-11,iShares MSCI Netherlands ETF,,EWN,6/11/2024,6/11/2024,6/17/2024,0.667884,,,
2025-06-16,iShares MSCI Netherlands ETF,,EWN,6/16/2025,6/16/2025,6/20/2025,0.752893,,,
2022-06-09,iShares MSCI Austria ETF,,EWO,6/10/2022,6/9/2022,6/15/2022,0.590870,,,
2023-06-07,iShares MSCI Austria ETF,,EWO,6/8/2023,6/7/2023,6/13/2023,0.648877,,,
2024-06-11,iShares MSCI Austria ETF,,EWO,6/11/2024,6/11/2024,6/17/2024,1.098916,,,
2022-06-09,iShares MSCI Spain ETF,,EWP,6/10/2022,6/9/2022,6/15/2022,0.421665,,,
2023-06-07,iShares MSCI Spain ETF,,EWP,6/8/2023,6/7/2023,6/13/2023,0.399639,,,
2024-06-11,iShares MSCI Spain ETF,,EWP,6/11/2024,6/11/2024,6/17/2024,0.600633,,,
2025-06-16,iShares MSCI Spain ETF,,EWP,6/16/2025,6/16/2025,6/20/2025,0.559746,,,
2022-06-09,iShares MSCI France ETF,,EWQ,6/10/2022,6/9/2022,6/15/2022,0.948312,,,
2023-06-07,iShares MSCI France ETF,,EWQ,6/8/2023,6/7/2023,6/13/2023,0.817352,,,
2024-06-11,iShares MSCI France ETF,,EWQ,6/11/2024,6/11/2024,6/17/2024,0.914603,,,
2025-06-16,iShares MSCI France ETF,,EWQ,6/16/2025,6/16/2025,6/20/2025,0.962156,,,
2022-06-09,iShares MSCI Singapore ETF,,EWS,6/10/2022,6/9/2022,6/15/2022,0.281652,,,
2023-06-07,iShares MSCI Singapore ETF,,EWS,6/8/2023,6/7/2023,6/13/2023,0.683848,,,
2024-06-11,iShares MSCI Singapore ETF,,EWS,6/11/2024,6/11/2024,6/17/2024,0.353809,,,
2025-06-16,iShares MSCI Singapore ETF,,EWS,6/16/2025,6/16/2025,6/20/2025,0.462706,,,
2022-06-09,iShares MSCI United Kingdom ETF,,EWU,6/10/2022,6/9/2022,6/15/2022,0.583151,,,
2023-06-07,iShares MSCI United Kingdom ETF,,EWU,6/8/2023,6/7/2023,6/13/2023,0.622949,,,
2024-06-11,iShares MSCI United Kingdom ETF,,EWU,6/11/2024,6/11/2024,6/17/2024,0.683710,,,
2025-06-16,iShares MSCI United Kingdom ETF,,EWU,6/16/2025,6/16/2025,6/20/2025,0.811723,,,
2022-06-09,iShares MSCI United Kingdom Small-Cap ETF,,EWUS,6/10/2022,6/9/2022,6/15/2022,0.459175,,,
2023-06-07,iShares MSCI United Kingdom Small-Cap ETF,,EWUS,6/8/2023,6/7/2023,6/13/2023,0.373986,,,
2024-06-11,iShares MSCI United Kingdom Small-Cap ETF,,EWUS,6/11/2024,6/11/2024,6/17/2024,0.438145,,,
2025-06-16,iShares MSCI United Kingdom Small-Cap ETF,,EWUS,6/16/2025,6/16/2025,6/20/2025,0.697071,,,
2022-06-09,iShares MSCI Mexico ETF,,EWW,6/10/2022,6/9/2022,6/15/2022,0.812491,,,
2023-06-07,iShares MSCI Mexico ETF,,EWW,6/8/2023,6/7/2023,6/13/2023,0.508847,,,
2024-06-11,iShares MSCI Mexico ETF,,EWW,6/11/2024,6/11/2024,6/17/2024,0.543589,,,
2025-06-16,iShares MSCI Mexico ETF,,EWW,6/16/2025,6/16/2025,6/20/2025,1.181440,,,
2022-06-09,iShares MSCI Brazil ETF,,EWZ,6/10/2022,6/9/2022,6/15/2022,1.544002,,,
2023-06-07,iShares MSCI Brazil ETF,,EWZ,6/8/2023,6/7/2023,6/13/2023,0.805078,,,
2024-06-11,iShares MSCI Brazil ETF,,EWZ,6/11/2024,6/11/2024,6/17/2024,0.988185,,,
2025-06-16,iShares MSCI Brazil ETF,,EWZ,6/16/2025,6/16/2025,6/20/2025,0.544639,,,
2022-06-09,iShares MSCI Brazil Small-Cap ETF,,EWZS,6/10/2022,6/9/2022,6/15/2022,0.231794,,,
2023-06-07,iShares MSCI Brazil Small-Cap ETF,,EWZS,6/8/2023,6/7/2023,6/13/2023,0.176242,,,
2024-06-11,iShares MSCI Brazil Small-Cap ETF,,EWZS,6/11/2024,6/11/2024,6/17/2024,0.228267,,,
2025-06-16,iShares MSCI Brazil Small-Cap ETF,,EWZS,6/16/2025,6/16/2025,6/20/2025,0.135816,,,
2022-06-09,iShares Global Industrials ETF,,EXI,6/10/2022,6/9/2022,6/15/2022,1.148684,,,
2023-06-07,iShares Global Industrials ETF,,EXI,6/8/2023,6/7/2023,6/13/2023,1.487503,,,
2024-06-11,iShares Global Industrials ETF,,EXI,6/11/2024,6/11/2024,6/17/2024,1.146375,,,
2025-06-16,iShares Global Industrials ETF,,EXI,6/16/2025,6/16/2025,6/20/2025,1.336946,,,
2022-06-09,iShares MSCI South Africa ETF,,EZA,6/10/2022,6/9/2022,6/15/2022,1.144152,,,
2023-06-07,iShares MSCI South Africa ETF,,EZA,6/8/2023,6/7/2023,6/13/2023,0.841131,,,
2024-06-11,iShares MSCI South Africa ETF,,EZA,6/11/2024,6/11/2024,6/17/2024,0.676501,,,
2025-06-16,iShares MSCI South Africa ETF,,EZA,6/16/2025,6/16/2025,6/23/2025,0.652434,,,
2022-06-09,iShares MSCI Eurozone ETF,,EZU,6/10/2022,6/9/2022,6/15/2022,0.927818,,,
2023-06-07,iShares MSCI Eurozone ETF,,EZU,6/8/2023,6/7/2023,6/13/2023,0.931275,,,
2024-06-11,iShares MSCI Eurozone ETF,,EZU,6/11/2024,6/11/2024,6/17/2024,1.114019,,,
2025-06-16,iShares MSCI Eurozone ETF,,EZU,6/16/2025,6/16/2025,6/20/2025,1.319023,,,
2022-02-01,iShares Fallen Angels USD Bond ETF,,FALN,2/2/2022,2/1/2022,2/7/2022,0.088591,,,
2022-03-01,iShares Fallen Angels USD Bond ETF,,FALN,3/2/2022,3/1/2022,3/7/2022,0.095967,,,
2022-04-01,iShares Fallen Angels USD Bond ETF,,FALN,4/4/2022,4/1/2022,4/7/2022,0.104186,,,
2022-05-02,iShares Fallen Angels USD Bond ETF,,FALN,5/3/2022,5/2/2022,5/6/2022,0.095924,,,
2022-06-01,iShares Fallen Angels USD Bond ETF,,FALN,6/2/2022,6/1/2022,6/7/2022,0.098918,,,
2022-07-01,iShares Fallen Angels USD Bond ETF,,FALN,7/5/2022,7/1/2022,7/8/2022,0.096749,,,
2022-08-01,iShares Fallen Angels USD Bond ETF,,FALN,8/2/2022,8/1/2022,8/5/2022,0.112410,,,
2022-09-01,iShares Fallen Angels USD Bond ETF,,FALN,9/2/2022,9/1/2022,9/8/2022,0.102560,,,
2022-10-03,iShares Fallen Angels USD Bond ETF,,FALN,10/4/2022,10/3/2022,10/7/2022,0.103326,,,
2022-11-01,iShares Fallen Angels USD Bond ETF,,FALN,11/2/2022,11/1/2022,11/7/2022,0.136418,,,
2023-02-01,iShares Fallen Angels USD Bond ETF,,FALN,2/2/2023,2/1/2023,2/7/2023,0.113223,,,
2023-03-01,iShares Fallen Angels USD Bond ETF,,FALN,3/2/2023,3/1/2023,3/7/2023,0.110627,,,
2023-04-03,iShares Fallen Angels USD Bond ETF,,FALN,4/4/2023,4/3/2023,4/7/2023,0.107576,,,
2023-05-01,iShares Fallen Angels USD Bond ETF,,FALN,5/2/2023,5/1/2023,5/5/2023,0.113905,,,
2023-06-01,iShares Fallen Angels USD Bond ETF,,FALN,6/2/2023,6/1/2023,6/7/2023,0.111930,,,
2023-07-03,iShares Fallen Angels USD Bond ETF,,FALN,7/5/2023,7/3/2023,7/10/2023,0.112072,,,
2023-08-01,iShares Fallen Angels USD Bond ETF,,FALN,8/2/2023,8/1/2023,8/7/2023,0.144621,,,
2023-09-01,iShares Fallen Angels USD Bond ETF,,FALN,9/5/2023,9/1/2023,9/8/2023,0.115984,,,
2023-10-02,iShares Fallen Angels USD Bond ETF,,FALN,10/3/2023,10/2/2023,10/6/2023,0.120635,,,
2023-11-01,iShares Fallen Angels USD Bond ETF,,FALN,11/2/2023,11/1/2023,11/7/2023,0.112520,,,
2024-02-01,iShares Fallen Angels USD Bond ETF,,FALN,2/2/2024,2/1/2024,2/7/2024,0.122396,,,
2024-03-01,iShares Fallen Angels USD Bond ETF,,FALN,3/4/2024,3/1/2024,3/7/2024,0.134462,,,
2024-04-01,iShares Fallen Angels USD Bond ETF,,FALN,4/2/2024,4/1/2024,4/5/2024,0.169167,,,
2024-05-01,iShares Fallen Angels USD Bond ETF,,FALN,5/2/2024,5/1/2024,5/7/2024,0.133030,,,
2024-06-03,iShares Fallen Angels USD Bond ETF,,FALN,6/3/2024,6/3/2024,6/7/2024,0.141449,,,
2024-07-01,iShares Fallen Angels USD Bond ETF,,FALN,7/1/2024,7/1/2024,7/5/2024,0.137910,,,
2024-08-01,iShares Fallen Angels USD Bond ETF,,FALN,8/1/2024,8/1/2024,8/6/2024,0.138518,,,
2024-09-03,iShares Fallen Angels USD Bond ETF,,FALN,9/3/2024,9/3/2024,9/6/2024,0.134846,,,
2024-10-01,iShares Fallen Angels USD Bond ETF,,FALN,10/1/2024,10/1/2024,10/4/2024,0.138673,,,
2024-11-01,iShares Fallen Angels USD Bond ETF,,FALN,11/1/2024,11/1/2024,11/6/2024,0.140883,,,
2025-02-03,iShares Fallen Angels USD Bond ETF,,FALN,2/3/2025,2/3/2025,2/6/2025,0.143278,,,
2025-03-03,iShares Fallen Angels USD Bond ETF,,FALN,3/3/2025,3/3/2025,3/6/2025,0.137245,,,
2025-04-01,iShares Fallen Angels USD Bond ETF,,FALN,4/1/2025,4/1/2025,4/4/2025,0.140796,,,
2025-05-01,iShares Fallen Angels USD Bond ETF,,FALN,5/1/2025,5/1/2025,5/6/2025,0.153775,,,
2025-06-02,iShares Fallen Angels USD Bond ETF,,FALN,6/2/2025,6/2/2025,6/5/2025,0.142690,,,
2025-07-01,iShares Fallen Angels USD Bond ETF,,FALN,7/1/2025,7/1/2025,7/7/2025,0.132715,,,
2025-08-01,iShares Fallen Angels USD Bond ETF,,FALN,8/1/2025,8/1/2025,8/6/2025,0.141637,,,
2025-09-02,iShares Fallen Angels USD Bond ETF,,FALN,9/2/2025,9/2/2025,9/5/2025,0.142378,,,
2025-10-01,iShares Fallen Angels USD Bond ETF,,FALN,10/1/2025,10/1/2025,10/6/2025,0.143535,,,
2025-11-03,iShares Fallen Angels USD Bond ETF,,FALN,11/3/2025,11/3/2025,11/6/2025,0.151445,,,
2022-02-01,iShares U.S. Fixed Income Balanced Risk Systematic ETF (now SYSB),,FIBR,2/2/2022,2/1/2022,2/7/2022,0.148446,,,
2022-03-01,iShares U.S. Fixed Income Balanced Risk Systematic ETF (now SYSB),,FIBR,3/2/2022,3/1/2022,3/7/2022,0.161988,,,
2022-04-01,iShares U.S. Fixed Income Balanced Risk Systematic ETF (now SYSB),,FIBR,4/4/2022,4/1/2022,4/7/2022,0.175403,,,
2022-05-02,iShares U.S. Fixed Income Balanced Risk Systematic ETF (now SYSB),,FIBR,5/3/2022,5/2/2022,5/6/2022,0.203076,,,
2022-06-01,iShares U.S. Fixed Income Balanced Risk Systematic ETF (now SYSB),,FIBR,6/2/2022,6/1/2022,6/7/2022,0.184689,,,
2022-07-01,iShares U.S. Fixed Income Balanced Risk Systematic ETF (now SYSB),,FIBR,7/5/2022,7/1/2022,7/8/2022,0.229136,,,
2022-08-01,iShares U.S. Fixed Income Balanced Risk Systematic ETF (now SYSB),,FIBR,8/2/2022,8/1/2022,8/5/2022,0.237271,,,
2022-09-01,iShares U.S. Fixed Income Balanced Risk Systematic ETF (now SYSB),,FIBR,9/2/2022,9/1/2022,9/8/2022,0.259416,,,
2022-10-03,iShares U.S. Fixed Income Balanced Risk Systematic ETF (now SYSB),,FIBR,10/4/2022,10/3/2022,10/7/2022,0.284931,,,
2022-11-01,iShares U.S. Fixed Income Balanced Risk Systematic ETF (now SYSB),,FIBR,11/2/2022,11/1/2022,11/7/2022,0.278248,,,
2023-02-01,iShares U.S. Fixed Income Balanced Risk Systematic ETF (now SYSB),,FIBR,2/2/2023,2/1/2023,2/7/2023,0.297798,,,
2023-03-01,iShares U.S. Fixed Income Balanced Risk Systematic ETF (now SYSB),,FIBR,3/2/2023,3/1/2023,3/7/2023,0.300884,,,
2023-04-03,iShares U.S. Fixed Income Balanced Risk Systematic ETF (now SYSB),,FIBR,4/4/2023,4/3/2023,4/7/2023,0.312080,,,
2023-05-01,iShares U.S. Fixed Income Balanced Risk Systematic ETF (now SYSB),,FIBR,5/2/2023,5/1/2023,5/5/2023,0.306483,,,
2023-06-01,iShares U.S. Fixed Income Balanced Risk Systematic ETF (now SYSB),,FIBR,6/2/2023,6/1/2023,6/7/2023,0.323063,,,
2023-07-03,iShares U.S. Fixed Income Balanced Risk Systematic ETF (now SYSB),,FIBR,7/5/2023,7/3/2023,7/10/2023,0.310809,,,
2023-08-01,iShares U.S. Fixed Income Balanced Risk Systematic ETF (now SYSB),,FIBR,8/2/2023,8/1/2023,8/7/2023,0.333039,,,
2023-09-01,iShares U.S. Fixed Income Balanced Risk Systematic ETF (now SYSB),,FIBR,9/5/2023,9/1/2023,9/8/2023,0.312349,,,
2023-10-02,iShares U.S. Fixed Income Balanced Risk Systematic ETF (now SYSB),,FIBR,10/3/2023,10/2/2023,10/6/2023,0.322721,,,
2023-11-01,iShares U.S. Fixed Income Balanced Risk Systematic ETF (now SYSB),,FIBR,11/2/2023,11/1/2023,11/7/2023,0.329032,,,
2024-02-01,iShares U.S. Fixed Income Balanced Risk Systematic ETF (now SYSB),,FIBR,2/2/2024,2/1/2024,2/7/2024,0.337675,,,
2024-03-01,iShares U.S. Fixed Income Balanced Risk Systematic ETF (now SYSB),,FIBR,3/4/2024,3/1/2024,3/7/2024,0.339362,,,
2024-04-01,iShares U.S. Fixed Income Balanced Risk Systematic ETF (now SYSB),,FIBR,4/2/2024,4/1/2024,4/5/2024,0.361057,,,
2024-05-01,iShares U.S. Fixed Income Balanced Risk Systematic ETF (now SYSB),,FIBR,5/2/2024,5/1/2024,5/7/2024,0.359071,,,
2024-06-03,iShares U.S. Fixed Income Balanced Risk Systematic ETF (now SYSB),,FIBR,6/3/2024,6/3/2024,6/7/2024,0.363258,,,
2024-07-01,iShares U.S. Fixed Income Balanced Risk Systematic ETF (now SYSB),,FIBR,7/1/2024,7/1/2024,7/5/2024,0.333074,,,
2024-08-01,iShares U.S. Fixed Income Balanced Risk Systematic ETF (now SYSB),,FIBR,8/1/2024,8/1/2024,8/6/2024,0.377149,,,
2024-09-03,iShares U.S. Fixed Income Balanced Risk Systematic ETF (now SYSB),,FIBR,9/3/2024,9/3/2024,9/6/2024,0.373848,,,
2024-10-01,iShares U.S. Fixed Income Balanced Risk Systematic ETF (now SYSB),,FIBR,10/1/2024,10/1/2024,10/4/2024,0.378746,,,
2024-11-01,iShares U.S. Fixed Income Balanced Risk Systematic ETF (now SYSB),,FIBR,11/1/2024,11/1/2024,11/6/2024,0.385710,,,
2022-06-09,iShares MSCI Global Energy Producers ETF (now POWR),,FILL,6/10/2022,6/9/2022,6/15/2022,0.389173,,,
2023-06-07,iShares MSCI Global Energy Producers ETF (now POWR),,FILL,6/8/2023,6/7/2023,6/13/2023,0.400956,,,
2024-06-11,iShares MSCI Global Energy Producers ETF (now POWR),,FILL,6/11/2024,6/11/2024,6/17/2024,0.409691,,,
2022-02-01,iShares Floating Rate Bond ETF,,FLOT,2/2/2022,2/1/2022,2/7/2022,0.016930,,,
2022-03-01,iShares Floating Rate Bond ETF,,FLOT,3/2/2022,3/1/2022,3/7/2022,0.017915,,,
2022-04-01,iShares Floating Rate Bond ETF,,FLOT,4/4/2022,4/1/2022,4/7/2022,0.022384,,,
2022-05-02,iShares Floating Rate Bond ETF,,FLOT,5/3/2022,5/2/2022,5/6/2022,0.024799,,,
2022-06-01,iShares Floating Rate Bond ETF,,FLOT,6/2/2022,6/1/2022,6/7/2022,0.042234,,,
2022-07-01,iShares Floating Rate Bond ETF,,FLOT,7/5/2022,7/1/2022,7/8/2022,0.049297,,,
2022-08-01,iShares Floating Rate Bond ETF,,FLOT,8/2/2022,8/1/2022,8/5/2022,0.068130,,,
2022-09-01,iShares Floating Rate Bond ETF,,FLOT,9/2/2022,9/1/2022,9/8/2022,0.107523,,,
2022-10-03,iShares Floating Rate Bond ETF,,FLOT,10/4/2022,10/3/2022,10/7/2022,0.127046,,,
2022-11-01,iShares Floating Rate Bond ETF,,FLOT,11/2/2022,11/1/2022,11/7/2022,0.171355,,,
2023-02-01,iShares Floating Rate Bond ETF,,FLOT,2/2/2023,2/1/2023,2/7/2023,0.223258,,,
2023-03-01,iShares Floating Rate Bond ETF,,FLOT,3/2/2023,3/1/2023,3/7/2023,0.203709,,,
2023-04-03,iShares Floating Rate Bond ETF,,FLOT,4/4/2023,4/3/2023,4/7/2023,0.224253,,,
2023-05-01,iShares Floating Rate Bond ETF,,FLOT,5/2/2023,5/1/2023,5/5/2023,0.230357,,,
2023-06-01,iShares Floating Rate Bond ETF,,FLOT,6/2/2023,6/1/2023,6/7/2023,0.242965,,,
2023-07-03,iShares Floating Rate Bond ETF,,FLOT,7/5/2023,7/3/2023,7/10/2023,0.234138,,,
2023-08-01,iShares Floating Rate Bond ETF,,FLOT,8/2/2023,8/1/2023,8/7/2023,0.248559,,,
2023-09-01,iShares Floating Rate Bond ETF,,FLOT,9/5/2023,9/1/2023,9/8/2023,0.253771,,,
2023-10-02,iShares Floating Rate Bond ETF,,FLOT,10/3/2023,10/2/2023,10/6/2023,0.247027,,,
2023-11-01,iShares Floating Rate Bond ETF,,FLOT,11/2/2023,11/1/2023,11/7/2023,0.252877,,,
2024-02-01,iShares Floating Rate Bond ETF,,FLOT,2/2/2024,2/1/2024,2/7/2024,0.259377,,,
2024-03-01,iShares Floating Rate Bond ETF,,FLOT,3/4/2024,3/1/2024,3/7/2024,0.241372,,,
2024-04-01,iShares Floating Rate Bond ETF,,FLOT,4/2/2024,4/1/2024,4/5/2024,0.255934,,,
2024-05-01,iShares Floating Rate Bond ETF,,FLOT,5/2/2024,5/1/2024,5/7/2024,0.248599,,,
2024-06-03,iShares Floating Rate Bond ETF,,FLOT,6/3/2024,6/3/2024,6/7/2024,0.258926,,,
2024-07-01,iShares Floating Rate Bond ETF,,FLOT,7/1/2024,7/1/2024,7/5/2024,0.249398,,,
2024-08-01,iShares Floating Rate Bond ETF,,FLOT,8/1/2024,8/1/2024,8/6/2024,0.254218,,,
2024-09-03,iShares Floating Rate Bond ETF,,FLOT,9/3/2024,9/3/2024,9/6/2024,0.260038,,,
2024-10-01,iShares Floating Rate Bond ETF,,FLOT,10/1/2024,10/1/2024,10/4/2024,0.239965,,,
2024-11-01,iShares Floating Rate Bond ETF,,FLOT,11/1/2024,11/1/2024,11/6/2024,0.242717,,,
2025-02-03,iShares Floating Rate Bond ETF,,FLOT,2/3/2025,2/3/2025,2/6/2025,0.202083,,,
2025-03-03,iShares Floating Rate Bond ETF,,FLOT,3/3/2025,3/3/2025,3/6/2025,0.191235,,,
2025-04-01,iShares Floating Rate Bond ETF,,FLOT,4/1/2025,4/1/2025,4/4/2025,0.210435,,,
2025-05-01,iShares Floating Rate Bond ETF,,FLOT,5/1/2025,5/1/2025,5/6/2025,0.208038,,,
2025-06-02,iShares Floating Rate Bond ETF,,FLOT,6/2/2025,6/2/2025,6/5/2025,0.211069,,,
2025-07-01,iShares Floating Rate Bond ETF,,FLOT,7/1/2025,7/1/2025,7/7/2025,0.204874,,,
2025-08-01,iShares Floating Rate Bond ETF,,FLOT,8/1/2025,8/1/2025,8/6/2025,0.210153,,,
2025-09-02,iShares Floating Rate Bond ETF,,FLOT,9/2/2025,9/2/2025,9/5/2025,0.213934,,,
2025-10-01,iShares Floating Rate Bond ETF,,FLOT,10/1/2025,10/1/2025,10/6/2025,0.208408,,,
2025-11-03,iShares Floating Rate Bond ETF,,FLOT,11/3/2025,11/3/2025,11/6/2025,0.205306,,,
2022-06-09,iShares MSCI Frontier and Select EM ETF,,FM,6/10/2022,6/9/2022,6/15/2022,0.727190,,,
2023-06-07,iShares MSCI Frontier and Select EM ETF,,FM,6/8/2023,6/7/2023,6/13/2023,0.461835,,,
2024-06-11,iShares MSCI Frontier and Select EM ETF,,FM,6/11/2024,6/11/2024,6/17/2024,0.621598,,,
2022-03-24,iShares Focused Value Factor ETF,,FOVL,3/25/2022,3/24/2022,3/30/2022,0.482949,,,
2022-06-09,iShares Focused Value Factor ETF,,FOVL,6/10/2022,6/9/2022,6/15/2022,0.426261,,,
2022-09-26,iShares Focused Value Factor ETF,,FOVL,9/27/2022,9/26/2022,9/30/2022,0.389361,,,
2023-03-23,iShares Focused Value Factor ETF,,FOVL,3/24/2023,3/23/2023,3/29/2023,0.376470,,,
2023-06-07,iShares Focused Value Factor ETF,,FOVL,6/8/2023,6/7/2023,6/13/2023,0.290337,,,
2023-09-26,iShares Focused Value Factor ETF,,FOVL,9/27/2023,9/26/2023,10/2/2023,0.381676,,,
2024-03-21,iShares Focused Value Factor ETF,,FOVL,3/22/2024,3/21/2024,3/27/2024,0.296401,,,
2024-06-11,iShares Focused Value Factor ETF,,FOVL,6/11/2024,6/11/2024,6/17/2024,0.328857,,,
2024-09-25,iShares Focused Value Factor ETF,,FOVL,9/25/2024,9/25/2024,9/30/2024,0.279002,,,
2025-03-18,iShares Focused Value Factor ETF,,FOVL,3/18/2025,3/18/2025,3/21/2025,0.601238,,,
2022-06-09,iShares China Large-Cap ETF,,FXI,6/10/2022,6/9/2022,6/15/2022,0.159448,,,
2023-06-07,iShares China Large-Cap ETF,,FXI,6/8/2023,6/7/2023,6/13/2023,0.165717,,,
2024-06-11,iShares China Large-Cap ETF,,FXI,6/11/2024,6/11/2024,6/17/2024,0.094491,,,
2025-06-16,iShares China Large-Cap ETF,,FXI,6/16/2025,6/16/2025,6/20/2025,0.576668,,,
2024-03-21,iShares MSCI USA Quality GARP ETF,,GARP,3/22/2024,3/21/2024,3/27/2024,0.033837,,,
2024-06-11,iShares MSCI USA Quality GARP ETF,,GARP,6/11/2024,6/11/2024,6/17/2024,0.036377,,,
2024-09-25,iShares MSCI USA Quality GARP ETF,,GARP,9/25/2024,9/25/2024,9/30/2024,0.071719,,,
2025-03-18,iShares MSCI USA Quality GARP ETF,,GARP,3/18/2025,3/18/2025,3/21/2025,0.049915,,,
2025-06-16,iShares MSCI USA Quality GARP ETF,,GARP,6/16/2025,6/16/2025,6/20/2025,0.041064,,,
2025-09-16,iShares MSCI USA Quality GARP ETF,,GARP,9/16/2025,9/16/2025,9/19/2025,0.059238,,,
2022-02-01,iShares Government/Credit Bond ETF,,GBF,2/2/2022,2/1/2022,2/7/2022,0.128966,,,
2022-03-01,iShares Government/Credit Bond ETF,,GBF,3/2/2022,3/1/2022,3/7/2022,0.132584,,,
2022-04-01,iShares Government/Credit Bond ETF,,GBF,4/4/2022,4/1/2022,4/7/2022,0.140922,,,
2022-05-02,iShares Government/Credit Bond ETF,,GBF,5/3/2022,5/2/2022,5/6/2022,0.152106,,,
2022-06-01,iShares Government/Credit Bond ETF,,GBF,6/2/2022,6/1/2022,6/7/2022,0.163913,,,
2022-07-01,iShares Government/Credit Bond ETF,,GBF,7/5/2022,7/1/2022,7/8/2022,0.194781,,,
2022-08-01,iShares Government/Credit Bond ETF,,GBF,8/2/2022,8/1/2022,8/5/2022,0.204970,,,
2022-09-01,iShares Government/Credit Bond ETF,,GBF,9/2/2022,9/1/2022,9/8/2022,0.205658,,,
2022-10-03,iShares Government/Credit Bond ETF,,GBF,10/4/2022,10/3/2022,10/7/2022,0.218615,,,
2022-11-01,iShares Government/Credit Bond ETF,,GBF,11/2/2022,11/1/2022,11/7/2022,0.205688,,,
2023-02-01,iShares Government/Credit Bond ETF,,GBF,2/2/2023,2/1/2023,2/7/2023,0.192742,,,
2023-03-01,iShares Government/Credit Bond ETF,,GBF,3/2/2023,3/1/2023,3/7/2023,0.229147,,,
2023-04-03,iShares Government/Credit Bond ETF,,GBF,4/4/2023,4/3/2023,4/7/2023,0.237771,,,
2023-05-01,iShares Government/Credit Bond ETF,,GBF,5/2/2023,5/1/2023,5/5/2023,0.237563,,,
2023-06-01,iShares Government/Credit Bond ETF,,GBF,6/2/2023,6/1/2023,6/7/2023,0.243996,,,
2023-07-03,iShares Government/Credit Bond ETF,,GBF,7/5/2023,7/3/2023,7/10/2023,0.227729,,,
2023-08-01,iShares Government/Credit Bond ETF,,GBF,8/2/2023,8/1/2023,8/7/2023,0.251755,,,
2023-09-01,iShares Government/Credit Bond ETF,,GBF,9/5/2023,9/1/2023,9/8/2023,0.238971,,,
2023-10-02,iShares Government/Credit Bond ETF,,GBF,10/3/2023,10/2/2023,10/6/2023,0.264339,,,
2023-11-01,iShares Government/Credit Bond ETF,,GBF,11/2/2023,11/1/2023,11/7/2023,0.357577,,,
2024-02-01,iShares Government/Credit Bond ETF,,GBF,2/2/2024,2/1/2024,2/7/2024,0.350424,,,
2024-03-01,iShares Government/Credit Bond ETF,,GBF,3/4/2024,3/1/2024,3/7/2024,0.335568,,,
2024-04-01,iShares Government/Credit Bond ETF,,GBF,4/2/2024,4/1/2024,4/5/2024,0.385413,,,
2024-05-01,iShares Government/Credit Bond ETF,,GBF,5/2/2024,5/1/2024,5/7/2024,0.333875,,,
2024-06-03,iShares Government/Credit Bond ETF,,GBF,6/3/2024,6/3/2024,6/7/2024,0.328946,,,
2024-07-01,iShares Government/Credit Bond ETF,,GBF,7/1/2024,7/1/2024,7/5/2024,0.328300,,,
2024-08-01,iShares Government/Credit Bond ETF,,GBF,8/1/2024,8/1/2024,8/6/2024,0.328599,,,
2024-09-03,iShares Government/Credit Bond ETF,,GBF,9/3/2024,9/3/2024,9/6/2024,0.328203,,,
2024-10-01,iShares Government/Credit Bond ETF,,GBF,10/1/2024,10/1/2024,10/4/2024,0.324015,,,
2024-11-01,iShares Government/Credit Bond ETF,,GBF,11/1/2024,11/1/2024,11/6/2024,0.329199,,,
2025-02-03,iShares Government/Credit Bond ETF,,GBF,2/3/2025,2/3/2025,2/6/2025,0.332299,,,
2025-03-03,iShares Government/Credit Bond ETF,,GBF,3/3/2025,3/3/2025,3/6/2025,0.393089,,,
2025-04-01,iShares Government/Credit Bond ETF,,GBF,4/1/2025,4/1/2025,4/4/2025,0.324704,,,
2025-05-01,iShares Government/Credit Bond ETF,,GBF,5/1/2025,5/1/2025,5/6/2025,0.318927,,,
2025-06-02,iShares Government/Credit Bond ETF,,GBF,6/2/2025,6/2/2025,6/5/2025,0.325289,,,
2025-07-01,iShares Government/Credit Bond ETF,,GBF,7/1/2025,7/1/2025,7/7/2025,0.336020,,,
2025-08-01,iShares Government/Credit Bond ETF,,GBF,8/1/2025,8/1/2025,8/6/2025,0.339026,,,
2025-09-02,iShares Government/Credit Bond ETF,,GBF,9/2/2025,9/2/2025,9/5/2025,0.320044,,,
2025-10-01,iShares Government/Credit Bond ETF,,GBF,10/1/2025,10/1/2025,10/6/2025,0.313977,,,
2025-11-03,iShares Government/Credit Bond ETF,,GBF,11/3/2025,11/3/2025,11/6/2025,0.335317,,,
2022-02-01,iShares US & Intl High Yield Corp Bond ETF,,GHYG,2/2/2022,2/1/2022,2/7/2022,0.168371,,,
2022-03-01,iShares US & Intl High Yield Corp Bond ETF,,GHYG,3/2/2022,3/1/2022,3/7/2022,0.166431,,,
2022-04-01,iShares US & Intl High Yield Corp Bond ETF,,GHYG,4/4/2022,4/1/2022,4/7/2022,0.168410,,,
2022-05-02,iShares US & Intl High Yield Corp Bond ETF,,GHYG,5/3/2022,5/2/2022,5/6/2022,0.152831,,,
2022-06-01,iShares US & Intl High Yield Corp Bond ETF,,GHYG,6/2/2022,6/1/2022,6/7/2022,0.156306,,,
2022-07-01,iShares US & Intl High Yield Corp Bond ETF,,GHYG,7/5/2022,7/1/2022,7/8/2022,0.172568,,,
2022-08-01,iShares US & Intl High Yield Corp Bond ETF,,GHYG,8/2/2022,8/1/2022,8/5/2022,0.161021,,,
2022-09-01,iShares US & Intl High Yield Corp Bond ETF,,GHYG,9/2/2022,9/1/2022,9/8/2022,0.164045,,,
2022-10-03,iShares US & Intl High Yield Corp Bond ETF,,GHYG,10/4/2022,10/3/2022,10/7/2022,0.180437,,,
2022-11-01,iShares US & Intl High Yield Corp Bond ETF,,GHYG,11/2/2022,11/1/2022,11/7/2022,0.161863,,,
2023-02-01,iShares US & Intl High Yield Corp Bond ETF,,GHYG,2/2/2023,2/1/2023,2/7/2023,0.195774,,,
2023-03-01,iShares US & Intl High Yield Corp Bond ETF,,GHYG,3/2/2023,3/1/2023,3/7/2023,0.183748,,,
2023-04-03,iShares US & Intl High Yield Corp Bond ETF,,GHYG,4/4/2023,4/3/2023,4/7/2023,0.205628,,,
2023-05-01,iShares US & Intl High Yield Corp Bond ETF,,GHYG,5/2/2023,5/1/2023,5/5/2023,0.208431,,,
2023-06-01,iShares US & Intl High Yield Corp Bond ETF,,GHYG,6/2/2023,6/1/2023,6/7/2023,0.214657,,,
2023-07-03,iShares US & Intl High Yield Corp Bond ETF,,GHYG,7/5/2023,7/3/2023,7/10/2023,0.226629,,,
2023-08-01,iShares US & Intl High Yield Corp Bond ETF,,GHYG,8/2/2023,8/1/2023,8/7/2023,0.212870,,,
2023-09-01,iShares US & Intl High Yield Corp Bond ETF,,GHYG,9/5/2023,9/1/2023,9/8/2023,0.203686,,,
2023-10-02,iShares US & Intl High Yield Corp Bond ETF,,GHYG,10/3/2023,10/2/2023,10/6/2023,0.214967,,,
2023-11-01,iShares US & Intl High Yield Corp Bond ETF,,GHYG,11/2/2023,11/1/2023,11/7/2023,0.215343,,,
2024-02-01,iShares US & Intl High Yield Corp Bond ETF,,GHYG,2/2/2024,2/1/2024,2/7/2024,0.216508,,,
2024-03-01,iShares US & Intl High Yield Corp Bond ETF,,GHYG,3/4/2024,3/1/2024,3/7/2024,0.209757,,,
2024-04-01,iShares US & Intl High Yield Corp Bond ETF,,GHYG,4/2/2024,4/1/2024,4/5/2024,0.235260,,,
2024-05-01,iShares US & Intl High Yield Corp Bond ETF,,GHYG,5/2/2024,5/1/2024,5/7/2024,0.220174,,,
2024-06-03,iShares US & Intl High Yield Corp Bond ETF,,GHYG,6/3/2024,6/3/2024,6/7/2024,0.225495,,,
2024-07-01,iShares US & Intl High Yield Corp Bond ETF,,GHYG,7/1/2024,7/1/2024,7/5/2024,0.211953,,,
2024-08-01,iShares US & Intl High Yield Corp Bond ETF,,GHYG,8/1/2024,8/1/2024,8/6/2024,0.216269,,,
2024-09-03,iShares US & Intl High Yield Corp Bond ETF,,GHYG,9/3/2024,9/3/2024,9/6/2024,0.211683,,,
2024-10-01,iShares US & Intl High Yield Corp Bond ETF,,GHYG,10/1/2024,10/1/2024,10/4/2024,0.230728,,,
2024-11-01,iShares US & Intl High Yield Corp Bond ETF,,GHYG,11/1/2024,11/1/2024,11/6/2024,0.231502,,,
2025-02-03,iShares US & Intl High Yield Corp Bond ETF,,GHYG,2/3/2025,2/3/2025,2/6/2025,0.223972,,,
2025-03-03,iShares US & Intl High Yield Corp Bond ETF,,GHYG,3/3/2025,3/3/2025,3/6/2025,0.207032,,,
2025-04-01,iShares US & Intl High Yield Corp Bond ETF,,GHYG,4/1/2025,4/1/2025,4/4/2025,0.222710,,,
2025-05-01,iShares US & Intl High Yield Corp Bond ETF,,GHYG,5/1/2025,5/1/2025,5/6/2025,0.221584,,,
2025-06-02,iShares US & Intl High Yield Corp Bond ETF,,GHYG,6/2/2025,6/2/2025,6/5/2025,0.239298,,,
2025-07-01,iShares US & Intl High Yield Corp Bond ETF,,GHYG,7/1/2025,7/1/2025,7/7/2025,0.229221,,,
2025-08-01,iShares US & Intl High Yield Corp Bond ETF,,GHYG,8/1/2025,8/1/2025,8/6/2025,0.245625,,,
2025-09-02,iShares US & Intl High Yield Corp Bond ETF,,GHYG,9/2/2025,9/2/2025,9/5/2025,0.230999,,,
2025-10-01,iShares US & Intl High Yield Corp Bond ETF,,GHYG,10/1/2025,10/1/2025,10/6/2025,0.223133,,,
2025-11-03,iShares US & Intl High Yield Corp Bond ETF,,GHYG,11/3/2025,11/3/2025,11/6/2025,0.234515,,,
2023-06-07,iShares Global Equity Factor ETF,,GLOF,6/8/2023,6/7/2023,6/13/2023,0.355611,,,
2024-06-11,iShares Global Equity Factor ETF,,GLOF,6/11/2024,6/11/2024,6/17/2024,0.415088,,,
2025-06-16,iShares Global Equity Factor ETF,,GLOF,6/16/2025,6/16/2025,6/20/2025,0.412489,,,
2025-03-03,iShares Government Money Market ETF,,GMMF,3/3/2025,3/3/2025,3/6/2025,0.250052,,,
2025-04-01,iShares Government Money Market ETF,,GMMF,4/1/2025,4/1/2025,4/4/2025,0.315570,,,
2025-05-01,iShares Government Money Market ETF,,GMMF,5/1/2025,5/1/2025,5/6/2025,0.314222,,,
2025-06-02,iShares Government Money Market ETF,,GMMF,6/2/2025,6/2/2025,6/5/2025,0.322708,,,
2025-07-01,iShares Government Money Market ETF,,GMMF,7/1/2025,7/1/2025,7/7/2025,0.337092,,,
2025-08-01,iShares Government Money Market ETF,,GMMF,8/1/2025,8/1/2025,8/6/2025,0.321048,,,
2025-09-02,iShares Government Money Market ETF,,GMMF,9/2/2025,9/2/2025,9/5/2025,0.353446,,,
2025-10-01,iShares Government Money Market ETF,,GMMF,10/1/2025,10/1/2025,10/6/2025,0.297246,,,
2025-11-03,iShares Government Money Market ETF,,GMMF,11/3/2025,11/3/2025,11/6/2025,0.334938,,,
2022-02-01,iShares GNMA Bond ETF,,GNMA,2/2/2022,2/1/2022,2/7/2022,0.031195,,,
2022-03-01,iShares GNMA Bond ETF,,GNMA,3/2/2022,3/1/2022,3/7/2022,0.040419,,,
2022-04-01,iShares GNMA Bond ETF,,GNMA,4/4/2022,4/1/2022,4/7/2022,0.085405,,,
2022-05-02,iShares GNMA Bond ETF,,GNMA,5/3/2022,5/2/2022,5/6/2022,0.065533,,,
2022-06-01,iShares GNMA Bond ETF,,GNMA,6/2/2022,6/1/2022,6/7/2022,0.066473,,,
2022-07-01,iShares GNMA Bond ETF,,GNMA,7/5/2022,7/1/2022,7/8/2022,0.068736,,,
2022-08-01,iShares GNMA Bond ETF,,GNMA,8/2/2022,8/1/2022,8/5/2022,0.075564,,,
2022-09-01,iShares GNMA Bond ETF,,GNMA,9/2/2022,9/1/2022,9/8/2022,0.081518,,,
2022-10-03,iShares GNMA Bond ETF,,GNMA,10/4/2022,10/3/2022,10/7/2022,0.084334,,,
2022-11-01,iShares GNMA Bond ETF,,GNMA,11/2/2022,11/1/2022,11/7/2022,0.090011,,,
2023-02-01,iShares GNMA Bond ETF,,GNMA,2/2/2023,2/1/2023,2/7/2023,0.123596,,,
2023-03-01,iShares GNMA Bond ETF,,GNMA,3/2/2023,3/1/2023,3/7/2023,0.121456,,,
2023-04-03,iShares GNMA Bond ETF,,GNMA,4/4/2023,4/3/2023,4/7/2023,0.124281,,,
2023-05-01,iShares GNMA Bond ETF,,GNMA,5/2/2023,5/1/2023,5/5/2023,0.124362,,,
2023-06-01,iShares GNMA Bond ETF,,GNMA,6/2/2023,6/1/2023,6/7/2023,0.119659,,,
2023-07-03,iShares GNMA Bond ETF,,GNMA,7/5/2023,7/3/2023,7/10/2023,0.121260,,,
2023-08-01,iShares GNMA Bond ETF,,GNMA,8/2/2023,8/1/2023,8/7/2023,0.131393,,,
2023-09-01,iShares GNMA Bond ETF,,GNMA,9/5/2023,9/1/2023,9/8/2023,0.130430,,,
2023-10-02,iShares GNMA Bond ETF,,GNMA,10/3/2023,10/2/2023,10/6/2023,0.130472,,,
2023-11-01,iShares GNMA Bond ETF,,GNMA,11/2/2023,11/1/2023,11/7/2023,0.122103,,,
2024-02-01,iShares GNMA Bond ETF,,GNMA,2/2/2024,2/1/2024,2/7/2024,0.148638,,,
2024-03-01,iShares GNMA Bond ETF,,GNMA,3/4/2024,3/1/2024,3/7/2024,0.145312,,,
2024-04-01,iShares GNMA Bond ETF,,GNMA,4/2/2024,4/1/2024,4/5/2024,0.162752,,,
2024-05-01,iShares GNMA Bond ETF,,GNMA,5/2/2024,5/1/2024,5/7/2024,0.142068,,,
2024-06-03,iShares GNMA Bond ETF,,GNMA,6/3/2024,6/3/2024,6/7/2024,0.149263,,,
2024-07-01,iShares GNMA Bond ETF,,GNMA,7/1/2024,7/1/2024,7/5/2024,0.150122,,,
2024-08-01,iShares GNMA Bond ETF,,GNMA,8/1/2024,8/1/2024,8/6/2024,0.147333,,,
2024-09-03,iShares GNMA Bond ETF,,GNMA,9/3/2024,9/3/2024,9/6/2024,0.150256,,,
2024-10-01,iShares GNMA Bond ETF,,GNMA,10/1/2024,10/1/2024,10/4/2024,0.148720,,,
2024-11-01,iShares GNMA Bond ETF,,GNMA,11/1/2024,11/1/2024,11/6/2024,0.146755,,,
2025-02-03,iShares GNMA Bond ETF,,GNMA,2/3/2025,2/3/2025,2/6/2025,0.156582,,,
2025-03-03,iShares GNMA Bond ETF,,GNMA,3/3/2025,3/3/2025,3/6/2025,0.151430,,,
2025-04-01,iShares GNMA Bond ETF,,GNMA,4/1/2025,4/1/2025,4/4/2025,0.153185,,,
2025-05-01,iShares GNMA Bond ETF,,GNMA,5/1/2025,5/1/2025,5/6/2025,0.155409,,,
2025-06-02,iShares GNMA Bond ETF,,GNMA,6/2/2025,6/2/2025,6/5/2025,0.151767,,,
2025-07-01,iShares GNMA Bond ETF,,GNMA,7/1/2025,7/1/2025,7/7/2025,0.155100,,,
2025-08-01,iShares GNMA Bond ETF,,GNMA,8/1/2025,8/1/2025,8/6/2025,0.157085,,,
2025-09-02,iShares GNMA Bond ETF,,GNMA,9/2/2025,9/2/2025,9/5/2025,0.159873,,,
2025-10-01,iShares GNMA Bond ETF,,GNMA,10/1/2025,10/1/2025,10/6/2025,0.158185,,,
2025-11-03,iShares GNMA Bond ETF,,GNMA,11/3/2025,11/3/2025,11/6/2025,0.152856,,,
2022-02-01,iShares U.S. Treasury Bond ETF,,GOVT,2/2/2022,2/1/2022,2/7/2022,0.023493,,,
2022-03-01,iShares U.S. Treasury Bond ETF,,GOVT,3/2/2022,3/1/2022,3/7/2022,0.022269,,,
2022-04-01,iShares U.S. Treasury Bond ETF,,GOVT,4/4/2022,4/1/2022,4/7/2022,0.026190,,,
2022-05-02,iShares U.S. Treasury Bond ETF,,GOVT,5/3/2022,5/2/2022,5/6/2022,0.025882,,,
2022-06-01,iShares U.S. Treasury Bond ETF,,GOVT,6/2/2022,6/1/2022,6/7/2022,0.026903,,,
2022-07-01,iShares U.S. Treasury Bond ETF,,GOVT,7/5/2022,7/1/2022,7/8/2022,0.030976,,,
2022-08-01,iShares U.S. Treasury Bond ETF,,GOVT,8/2/2022,8/1/2022,8/5/2022,0.037317,,,
2022-09-01,iShares U.S. Treasury Bond ETF,,GOVT,9/2/2022,9/1/2022,9/8/2022,0.035638,,,
2022-10-03,iShares U.S. Treasury Bond ETF,,GOVT,10/4/2022,10/3/2022,10/7/2022,0.038678,,,
2022-11-01,iShares U.S. Treasury Bond ETF,,GOVT,11/2/2022,11/1/2022,11/7/2022,0.049996,,,
2023-02-01,iShares U.S. Treasury Bond ETF,,GOVT,2/2/2023,2/1/2023,2/7/2023,0.043889,,,
2023-03-01,iShares U.S. Treasury Bond ETF,,GOVT,3/2/2023,3/1/2023,3/7/2023,0.040487,,,
2023-04-03,iShares U.S. Treasury Bond ETF,,GOVT,4/4/2023,4/3/2023,4/7/2023,0.043493,,,
2023-05-01,iShares U.S. Treasury Bond ETF,,GOVT,5/2/2023,5/1/2023,5/5/2023,0.048887,,,
2023-06-01,iShares U.S. Treasury Bond ETF,,GOVT,6/2/2023,6/1/2023,6/7/2023,0.050338,,,
2023-07-03,iShares U.S. Treasury Bond ETF,,GOVT,7/5/2023,7/3/2023,7/10/2023,0.050622,,,
2023-08-01,iShares U.S. Treasury Bond ETF,,GOVT,8/2/2023,8/1/2023,8/7/2023,0.059765,,,
2023-09-01,iShares U.S. Treasury Bond ETF,,GOVT,9/5/2023,9/1/2023,9/8/2023,0.052982,,,
2023-10-02,iShares U.S. Treasury Bond ETF,,GOVT,10/3/2023,10/2/2023,10/6/2023,0.048619,,,
2023-11-01,iShares U.S. Treasury Bond ETF,,GOVT,11/2/2023,11/1/2023,11/7/2023,0.056603,,,
2024-02-01,iShares U.S. Treasury Bond ETF,,GOVT,2/2/2024,2/1/2024,2/7/2024,0.053217,,,
2024-03-01,iShares U.S. Treasury Bond ETF,,GOVT,3/4/2024,3/1/2024,3/7/2024,0.053416,,,
2024-04-01,iShares U.S. Treasury Bond ETF,,GOVT,4/2/2024,4/1/2024,4/5/2024,0.058261,,,
2024-05-01,iShares U.S. Treasury Bond ETF,,GOVT,5/2/2024,5/1/2024,5/7/2024,0.059643,,,
2024-06-03,iShares U.S. Treasury Bond ETF,,GOVT,6/3/2024,6/3/2024,6/7/2024,0.059410,,,
2024-07-01,iShares U.S. Treasury Bond ETF,,GOVT,7/1/2024,7/1/2024,7/5/2024,0.060595,,,
2024-08-01,iShares U.S. Treasury Bond ETF,,GOVT,8/1/2024,8/1/2024,8/6/2024,0.062387,,,
2024-09-03,iShares U.S. Treasury Bond ETF,,GOVT,9/3/2024,9/3/2024,9/6/2024,0.062868,,,
2024-10-01,iShares U.S. Treasury Bond ETF,,GOVT,10/1/2024,10/1/2024,10/4/2024,0.062153,,,
2024-11-01,iShares U.S. Treasury Bond ETF,,GOVT,11/1/2024,11/1/2024,11/6/2024,0.062938,,,
2025-02-03,iShares U.S. Treasury Bond ETF,,GOVT,2/3/2025,2/3/2025,2/6/2025,0.067404,,,
2025-03-03,iShares U.S. Treasury Bond ETF,,GOVT,3/3/2025,3/3/2025,3/6/2025,0.061310,,,
2025-04-01,iShares U.S. Treasury Bond ETF,,GOVT,4/1/2025,4/1/2025,4/4/2025,0.071482,,,
2025-05-01,iShares U.S. Treasury Bond ETF,,GOVT,5/1/2025,5/1/2025,5/6/2025,0.064132,,,
2025-06-02,iShares U.S. Treasury Bond ETF,,GOVT,6/2/2025,6/2/2025,6/5/2025,0.068028,,,
2025-07-01,iShares U.S. Treasury Bond ETF,,GOVT,7/1/2025,7/1/2025,7/7/2025,0.066020,,,
2025-08-01,iShares U.S. Treasury Bond ETF,,GOVT,8/1/2025,8/1/2025,8/6/2025,0.068044,,,
2025-09-02,iShares U.S. Treasury Bond ETF,,GOVT,9/2/2025,9/2/2025,9/5/2025,0.068254,,,
2025-10-01,iShares U.S. Treasury Bond ETF,,GOVT,10/1/2025,10/1/2025,10/6/2025,0.065224,,,
2025-11-03,iShares U.S. Treasury Bond ETF,,GOVT,11/3/2025,11/3/2025,11/6/2025,0.064461,,,
2022-02-01,iShares 25+ Year Treasury STRIPS Bond ETF,,GOVZ,2/2/2022,2/1/2022,2/7/2022,0.038168,,,
2022-03-01,iShares 25+ Year Treasury STRIPS Bond ETF,,GOVZ,3/2/2022,3/1/2022,3/7/2022,0.034623,,,
2022-04-01,iShares 25+ Year Treasury STRIPS Bond ETF,,GOVZ,4/4/2022,4/1/2022,4/7/2022,0.038619,,,
2022-05-02,iShares 25+ Year Treasury STRIPS Bond ETF,,GOVZ,5/3/2022,5/2/2022,5/6/2022,0.047886,,,
2022-06-01,iShares 25+ Year Treasury STRIPS Bond ETF,,GOVZ,6/2/2022,6/1/2022,6/7/2022,0.040925,,,
2022-07-01,iShares 25+ Year Treasury STRIPS Bond ETF,,GOVZ,7/5/2022,7/1/2022,7/8/2022,0.036970,,,
2022-08-01,iShares 25+ Year Treasury STRIPS Bond ETF,,GOVZ,8/2/2022,8/1/2022,8/5/2022,0.038712,,,
2022-09-01,iShares 25+ Year Treasury STRIPS Bond ETF,,GOVZ,9/2/2022,9/1/2022,9/8/2022,0.038780,,,
2022-10-03,iShares 25+ Year Treasury STRIPS Bond ETF,,GOVZ,10/4/2022,10/3/2022,10/7/2022,0.037413,,,
2022-11-01,iShares 25+ Year Treasury STRIPS Bond ETF,,GOVZ,11/2/2022,11/1/2022,11/7/2022,0.039782,,,
2023-02-01,iShares 25+ Year Treasury STRIPS Bond ETF,,GOVZ,2/2/2023,2/1/2023,2/7/2023,0.040828,,,
2023-03-01,iShares 25+ Year Treasury STRIPS Bond ETF,,GOVZ,3/2/2023,3/1/2023,3/7/2023,0.042166,,,
2023-04-03,iShares 25+ Year Treasury STRIPS Bond ETF,,GOVZ,4/4/2023,4/3/2023,4/7/2023,0.043830,,,
2023-05-01,iShares 25+ Year Treasury STRIPS Bond ETF,,GOVZ,5/2/2023,5/1/2023,5/5/2023,0.038597,,,
2023-06-01,iShares 25+ Year Treasury STRIPS Bond ETF,,GOVZ,6/2/2023,6/1/2023,6/7/2023,0.039412,,,
2023-07-03,iShares 25+ Year Treasury STRIPS Bond ETF,,GOVZ,7/5/2023,7/3/2023,7/10/2023,0.039020,,,
2023-08-01,iShares 25+ Year Treasury STRIPS Bond ETF,,GOVZ,8/2/2023,8/1/2023,8/7/2023,0.037829,,,
2023-09-01,iShares 25+ Year Treasury STRIPS Bond ETF,,GOVZ,9/5/2023,9/1/2023,9/8/2023,0.038715,,,
2023-10-02,iShares 25+ Year Treasury STRIPS Bond ETF,,GOVZ,10/3/2023,10/2/2023,10/6/2023,0.035827,,,
2023-11-01,iShares 25+ Year Treasury STRIPS Bond ETF,,GOVZ,11/2/2023,11/1/2023,11/7/2023,0.036574,,,
2024-02-01,iShares 25+ Year Treasury STRIPS Bond ETF,,GOVZ,2/2/2024,2/1/2024,2/7/2024,0.037492,,,
2024-03-01,iShares 25+ Year Treasury STRIPS Bond ETF,,GOVZ,3/4/2024,3/1/2024,3/7/2024,0.032283,,,
2024-04-01,iShares 25+ Year Treasury STRIPS Bond ETF,,GOVZ,4/2/2024,4/1/2024,4/5/2024,0.044926,,,
2024-05-01,iShares 25+ Year Treasury STRIPS Bond ETF,,GOVZ,5/2/2024,5/1/2024,5/7/2024,0.038026,,,
2024-06-03,iShares 25+ Year Treasury STRIPS Bond ETF,,GOVZ,6/3/2024,6/3/2024,6/7/2024,0.038448,,,
2024-07-01,iShares 25+ Year Treasury STRIPS Bond ETF,,GOVZ,7/1/2024,7/1/2024,7/5/2024,0.037164,,,
2024-08-01,iShares 25+ Year Treasury STRIPS Bond ETF,,GOVZ,8/1/2024,8/1/2024,8/6/2024,0.036216,,,
2024-09-03,iShares 25+ Year Treasury STRIPS Bond ETF,,GOVZ,9/3/2024,9/3/2024,9/6/2024,0.037576,,,
2024-10-01,iShares 25+ Year Treasury STRIPS Bond ETF,,GOVZ,10/1/2024,10/1/2024,10/4/2024,0.040957,,,
2024-11-01,iShares 25+ Year Treasury STRIPS Bond ETF,,GOVZ,11/1/2024,11/1/2024,11/6/2024,0.039772,,,
2025-02-03,iShares 25+ Year Treasury STRIPS Bond ETF,,GOVZ,2/3/2025,2/3/2025,2/6/2025,0.038471,,,
2025-03-03,iShares 25+ Year Treasury STRIPS Bond ETF,,GOVZ,3/3/2025,3/3/2025,3/6/2025,0.037374,,,
2025-04-01,iShares 25+ Year Treasury STRIPS Bond ETF,,GOVZ,4/1/2025,4/1/2025,4/4/2025,0.040051,,,
2025-05-01,iShares 25+ Year Treasury STRIPS Bond ETF,,GOVZ,5/1/2025,5/1/2025,5/6/2025,0.039406,,,
2025-06-02,iShares 25+ Year Treasury STRIPS Bond ETF,,GOVZ,6/2/2025,6/2/2025,6/5/2025,0.038647,,,
2025-07-01,iShares 25+ Year Treasury STRIPS Bond ETF,,GOVZ,7/1/2025,7/1/2025,7/7/2025,0.038380,,,
2025-08-01,iShares 25+ Year Treasury STRIPS Bond ETF,,GOVZ,8/1/2025,8/1/2025,8/6/2025,0.038799,,,
2025-09-02,iShares 25+ Year Treasury STRIPS Bond ETF,,GOVZ,9/2/2025,9/2/2025,9/5/2025,0.038245,,,
2025-10-01,iShares 25+ Year Treasury STRIPS Bond ETF,,GOVZ,10/1/2025,10/1/2025,10/6/2025,0.036111,,,
2025-11-03,iShares 25+ Year Treasury STRIPS Bond ETF,,GOVZ,11/3/2025,11/3/2025,11/6/2025,0.040856,,,
2022-02-01,iShares Intermediate Government/Credit Bond ETF,,GVI,2/2/2022,2/1/2022,2/7/2022,0.133024,,,
2022-03-01,iShares Intermediate Government/Credit Bond ETF,,GVI,3/2/2022,3/1/2022,3/7/2022,0.130653,,,
2022-04-01,iShares Intermediate Government/Credit Bond ETF,,GVI,4/4/2022,4/1/2022,4/7/2022,0.140357,,,
2022-05-02,iShares Intermediate Government/Credit Bond ETF,,GVI,5/3/2022,5/2/2022,5/6/2022,0.141447,,,
2022-06-01,iShares Intermediate Government/Credit Bond ETF,,GVI,6/2/2022,6/1/2022,6/7/2022,0.145271,,,
2022-07-01,iShares Intermediate Government/Credit Bond ETF,,GVI,7/5/2022,7/1/2022,7/8/2022,0.151501,,,
2022-08-01,iShares Intermediate Government/Credit Bond ETF,,GVI,8/2/2022,8/1/2022,8/5/2022,0.162107,,,
2022-09-01,iShares Intermediate Government/Credit Bond ETF,,GVI,9/2/2022,9/1/2022,9/8/2022,0.162773,,,
2022-10-03,iShares Intermediate Government/Credit Bond ETF,,GVI,10/4/2022,10/3/2022,10/7/2022,0.169549,,,
2022-11-01,iShares Intermediate Government/Credit Bond ETF,,GVI,11/2/2022,11/1/2022,11/7/2022,0.178630,,,
2023-02-01,iShares Intermediate Government/Credit Bond ETF,,GVI,2/2/2023,2/1/2023,2/7/2023,0.228329,,,
2023-03-01,iShares Intermediate Government/Credit Bond ETF,,GVI,3/2/2023,3/1/2023,3/7/2023,0.215700,,,
2023-04-03,iShares Intermediate Government/Credit Bond ETF,,GVI,4/4/2023,4/3/2023,4/7/2023,0.222827,,,
2023-05-01,iShares Intermediate Government/Credit Bond ETF,,GVI,5/2/2023,5/1/2023,5/5/2023,0.214820,,,
2023-06-01,iShares Intermediate Government/Credit Bond ETF,,GVI,6/2/2023,6/1/2023,6/7/2023,0.238236,,,
2023-07-03,iShares Intermediate Government/Credit Bond ETF,,GVI,7/5/2023,7/3/2023,7/10/2023,0.233987,,,
2023-08-01,iShares Intermediate Government/Credit Bond ETF,,GVI,8/2/2023,8/1/2023,8/7/2023,0.242355,,,
2023-09-01,iShares Intermediate Government/Credit Bond ETF,,GVI,9/5/2023,9/1/2023,9/8/2023,0.238725,,,
2023-10-02,iShares Intermediate Government/Credit Bond ETF,,GVI,10/3/2023,10/2/2023,10/6/2023,0.237600,,,
2023-11-01,iShares Intermediate Government/Credit Bond ETF,,GVI,11/2/2023,11/1/2023,11/7/2023,0.261956,,,
2024-02-01,iShares Intermediate Government/Credit Bond ETF,,GVI,2/2/2024,2/1/2024,2/7/2024,0.312980,,,
2024-03-01,iShares Intermediate Government/Credit Bond ETF,,GVI,3/4/2024,3/1/2024,3/7/2024,0.276725,,,
2024-04-01,iShares Intermediate Government/Credit Bond ETF,,GVI,4/2/2024,4/1/2024,4/5/2024,0.284960,,,
2024-05-01,iShares Intermediate Government/Credit Bond ETF,,GVI,5/2/2024,5/1/2024,5/7/2024,0.283930,,,
2024-06-03,iShares Intermediate Government/Credit Bond ETF,,GVI,6/3/2024,6/3/2024,6/7/2024,0.287780,,,
2024-07-01,iShares Intermediate Government/Credit Bond ETF,,GVI,7/1/2024,7/1/2024,7/5/2024,0.282313,,,
2024-08-01,iShares Intermediate Government/Credit Bond ETF,,GVI,8/1/2024,8/1/2024,8/6/2024,0.297593,,,
2024-09-03,iShares Intermediate Government/Credit Bond ETF,,GVI,9/3/2024,9/3/2024,9/6/2024,0.307733,,,
2024-10-01,iShares Intermediate Government/Credit Bond ETF,,GVI,10/1/2024,10/1/2024,10/4/2024,0.289699,,,
2024-11-01,iShares Intermediate Government/Credit Bond ETF,,GVI,11/1/2024,11/1/2024,11/6/2024,0.305843,,,
2025-02-03,iShares Intermediate Government/Credit Bond ETF,,GVI,2/3/2025,2/3/2025,2/6/2025,0.304261,,,
2025-03-03,iShares Intermediate Government/Credit Bond ETF,,GVI,3/3/2025,3/3/2025,3/6/2025,0.290655,,,
2025-04-01,iShares Intermediate Government/Credit Bond ETF,,GVI,4/1/2025,4/1/2025,4/4/2025,0.307691,,,
2025-05-01,iShares Intermediate Government/Credit Bond ETF,,GVI,5/1/2025,5/1/2025,5/6/2025,0.307755,,,
2025-06-02,iShares Intermediate Government/Credit Bond ETF,,GVI,6/2/2025,6/2/2025,6/5/2025,0.314715,,,
2025-07-01,iShares Intermediate Government/Credit Bond ETF,,GVI,7/1/2025,7/1/2025,7/7/2025,0.308465,,,
2025-08-01,iShares Intermediate Government/Credit Bond ETF,,GVI,8/1/2025,8/1/2025,8/6/2025,0.312724,,,
2025-09-02,iShares Intermediate Government/Credit Bond ETF,,GVI,9/2/2025,9/2/2025,9/5/2025,0.318325,,,
2025-10-01,iShares Intermediate Government/Credit Bond ETF,,GVI,10/1/2025,10/1/2025,10/6/2025,0.305328,,,
2025-11-03,iShares Intermediate Government/Credit Bond ETF,,GVI,11/3/2025,11/3/2025,11/6/2025,0.321736,,,
2022-07-05,iShares Currency Hedged MSCI ACWI ex U.S. ETF,,HAWX,7/6/2022,7/5/2022,7/11/2022,0.520946,,,
2023-07-03,iShares Currency Hedged MSCI ACWI ex U.S. ETF,,HAWX,7/5/2023,7/3/2023,7/10/2023,0.463930,,,
2024-07-02,iShares Currency Hedged MSCI ACWI ex U.S. ETF,,HAWX,7/2/2024,7/2/2024,7/8/2024,0.532283,,,
2025-07-02,iShares Currency Hedged MSCI ACWI ex U.S. ETF,,HAWX,7/2/2025,7/2/2025,7/8/2025,0.513349,,,
2022-03-24,iShares Core High Dividend ETF,,HDV,3/25/2022,3/24/2022,3/30/2022,0.769760,,,
2022-06-09,iShares Core High Dividend ETF,,HDV,6/10/2022,6/9/2022,6/15/2022,0.569695,,,
2022-09-26,iShares Core High Dividend ETF,,HDV,9/27/2022,9/26/2022,9/30/2022,1.231175,,,
2023-03-23,iShares Core High Dividend ETF,,HDV,3/24/2023,3/23/2023,3/29/2023,1.042139,,,
2023-06-07,iShares Core High Dividend ETF,,HDV,6/8/2023,6/7/2023,6/13/2023,0.796450,,,
2023-09-26,iShares Core High Dividend ETF,,HDV,9/27/2023,9/26/2023,10/2/2023,1.078057,,,
2024-03-21,iShares Core High Dividend ETF,,HDV,3/22/2024,3/21/2024,3/27/2024,0.835487,,,
2024-06-11,iShares Core High Dividend ETF,,HDV,6/11/2024,6/11/2024,6/17/2024,0.928354,,,
2024-09-25,iShares Core High Dividend ETF,,HDV,9/25/2024,9/25/2024,9/30/2024,1.229495,,,
2025-03-18,iShares Core High Dividend ETF,,HDV,3/18/2025,3/18/2025,3/21/2025,0.795075,,,
2025-06-16,iShares Core High Dividend ETF,,HDV,6/16/2025,6/16/2025,6/20/2025,0.913090,,,
2025-09-16,iShares Core High Dividend ETF,,HDV,9/16/2025,9/16/2025,9/19/2025,0.949579,,,
2022-07-05,iShares Currency Hedged MSCI Emerging Markets ETF,,HEEM,7/6/2022,7/5/2022,7/11/2022,0.259266,,,
2023-07-03,iShares Currency Hedged MSCI Emerging Markets ETF,,HEEM,7/5/2023,7/3/2023,7/10/2023,0.232807,,,
2024-07-02,iShares Currency Hedged MSCI Emerging Markets ETF,,HEEM,7/2/2024,7/2/2024,7/8/2024,0.203810,,,
2025-07-02,iShares Currency Hedged MSCI Emerging Markets ETF,,HEEM,7/2/2025,7/2/2025,7/8/2025,0.325520,,,
2022-07-05,iShares Currency Hedged MSCI EAFE ETF,,HEFA,7/6/2022,7/5/2022,7/11/2022,0.784340,,,
2023-07-03,iShares Currency Hedged MSCI EAFE ETF,,HEFA,7/5/2023,7/3/2023,7/10/2023,0.588048,,,
2024-07-02,iShares Currency Hedged MSCI EAFE ETF,,HEFA,7/2/2024,7/2/2024,7/8/2024,0.641986,,,
2025-07-02,iShares Currency Hedged MSCI EAFE ETF,,HEFA,7/2/2025,7/2/2025,7/8/2025,0.674969,,,
2022-07-05,iShares Currency Hedged MSCI Canada ETF,,HEWC,7/6/2022,7/5/2022,7/11/2022,0.246987,,0.027712,
2023-07-03,iShares Currency Hedged MSCI Canada ETF,,HEWC,7/5/2023,7/3/2023,7/10/2023,0.479414,,,
2022-07-05,iShares Currency Hedged MSCI Germany ETF,,HEWG,7/6/2022,7/5/2022,7/11/2022,0.933676,,,
2023-07-03,iShares Currency Hedged MSCI Germany ETF,,HEWG,7/5/2023,7/3/2023,7/10/2023,1.064523,,,
2022-07-05,iShares Currency Hedged MSCI Japan ETF,,HEWJ,7/6/2022,7/5/2022,7/11/2022,0.360448,,,
2023-07-03,iShares Currency Hedged MSCI Japan ETF,,HEWJ,7/5/2023,7/3/2023,7/10/2023,0.204964,,,
2024-07-02,iShares Currency Hedged MSCI Japan ETF,,HEWJ,7/2/2024,7/2/2024,7/8/2024,0.311917,,,
2025-07-02,iShares Currency Hedged MSCI Japan ETF,,HEWJ,7/2/2025,7/2/2025,7/8/2025,0.444552,,,
2022-07-05,iShares Currency Hedged MSCI United Kingdom ETF,,HEWU,7/6/2022,7/5/2022,7/11/2022,0.405942,,,
2023-07-03,iShares Currency Hedged MSCI United Kingdom ETF,,HEWU,7/5/2023,7/3/2023,7/10/2023,0.529120,,,
2022-07-05,iShares Currency Hedged MSCI Eurozone ETF,,HEZU,7/6/2022,7/5/2022,7/11/2022,0.895192,,,
2023-07-03,iShares Currency Hedged MSCI Eurozone ETF,,HEZU,7/5/2023,7/3/2023,7/10/2023,0.625648,,,
2024-07-02,iShares Currency Hedged MSCI Eurozone ETF,,HEZU,7/2/2024,7/2/2024,7/8/2024,0.800351,,,
2025-07-02,iShares Currency Hedged MSCI Eurozone ETF,,HEZU,7/2/2025,7/2/2025,7/8/2025,0.932039,,,
2025-03-03,iShares High Yield Muni Active ETF,,HIMU,3/3/2025,3/3/2025,3/6/2025,0.002381,,,
2025-04-01,iShares High Yield Muni Active ETF,,HIMU,4/1/2025,4/1/2025,4/4/2025,0.004877,,,
2025-05-01,iShares High Yield Muni Active ETF,,HIMU,5/1/2025,5/1/2025,5/6/2025,0.004208,,,
2025-06-02,iShares High Yield Muni Active ETF,,HIMU,6/2/2025,6/2/2025,6/5/2025,0.003875,,,
2025-07-01,iShares High Yield Muni Active ETF,,HIMU,7/1/2025,7/1/2025,7/7/2025,0.004180,,,
2025-08-01,iShares High Yield Muni Active ETF,,HIMU,8/1/2025,8/1/2025,8/6/2025,0.003868,,,
2025-09-02,iShares High Yield Muni Active ETF,,HIMU,9/2/2025,9/2/2025,9/5/2025,0.004017,,,
2025-10-01,iShares High Yield Muni Active ETF,,HIMU,10/1/2025,10/1/2025,10/6/2025,0.003294,,,
2025-11-03,iShares High Yield Muni Active ETF,,HIMU,11/3/2025,11/3/2025,11/6/2025,0.003055,,,
2022-07-05,iShares Currency Hedged MSCI EAFE Small-Cap ETF,,HSCZ,7/6/2022,7/5/2022,7/11/2022,0.617118,,,
2023-07-03,iShares Currency Hedged MSCI EAFE Small-Cap ETF,,HSCZ,7/5/2023,7/3/2023,7/10/2023,0.503255,,,
2024-07-02,iShares Currency Hedged MSCI EAFE Small-Cap ETF,,HSCZ,7/2/2024,7/2/2024,7/8/2024,0.447736,,,
2025-07-02,iShares Currency Hedged MSCI EAFE Small-Cap ETF,,HSCZ,7/2/2025,7/2/2025,7/8/2025,0.535839,,,
2022-02-01,iShares BB Rated Corporate Bond ETF,,HYBB,2/2/2022,2/1/2022,2/7/2022,0.172853,,,
2022-03-01,iShares BB Rated Corporate Bond ETF,,HYBB,3/2/2022,3/1/2022,3/7/2022,0.172502,,,
2022-04-01,iShares BB Rated Corporate Bond ETF,,HYBB,4/4/2022,4/1/2022,4/7/2022,0.188841,,,
2022-05-02,iShares BB Rated Corporate Bond ETF,,HYBB,5/3/2022,5/2/2022,5/6/2022,0.107010,,,
2022-06-01,iShares BB Rated Corporate Bond ETF,,HYBB,6/2/2022,6/1/2022,6/7/2022,0.186717,,,
2022-07-01,iShares BB Rated Corporate Bond ETF,,HYBB,7/5/2022,7/1/2022,7/8/2022,0.194588,,,
2022-08-01,iShares BB Rated Corporate Bond ETF,,HYBB,8/2/2022,8/1/2022,8/5/2022,0.168946,,,
2022-09-01,iShares BB Rated Corporate Bond ETF,,HYBB,9/2/2022,9/1/2022,9/8/2022,0.213124,,,
2022-10-03,iShares BB Rated Corporate Bond ETF,,HYBB,10/4/2022,10/3/2022,10/7/2022,0.205280,,,
2022-11-01,iShares BB Rated Corporate Bond ETF,,HYBB,11/2/2022,11/1/2022,11/7/2022,0.171566,,,
2023-02-01,iShares BB Rated Corporate Bond ETF,,HYBB,2/2/2023,2/1/2023,2/7/2023,0.315465,,,
2023-03-01,iShares BB Rated Corporate Bond ETF,,HYBB,3/2/2023,3/1/2023,3/7/2023,0.233637,,,
2023-04-03,iShares BB Rated Corporate Bond ETF,,HYBB,4/4/2023,4/3/2023,4/7/2023,0.232671,,,
2023-05-01,iShares BB Rated Corporate Bond ETF,,HYBB,5/2/2023,5/1/2023,5/5/2023,0.271457,,,
2023-06-01,iShares BB Rated Corporate Bond ETF,,HYBB,6/2/2023,6/1/2023,6/7/2023,0.226356,,,
2023-07-03,iShares BB Rated Corporate Bond ETF,,HYBB,7/5/2023,7/3/2023,7/10/2023,0.229648,,,
2023-08-01,iShares BB Rated Corporate Bond ETF,,HYBB,8/2/2023,8/1/2023,8/7/2023,0.228897,,,
2023-09-01,iShares BB Rated Corporate Bond ETF,,HYBB,9/5/2023,9/1/2023,9/8/2023,0.226233,,,
2023-10-02,iShares BB Rated Corporate Bond ETF,,HYBB,10/3/2023,10/2/2023,10/6/2023,0.234619,,,
2023-11-01,iShares BB Rated Corporate Bond ETF,,HYBB,11/2/2023,11/1/2023,11/7/2023,0.211729,,,
2024-02-01,iShares BB Rated Corporate Bond ETF,,HYBB,2/2/2024,2/1/2024,2/7/2024,0.189307,,,
2024-03-01,iShares BB Rated Corporate Bond ETF,,HYBB,3/4/2024,3/1/2024,3/7/2024,0.239473,,,
2024-04-01,iShares BB Rated Corporate Bond ETF,,HYBB,4/2/2024,4/1/2024,4/5/2024,0.240463,,,
2024-05-01,iShares BB Rated Corporate Bond ETF,,HYBB,5/2/2024,5/1/2024,5/7/2024,0.236475,,,
2024-06-03,iShares BB Rated Corporate Bond ETF,,HYBB,6/3/2024,6/3/2024,6/7/2024,0.242366,,,
2024-07-01,iShares BB Rated Corporate Bond ETF,,HYBB,7/1/2024,7/1/2024,7/5/2024,0.241022,,,
2024-08-01,iShares BB Rated Corporate Bond ETF,,HYBB,8/1/2024,8/1/2024,8/6/2024,0.263801,,,
2024-09-03,iShares BB Rated Corporate Bond ETF,,HYBB,9/3/2024,9/3/2024,9/6/2024,0.246252,,,
2024-10-01,iShares BB Rated Corporate Bond ETF,,HYBB,10/1/2024,10/1/2024,10/4/2024,0.238322,,,
2024-11-01,iShares BB Rated Corporate Bond ETF,,HYBB,11/1/2024,11/1/2024,11/6/2024,0.245464,,,
2025-02-03,iShares BB Rated Corporate Bond ETF,,HYBB,2/3/2025,2/3/2025,2/6/2025,0.240931,,,
2025-03-03,iShares BB Rated Corporate Bond ETF,,HYBB,3/3/2025,3/3/2025,3/6/2025,0.239098,,,
2025-04-01,iShares BB Rated Corporate Bond ETF,,HYBB,4/1/2025,4/1/2025,4/4/2025,0.240925,,,
2025-05-01,iShares BB Rated Corporate Bond ETF,,HYBB,5/1/2025,5/1/2025,5/6/2025,0.371526,,,
2025-06-02,iShares BB Rated Corporate Bond ETF,,HYBB,6/2/2025,6/2/2025,6/5/2025,0.238231,,,
2025-07-01,iShares BB Rated Corporate Bond ETF,,HYBB,7/1/2025,7/1/2025,7/7/2025,0.230968,,,
2025-08-01,iShares BB Rated Corporate Bond ETF,,HYBB,8/1/2025,8/1/2025,8/6/2025,0.200177,,,
2025-09-02,iShares BB Rated Corporate Bond ETF,,HYBB,9/2/2025,9/2/2025,9/5/2025,0.236767,,,
2025-10-01,iShares BB Rated Corporate Bond ETF,,HYBB,10/1/2025,10/1/2025,10/6/2025,0.232961,,,
2025-11-03,iShares BB Rated Corporate Bond ETF,,HYBB,11/3/2025,11/3/2025,11/6/2025,0.186423,,,
2022-02-01,iShares High Yield Bond Factor ETF,,HYDB,2/2/2022,2/1/2022,2/7/2022,0.204720,,,
2022-03-01,iShares High Yield Bond Factor ETF,,HYDB,3/2/2022,3/1/2022,3/7/2022,0.206859,,,
2022-04-01,iShares High Yield Bond Factor ETF,,HYDB,4/4/2022,4/1/2022,4/7/2022,0.218690,,,
2022-05-02,iShares High Yield Bond Factor ETF,,HYDB,5/3/2022,5/2/2022,5/6/2022,0.231691,,,
2022-06-01,iShares High Yield Bond Factor ETF,,HYDB,6/2/2022,6/1/2022,6/7/2022,0.221423,,,
2022-07-01,iShares High Yield Bond Factor ETF,,HYDB,7/5/2022,7/1/2022,7/8/2022,0.216187,,,
2022-08-01,iShares High Yield Bond Factor ETF,,HYDB,8/2/2022,8/1/2022,8/5/2022,0.236424,,,
2022-09-01,iShares High Yield Bond Factor ETF,,HYDB,9/2/2022,9/1/2022,9/8/2022,0.216066,,,
2022-10-03,iShares High Yield Bond Factor ETF,,HYDB,10/4/2022,10/3/2022,10/7/2022,0.234741,,,
2022-11-01,iShares High Yield Bond Factor ETF,,HYDB,11/2/2022,11/1/2022,11/7/2022,0.243480,,,
2023-02-01,iShares High Yield Bond Factor ETF,,HYDB,2/2/2023,2/1/2023,2/7/2023,0.245836,,,
2023-03-01,iShares High Yield Bond Factor ETF,,HYDB,3/2/2023,3/1/2023,3/7/2023,0.249363,,,
2023-04-03,iShares High Yield Bond Factor ETF,,HYDB,4/4/2023,4/3/2023,4/7/2023,0.269864,,,
2023-05-01,iShares High Yield Bond Factor ETF,,HYDB,5/2/2023,5/1/2023,5/5/2023,0.265812,,,
2023-06-01,iShares High Yield Bond Factor ETF,,HYDB,6/2/2023,6/1/2023,6/7/2023,0.281270,,,
2023-07-03,iShares High Yield Bond Factor ETF,,HYDB,7/5/2023,7/3/2023,7/10/2023,0.265186,,,
2023-08-01,iShares High Yield Bond Factor ETF,,HYDB,8/2/2023,8/1/2023,8/7/2023,0.268119,,,
2023-09-01,iShares High Yield Bond Factor ETF,,HYDB,9/5/2023,9/1/2023,9/8/2023,0.301600,,,
2023-10-02,iShares High Yield Bond Factor ETF,,HYDB,10/3/2023,10/2/2023,10/6/2023,0.287675,,,
2023-11-01,iShares High Yield Bond Factor ETF,,HYDB,11/2/2023,11/1/2023,11/7/2023,0.225626,,,
2024-02-01,iShares High Yield Bond Factor ETF,,HYDB,2/2/2024,2/1/2024,2/7/2024,0.207931,,,
2024-03-01,iShares High Yield Bond Factor ETF,,HYDB,3/4/2024,3/1/2024,3/7/2024,0.273489,,,
2024-04-01,iShares High Yield Bond Factor ETF,,HYDB,4/2/2024,4/1/2024,4/5/2024,0.326374,,,
2024-05-01,iShares High Yield Bond Factor ETF,,HYDB,5/2/2024,5/1/2024,5/7/2024,0.276214,,,
2024-06-03,iShares High Yield Bond Factor ETF,,HYDB,6/3/2024,6/3/2024,6/7/2024,0.288489,,,
2024-07-01,iShares High Yield Bond Factor ETF,,HYDB,7/1/2024,7/1/2024,7/5/2024,0.275004,,,
2024-08-01,iShares High Yield Bond Factor ETF,,HYDB,8/1/2024,8/1/2024,8/6/2024,0.279550,,,
2024-09-03,iShares High Yield Bond Factor ETF,,HYDB,9/3/2024,9/3/2024,9/6/2024,0.277898,,,
2024-10-01,iShares High Yield Bond Factor ETF,,HYDB,10/1/2024,10/1/2024,10/4/2024,0.265186,,,
2024-11-01,iShares High Yield Bond Factor ETF,,HYDB,11/1/2024,11/1/2024,11/6/2024,0.279058,,,
2025-02-03,iShares High Yield Bond Factor ETF,,HYDB,2/3/2025,2/3/2025,2/6/2025,0.287443,,,
2025-03-03,iShares High Yield Bond Factor ETF,,HYDB,3/3/2025,3/3/2025,3/6/2025,0.234027,,,
2025-04-01,iShares High Yield Bond Factor ETF,,HYDB,4/1/2025,4/1/2025,4/4/2025,0.283855,,,
2025-05-01,iShares High Yield Bond Factor ETF,,HYDB,5/1/2025,5/1/2025,5/6/2025,0.293814,,,
2025-06-02,iShares High Yield Bond Factor ETF,,HYDB,6/2/2025,6/2/2025,6/5/2025,0.307109,,,
2025-07-01,iShares High Yield Bond Factor ETF,,HYDB,7/1/2025,7/1/2025,7/7/2025,0.279667,,,
2025-08-01,iShares High Yield Bond Factor ETF,,HYDB,8/1/2025,8/1/2025,8/6/2025,0.279321,,,
2025-09-02,iShares High Yield Bond Factor ETF,,HYDB,9/2/2025,9/2/2025,9/5/2025,0.278109,,,
2025-10-01,iShares High Yield Bond Factor ETF,,HYDB,10/1/2025,10/1/2025,10/6/2025,0.276000,,,
2025-11-03,iShares High Yield Bond Factor ETF,,HYDB,11/3/2025,11/3/2025,11/6/2025,0.278133,,,
2022-02-01,iShares iBoxx $ High Yield Corporate Bond ETF,,HYG,2/2/2022,2/1/2022,2/7/2022,0.305381,,,
2022-03-01,iShares iBoxx $ High Yield Corporate Bond ETF,,HYG,3/2/2022,3/1/2022,3/7/2022,0.307473,,,
2022-04-01,iShares iBoxx $ High Yield Corporate Bond ETF,,HYG,4/4/2022,4/1/2022,4/7/2022,0.333555,,,
2022-05-02,iShares iBoxx $ High Yield Corporate Bond ETF,,HYG,5/3/2022,5/2/2022,5/6/2022,0.305026,,,
2022-06-01,iShares iBoxx $ High Yield Corporate Bond ETF,,HYG,6/2/2022,6/1/2022,6/7/2022,0.306921,,,
2022-07-01,iShares iBoxx $ High Yield Corporate Bond ETF,,HYG,7/5/2022,7/1/2022,7/8/2022,0.329181,,,
2022-08-01,iShares iBoxx $ High Yield Corporate Bond ETF,,HYG,8/2/2022,8/1/2022,8/5/2022,0.303831,,,
2022-09-01,iShares iBoxx $ High Yield Corporate Bond ETF,,HYG,9/2/2022,9/1/2022,9/8/2022,0.366033,,,
2022-10-03,iShares iBoxx $ High Yield Corporate Bond ETF,,HYG,10/4/2022,10/3/2022,10/7/2022,0.351031,,,
2022-11-01,iShares iBoxx $ High Yield Corporate Bond ETF,,HYG,11/2/2022,11/1/2022,11/7/2022,0.279990,,,
2023-02-01,iShares iBoxx $ High Yield Corporate Bond ETF,,HYG,2/2/2023,2/1/2023,2/7/2023,0.368494,,,
2023-03-01,iShares iBoxx $ High Yield Corporate Bond ETF,,HYG,3/2/2023,3/1/2023,3/7/2023,0.449625,,,
2023-04-03,iShares iBoxx $ High Yield Corporate Bond ETF,,HYG,4/4/2023,4/3/2023,4/7/2023,0.341715,,,
2023-05-01,iShares iBoxx $ High Yield Corporate Bond ETF,,HYG,5/2/2023,5/1/2023,5/5/2023,0.325847,,,
2023-06-01,iShares iBoxx $ High Yield Corporate Bond ETF,,HYG,6/2/2023,6/1/2023,6/7/2023,0.353057,,,
2023-07-03,iShares iBoxx $ High Yield Corporate Bond ETF,,HYG,7/5/2023,7/3/2023,7/10/2023,0.402765,,,
2023-08-01,iShares iBoxx $ High Yield Corporate Bond ETF,,HYG,8/2/2023,8/1/2023,8/7/2023,0.357827,,,
2023-09-01,iShares iBoxx $ High Yield Corporate Bond ETF,,HYG,9/5/2023,9/1/2023,9/8/2023,0.350681,,,
2023-10-02,iShares iBoxx $ High Yield Corporate Bond ETF,,HYG,10/3/2023,10/2/2023,10/6/2023,0.385176,,,
2023-11-01,iShares iBoxx $ High Yield Corporate Bond ETF,,HYG,11/2/2023,11/1/2023,11/7/2023,0.387512,,,
2024-02-01,iShares iBoxx $ High Yield Corporate Bond ETF,,HYG,2/2/2024,2/1/2024,2/7/2024,0.383831,,,
2024-03-01,iShares iBoxx $ High Yield Corporate Bond ETF,,HYG,3/4/2024,3/1/2024,3/7/2024,0.438231,,,
2024-04-01,iShares iBoxx $ High Yield Corporate Bond ETF,,HYG,4/2/2024,4/1/2024,4/5/2024,0.395109,,,
2024-05-01,iShares iBoxx $ High Yield Corporate Bond ETF,,HYG,5/2/2024,5/1/2024,5/7/2024,0.399799,,,
2024-06-03,iShares iBoxx $ High Yield Corporate Bond ETF,,HYG,6/3/2024,6/3/2024,6/7/2024,0.358103,,,
2024-07-01,iShares iBoxx $ High Yield Corporate Bond ETF,,HYG,7/1/2024,7/1/2024,7/5/2024,0.404923,,,
2024-08-01,iShares iBoxx $ High Yield Corporate Bond ETF,,HYG,8/1/2024,8/1/2024,8/6/2024,0.409004,,,
2024-09-03,iShares iBoxx $ High Yield Corporate Bond ETF,,HYG,9/3/2024,9/3/2024,9/6/2024,0.379535,,,
2024-10-01,iShares iBoxx $ High Yield Corporate Bond ETF,,HYG,10/1/2024,10/1/2024,10/4/2024,0.390290,,,
2024-11-01,iShares iBoxx $ High Yield Corporate Bond ETF,,HYG,11/1/2024,11/1/2024,11/6/2024,0.394556,,,
2025-02-03,iShares iBoxx $ High Yield Corporate Bond ETF,,HYG,2/3/2025,2/3/2025,2/6/2025,0.360138,,,
2025-03-03,iShares iBoxx $ High Yield Corporate Bond ETF,,HYG,3/3/2025,3/3/2025,3/6/2025,0.374339,,,
2025-04-01,iShares iBoxx $ High Yield Corporate Bond ETF,,HYG,4/1/2025,4/1/2025,4/4/2025,0.382397,,,
2025-05-01,iShares iBoxx $ High Yield Corporate Bond ETF,,HYG,5/1/2025,5/1/2025,5/6/2025,0.401345,,,
2025-06-02,iShares iBoxx $ High Yield Corporate Bond ETF,,HYG,6/2/2025,6/2/2025,6/5/2025,0.375571,,,
2025-07-01,iShares iBoxx $ High Yield Corporate Bond ETF,,HYG,7/1/2025,7/1/2025,7/7/2025,0.379436,,,
2025-08-01,iShares iBoxx $ High Yield Corporate Bond ETF,,HYG,8/1/2025,8/1/2025,8/6/2025,0.404487,,,
2025-09-02,iShares iBoxx $ High Yield Corporate Bond ETF,,HYG,9/2/2025,9/2/2025,9/5/2025,0.383321,,,
2025-10-01,iShares iBoxx $ High Yield Corporate Bond ETF,,HYG,10/1/2025,10/1/2025,10/6/2025,0.381299,,,
2025-11-03,iShares iBoxx $ High Yield Corporate Bond ETF,,HYG,11/3/2025,11/3/2025,11/6/2025,0.409763,,,
2022-02-02,iShares Interest Rate Hedged High Yield Bond ETF,,HYGH,2/3/2022,2/2/2022,2/8/2022,0.278334,,,
2022-03-02,iShares Interest Rate Hedged High Yield Bond ETF,,HYGH,3/3/2022,3/2/2022,3/8/2022,0.305847,,,
2022-04-04,iShares Interest Rate Hedged High Yield Bond ETF,,HYGH,4/5/2022,4/4/2022,4/8/2022,0.358191,,,
2022-05-03,iShares Interest Rate Hedged High Yield Bond ETF,,HYGH,5/4/2022,5/3/2022,5/9/2022,0.343694,,,
2022-06-02,iShares Interest Rate Hedged High Yield Bond ETF,,HYGH,6/3/2022,6/2/2022,6/8/2022,0.343446,,,
2022-07-05,iShares Interest Rate Hedged High Yield Bond ETF,,HYGH,7/6/2022,7/5/2022,7/11/2022,0.385225,,,
2022-08-02,iShares Interest Rate Hedged High Yield Bond ETF,,HYGH,8/3/2022,8/2/2022,8/8/2022,0.407648,,,
2022-09-02,iShares Interest Rate Hedged High Yield Bond ETF,,HYGH,9/6/2022,9/2/2022,9/9/2022,0.571260,,,
2022-10-04,iShares Interest Rate Hedged High Yield Bond ETF,,HYGH,10/5/2022,10/4/2022,10/11/2022,0.543129,,,
2022-11-02,iShares Interest Rate Hedged High Yield Bond ETF,,HYGH,11/3/2022,11/2/2022,11/8/2022,0.479545,,,
2023-02-02,iShares Interest Rate Hedged High Yield Bond ETF,,HYGH,2/3/2023,2/2/2023,2/8/2023,0.577647,,,
2023-03-02,iShares Interest Rate Hedged High Yield Bond ETF,,HYGH,3/3/2023,3/2/2023,3/8/2023,0.666595,,,
2023-04-04,iShares Interest Rate Hedged High Yield Bond ETF,,HYGH,4/5/2023,4/4/2023,4/10/2023,0.532086,,,
2023-05-02,iShares Interest Rate Hedged High Yield Bond ETF,,HYGH,5/3/2023,5/2/2023,5/8/2023,0.483375,,,
2023-06-02,iShares Interest Rate Hedged High Yield Bond ETF,,HYGH,6/5/2023,6/2/2023,6/8/2023,0.516757,,,
2023-07-05,iShares Interest Rate Hedged High Yield Bond ETF,,HYGH,7/6/2023,7/5/2023,7/11/2023,0.561338,,,
2023-08-02,iShares Interest Rate Hedged High Yield Bond ETF,,HYGH,8/3/2023,8/2/2023,8/8/2023,0.623967,,,
2023-09-05,iShares Interest Rate Hedged High Yield Bond ETF,,HYGH,9/6/2023,9/5/2023,9/11/2023,0.729809,,,
2023-10-03,iShares Interest Rate Hedged High Yield Bond ETF,,HYGH,10/4/2023,10/3/2023,10/10/2023,0.699259,,,
2023-11-02,iShares Interest Rate Hedged High Yield Bond ETF,,HYGH,11/3/2023,11/2/2023,11/8/2023,0.752016,,,
2024-02-02,iShares Interest Rate Hedged High Yield Bond ETF,,HYGH,2/5/2024,2/2/2024,2/8/2024,0.574936,,,
2024-03-04,iShares Interest Rate Hedged High Yield Bond ETF,,HYGH,3/5/2024,3/4/2024,3/8/2024,0.640421,,,
2024-04-02,iShares Interest Rate Hedged High Yield Bond ETF,,HYGH,4/3/2024,4/2/2024,4/8/2024,0.572561,,,
2024-05-02,iShares Interest Rate Hedged High Yield Bond ETF,,HYGH,5/3/2024,5/2/2024,5/8/2024,0.621025,,,
2024-06-04,iShares Interest Rate Hedged High Yield Bond ETF,,HYGH,6/4/2024,6/4/2024,6/10/2024,0.549287,,,
2024-07-02,iShares Interest Rate Hedged High Yield Bond ETF,,HYGH,7/2/2024,7/2/2024,7/8/2024,0.520126,,,
2024-08-02,iShares Interest Rate Hedged High Yield Bond ETF,,HYGH,8/2/2024,8/2/2024,8/7/2024,0.582147,,,
2024-09-04,iShares Interest Rate Hedged High Yield Bond ETF,,HYGH,9/4/2024,9/4/2024,9/9/2024,0.560769,,,
2024-10-02,iShares Interest Rate Hedged High Yield Bond ETF,,HYGH,10/2/2024,10/2/2024,10/7/2024,0.551902,,,
2024-11-04,iShares Interest Rate Hedged High Yield Bond ETF,,HYGH,11/4/2024,11/4/2024,11/7/2024,0.550718,,,
2025-02-04,iShares Interest Rate Hedged High Yield Bond ETF,,HYGH,2/4/2025,2/4/2025,2/7/2025,0.506806,,,
2025-03-04,iShares Interest Rate Hedged High Yield Bond ETF,,HYGH,3/4/2025,3/4/2025,3/7/2025,0.493095,,,
2025-04-02,iShares Interest Rate Hedged High Yield Bond ETF,,HYGH,4/2/2025,4/2/2025,4/7/2025,0.510062,,,
2025-05-02,iShares Interest Rate Hedged High Yield Bond ETF,,HYGH,5/2/2025,5/2/2025,5/7/2025,0.513509,,,
2025-06-03,iShares Interest Rate Hedged High Yield Bond ETF,,HYGH,6/3/2025,6/3/2025,6/6/2025,0.504545,,,
2025-07-02,iShares Interest Rate Hedged High Yield Bond ETF,,HYGH,7/2/2025,7/2/2025,7/8/2025,0.487310,,,
2025-08-04,iShares Interest Rate Hedged High Yield Bond ETF,,HYGH,8/4/2025,8/4/2025,8/7/2025,0.513462,,,
2025-09-03,iShares Interest Rate Hedged High Yield Bond ETF,,HYGH,9/3/2025,9/3/2025,9/8/2025,0.480049,,,
2025-10-02,iShares Interest Rate Hedged High Yield Bond ETF,,HYGH,10/2/2025,10/2/2025,10/7/2025,0.476755,,,
2025-11-04,iShares Interest Rate Hedged High Yield Bond ETF,,HYGH,11/4/2025,11/4/2025,11/7/2025,0.499349,,,
2022-08-02,iShares Inflation Hedged High Yield Bond ETF,,HYGI,8/3/2022,8/2/2022,8/8/2022,0.150407,,,
2022-09-02,iShares Inflation Hedged High Yield Bond ETF,,HYGI,9/6/2022,9/2/2022,9/9/2022,0.108062,,,
2022-10-04,iShares Inflation Hedged High Yield Bond ETF,,HYGI,10/5/2022,10/4/2022,10/11/2022,0.175725,,,
2022-11-02,iShares Inflation Hedged High Yield Bond ETF,,HYGI,11/3/2022,11/2/2022,11/8/2022,0.117108,,,
2023-02-02,iShares Inflation Hedged High Yield Bond ETF,,HYGI,2/3/2023,2/2/2023,2/8/2023,0.120821,,,
2023-03-02,iShares Inflation Hedged High Yield Bond ETF,,HYGI,3/3/2023,3/2/2023,3/8/2023,0.156002,,,
2023-04-04,iShares Inflation Hedged High Yield Bond ETF,,HYGI,4/5/2023,4/4/2023,4/10/2023,0.133379,,,
2023-05-02,iShares Inflation Hedged High Yield Bond ETF,,HYGI,5/3/2023,5/2/2023,5/8/2023,0.114771,,,
2023-06-02,iShares Inflation Hedged High Yield Bond ETF,,HYGI,6/5/2023,6/2/2023,6/8/2023,0.121179,,,
2023-07-05,iShares Inflation Hedged High Yield Bond ETF,,HYGI,7/6/2023,7/5/2023,7/11/2023,0.138201,,,
2023-08-02,iShares Inflation Hedged High Yield Bond ETF,,HYGI,8/3/2023,8/2/2023,8/8/2023,0.126802,,,
2023-09-05,iShares Inflation Hedged High Yield Bond ETF,,HYGI,9/6/2023,9/5/2023,9/11/2023,0.135584,,,
2023-10-03,iShares Inflation Hedged High Yield Bond ETF,,HYGI,10/4/2023,10/3/2023,10/10/2023,0.145390,,,
2023-11-02,iShares Inflation Hedged High Yield Bond ETF,,HYGI,11/3/2023,11/2/2023,11/8/2023,0.149946,,,
2024-02-02,iShares Inflation Hedged High Yield Bond ETF,,HYGI,2/5/2024,2/2/2024,2/8/2024,0.112578,,,
2024-03-04,iShares Inflation Hedged High Yield Bond ETF,,HYGI,3/5/2024,3/4/2024,3/8/2024,0.146325,,,
2024-04-02,iShares Inflation Hedged High Yield Bond ETF,,HYGI,4/3/2024,4/2/2024,4/8/2024,0.134623,,,
2024-05-02,iShares Inflation Hedged High Yield Bond ETF,,HYGI,5/3/2024,5/2/2024,5/8/2024,0.140799,,,
2024-06-04,iShares Inflation Hedged High Yield Bond ETF,,HYGI,6/4/2024,6/4/2024,6/10/2024,0.124897,,,
2024-07-02,iShares Inflation Hedged High Yield Bond ETF,,HYGI,7/2/2024,7/2/2024,7/8/2024,0.135885,,,
2024-08-02,iShares Inflation Hedged High Yield Bond ETF,,HYGI,8/2/2024,8/2/2024,8/7/2024,0.137463,,,
2024-09-04,iShares Inflation Hedged High Yield Bond ETF,,HYGI,9/4/2024,9/4/2024,9/9/2024,0.129447,,,
2024-10-02,iShares Inflation Hedged High Yield Bond ETF,,HYGI,10/2/2024,10/2/2024,10/7/2024,0.132131,,,
2024-11-04,iShares Inflation Hedged High Yield Bond ETF,,HYGI,11/4/2024,11/4/2024,11/7/2024,0.139852,,,
2025-02-04,iShares Inflation Hedged High Yield Bond ETF,,HYGI,2/4/2025,2/4/2025,2/7/2025,0.131339,,,
2025-03-04,iShares Inflation Hedged High Yield Bond ETF,,HYGI,3/4/2025,3/4/2025,3/7/2025,0.126791,,,
2025-04-02,iShares Inflation Hedged High Yield Bond ETF,,HYGI,4/2/2025,4/2/2025,4/7/2025,0.137010,,,
2025-05-02,iShares Inflation Hedged High Yield Bond ETF,,HYGI,5/2/2025,5/2/2025,5/7/2025,0.138594,,,
2025-06-03,iShares Inflation Hedged High Yield Bond ETF,,HYGI,6/3/2025,6/3/2025,6/6/2025,0.130086,,,
2025-07-02,iShares Inflation Hedged High Yield Bond ETF,,HYGI,7/2/2025,7/2/2025,7/8/2025,0.129103,,,
2022-09-02,iShares High Yield Corporate Bond BuyWrite Strategy ETF,,HYGW,9/6/2022,9/2/2022,9/9/2022,0.556333,,,0.029336
2022-10-04,iShares High Yield Corporate Bond BuyWrite Strategy ETF,,HYGW,10/5/2022,10/4/2022,10/11/2022,0.747996,,,0.039442
2022-11-02,iShares High Yield Corporate Bond BuyWrite Strategy ETF,,HYGW,11/3/2022,11/2/2022,11/8/2022,0.698495,,,
2023-02-02,iShares High Yield Corporate Bond BuyWrite Strategy ETF,,HYGW,2/3/2023,2/2/2023,2/8/2023,0.201595,,,0.373967
2023-03-02,iShares High Yield Corporate Bond BuyWrite Strategy ETF,,HYGW,3/3/2023,3/2/2023,3/8/2023,0.133008,,,0.246736
2023-04-04,iShares High Yield Corporate Bond BuyWrite Strategy ETF,,HYGW,4/5/2023,4/4/2023,4/10/2023,0.300582,,,0.557593
2023-05-02,iShares High Yield Corporate Bond BuyWrite Strategy ETF,,HYGW,5/3/2023,5/2/2023,5/8/2023,0.140537,,,0.260703
2023-06-02,iShares High Yield Corporate Bond BuyWrite Strategy ETF,,HYGW,6/5/2023,6/2/2023,6/8/2023,0.157501,,,0.292173
2023-07-05,iShares High Yield Corporate Bond BuyWrite Strategy ETF,,HYGW,7/6/2023,7/5/2023,7/11/2023,0.173339,,,0.321552
2023-08-02,iShares High Yield Corporate Bond BuyWrite Strategy ETF,,HYGW,8/3/2023,8/2/2023,8/8/2023,0.084731,,,0.157181
2023-09-05,iShares High Yield Corporate Bond BuyWrite Strategy ETF,,HYGW,9/6/2023,9/5/2023,9/11/2023,0.137540,,,0.255143
2023-10-03,iShares High Yield Corporate Bond BuyWrite Strategy ETF,,HYGW,10/4/2023,10/3/2023,10/10/2023,0.126746,,,0.235120
2023-11-02,iShares High Yield Corporate Bond BuyWrite Strategy ETF,,HYGW,11/3/2023,11/2/2023,11/8/2023,0.413136,,,
2024-02-02,iShares High Yield Corporate Bond BuyWrite Strategy ETF,,HYGW,2/5/2024,2/2/2024,2/8/2024,0.143413,,,0.253033
2024-03-04,iShares High Yield Corporate Bond BuyWrite Strategy ETF,,HYGW,3/5/2024,3/4/2024,3/8/2024,0.153481,,,0.270797
2024-04-02,iShares High Yield Corporate Bond BuyWrite Strategy ETF,,HYGW,4/3/2024,4/2/2024,4/8/2024,0.143018,,,0.252337
2024-05-02,iShares High Yield Corporate Bond BuyWrite Strategy ETF,,HYGW,5/3/2024,5/2/2024,5/8/2024,0.116762,,,0.206011
2024-06-04,iShares High Yield Corporate Bond BuyWrite Strategy ETF,,HYGW,6/4/2024,6/4/2024,6/10/2024,0.137851,,,0.243220
2024-07-02,iShares High Yield Corporate Bond BuyWrite Strategy ETF,,HYGW,7/2/2024,7/2/2024,7/8/2024,0.130525,,,0.230295
2024-08-02,iShares High Yield Corporate Bond BuyWrite Strategy ETF,,HYGW,8/2/2024,8/2/2024,8/7/2024,0.101249,,,0.178642
2024-09-04,iShares High Yield Corporate Bond BuyWrite Strategy ETF,,HYGW,9/4/2024,9/4/2024,9/9/2024,0.081157,,,0.143191
2024-10-02,iShares High Yield Corporate Bond BuyWrite Strategy ETF,,HYGW,10/2/2024,10/2/2024,10/7/2024,0.113165,,,0.199666
2024-11-04,iShares High Yield Corporate Bond BuyWrite Strategy ETF,,HYGW,11/4/2024,11/4/2024,11/7/2024,0.135235,,,0.071684
2025-02-04,iShares High Yield Corporate Bond BuyWrite Strategy ETF,,HYGW,2/4/2025,2/4/2025,2/7/2025,0.140414,,,0.189478
2025-03-04,iShares High Yield Corporate Bond BuyWrite Strategy ETF,,HYGW,3/4/2025,3/4/2025,3/7/2025,0.089268,,,0.120461
2025-04-02,iShares High Yield Corporate Bond BuyWrite Strategy ETF,,HYGW,4/2/2025,4/2/2025,4/7/2025,0.149381,,,0.201580
2025-05-02,iShares High Yield Corporate Bond BuyWrite Strategy ETF,,HYGW,5/2/2025,5/2/2025,5/7/2025,0.238476,,,0.321806
2025-06-03,iShares High Yield Corporate Bond BuyWrite Strategy ETF,,HYGW,6/3/2025,6/3/2025,6/6/2025,0.164579,,,0.222088
2025-07-02,iShares High Yield Corporate Bond BuyWrite Strategy ETF,,HYGW,7/2/2025,7/2/2025,7/8/2025,0.178228,,,0.240506
2025-08-04,iShares High Yield Corporate Bond BuyWrite Strategy ETF,,HYGW,8/4/2025,8/4/2025,8/7/2025,0.126752,,,0.171042
2025-09-03,iShares High Yield Corporate Bond BuyWrite Strategy ETF,,HYGW,9/3/2025,9/3/2025,9/8/2025,0.067924,,,0.091659
2025-10-02,iShares High Yield Corporate Bond BuyWrite Strategy ETF,,HYGW,10/2/2025,10/2/2025,10/7/2025,0.114054,,,0.153909
2025-11-04,iShares High Yield Corporate Bond BuyWrite Strategy ETF,,HYGW,11/4/2025,11/4/2025,11/7/2025,0.281307,,,
2022-02-01,iShares High Yield Muni Income Active ETF (now SHYM),,HYMU,2/2/2022,2/1/2022,2/7/2022,0.000454,,,
2022-03-01,iShares High Yield Muni Income Active ETF (now SHYM),,HYMU,3/2/2022,3/1/2022,3/7/2022,0.000437,,,
2022-04-01,iShares High Yield Muni Income Active ETF (now SHYM),,HYMU,4/4/2022,4/1/2022,4/7/2022,0.000443,,,
2022-05-02,iShares High Yield Muni Income Active ETF (now SHYM),,HYMU,5/3/2022,5/2/2022,5/6/2022,0.000442,,,
2022-06-01,iShares High Yield Muni Income Active ETF (now SHYM),,HYMU,6/2/2022,6/1/2022,6/7/2022,0.000487,,,
2022-07-01,iShares High Yield Muni Income Active ETF (now SHYM),,HYMU,7/5/2022,7/1/2022,7/8/2022,0.000520,,,
2022-08-01,iShares High Yield Muni Income Active ETF (now SHYM),,HYMU,8/2/2022,8/1/2022,8/5/2022,0.000522,,,
2022-09-01,iShares High Yield Muni Income Active ETF (now SHYM),,HYMU,9/2/2022,9/1/2022,9/8/2022,0.000589,,,
2022-10-03,iShares High Yield Muni Income Active ETF (now SHYM),,HYMU,10/4/2022,10/3/2022,10/7/2022,0.000592,,,
2022-11-01,iShares High Yield Muni Income Active ETF (now SHYM),,HYMU,11/2/2022,11/1/2022,11/7/2022,0.000602,,,
2023-02-01,iShares High Yield Muni Income Active ETF (now SHYM),,HYMU,2/2/2023,2/1/2023,2/7/2023,0.002387,,,
2023-03-01,iShares High Yield Muni Income Active ETF (now SHYM),,HYMU,3/2/2023,3/1/2023,3/7/2023,0.002497,,,
2023-04-03,iShares High Yield Muni Income Active ETF (now SHYM),,HYMU,4/4/2023,4/3/2023,4/7/2023,0.002566,,,
2023-05-01,iShares High Yield Muni Income Active ETF (now SHYM),,HYMU,5/2/2023,5/1/2023,5/5/2023,0.002276,,,
2023-06-01,iShares High Yield Muni Income Active ETF (now SHYM),,HYMU,6/2/2023,6/1/2023,6/7/2023,0.002450,,,
2023-07-03,iShares High Yield Muni Income Active ETF (now SHYM),,HYMU,7/5/2023,7/3/2023,7/10/2023,0.002367,,,
2023-08-01,iShares High Yield Muni Income Active ETF (now SHYM),,HYMU,8/2/2023,8/1/2023,8/7/2023,0.002262,,,
2023-09-01,iShares High Yield Muni Income Active ETF (now SHYM),,HYMU,9/5/2023,9/1/2023,9/8/2023,0.002412,,,
2023-10-02,iShares High Yield Muni Income Active ETF (now SHYM),,HYMU,10/3/2023,10/2/2023,10/6/2023,0.003270,,,
2023-11-01,iShares High Yield Muni Income Active ETF (now SHYM),,HYMU,11/2/2023,11/1/2023,11/7/2023,0.002604,,,
2024-02-01,iShares High Yield Muni Income Active ETF (now SHYM),,HYMU,2/2/2024,2/1/2024,2/7/2024,0.003345,,,
2024-03-01,iShares High Yield Muni Income Active ETF (now SHYM),,HYMU,3/4/2024,3/1/2024,3/7/2024,0.002890,,,
2024-04-01,iShares High Yield Muni Income Active ETF (now SHYM),,HYMU,4/2/2024,4/1/2024,4/5/2024,0.002965,,,
2024-05-01,iShares High Yield Muni Income Active ETF (now SHYM),,HYMU,5/2/2024,5/1/2024,5/7/2024,0.002955,,,
2024-06-03,iShares High Yield Muni Income Active ETF (now SHYM),,HYMU,6/3/2024,6/3/2024,6/7/2024,0.003028,,,
2024-07-01,iShares High Yield Muni Income Active ETF (now SHYM),,HYMU,7/1/2024,7/1/2024,7/5/2024,0.002991,,,
2024-08-01,iShares High Yield Muni Income Active ETF (now SHYM),,HYMU,8/1/2024,8/1/2024,8/6/2024,0.001141,,,
2024-09-03,iShares High Yield Muni Income Active ETF (now SHYM),,HYMU,9/3/2024,9/3/2024,9/6/2024,0.001232,,,
2024-10-01,iShares High Yield Muni Income Active ETF (now SHYM),,HYMU,10/1/2024,10/1/2024,10/4/2024,0.001158,,,
2024-11-01,iShares High Yield Muni Income Active ETF (now SHYM),,HYMU,11/1/2024,11/1/2024,11/6/2024,0.001245,,,
2022-02-01,iShares ESG Advanced High Yield Corporate Bond ETF,,HYXF,2/2/2022,2/1/2022,2/7/2022,0.170178,,,
2022-03-01,iShares ESG Advanced High Yield Corporate Bond ETF,,HYXF,3/2/2022,3/1/2022,3/7/2022,0.181367,,,
2022-04-01,iShares ESG Advanced High Yield Corporate Bond ETF,,HYXF,4/4/2022,4/1/2022,4/7/2022,0.175980,,,
2022-05-02,iShares ESG Advanced High Yield Corporate Bond ETF,,HYXF,5/3/2022,5/2/2022,5/6/2022,0.180059,,,
2022-06-01,iShares ESG Advanced High Yield Corporate Bond ETF,,HYXF,6/2/2022,6/1/2022,6/7/2022,0.195678,,,
2022-07-01,iShares ESG Advanced High Yield Corporate Bond ETF,,HYXF,7/5/2022,7/1/2022,7/8/2022,0.185160,,,
2022-08-01,iShares ESG Advanced High Yield Corporate Bond ETF,,HYXF,8/2/2022,8/1/2022,8/5/2022,0.201668,,,
2022-09-01,iShares ESG Advanced High Yield Corporate Bond ETF,,HYXF,9/2/2022,9/1/2022,9/8/2022,0.193298,,,
2022-10-03,iShares ESG Advanced High Yield Corporate Bond ETF,,HYXF,10/4/2022,10/3/2022,10/7/2022,0.201957,,,
2022-11-01,iShares ESG Advanced High Yield Corporate Bond ETF,,HYXF,11/2/2022,11/1/2022,11/7/2022,0.206238,,,
2023-02-01,iShares ESG Advanced High Yield Corporate Bond ETF,,HYXF,2/2/2023,2/1/2023,2/7/2023,0.204286,,,
2023-03-01,iShares ESG Advanced High Yield Corporate Bond ETF,,HYXF,3/2/2023,3/1/2023,3/7/2023,0.211127,,,
2023-04-03,iShares ESG Advanced High Yield Corporate Bond ETF,,HYXF,4/4/2023,4/3/2023,4/7/2023,0.199477,,,
2023-05-01,iShares ESG Advanced High Yield Corporate Bond ETF,,HYXF,5/2/2023,5/1/2023,5/5/2023,0.227135,,,
2023-06-01,iShares ESG Advanced High Yield Corporate Bond ETF,,HYXF,6/2/2023,6/1/2023,6/7/2023,0.222845,,,
2023-07-03,iShares ESG Advanced High Yield Corporate Bond ETF,,HYXF,7/5/2023,7/3/2023,7/10/2023,0.226328,,,
2023-08-01,iShares ESG Advanced High Yield Corporate Bond ETF,,HYXF,8/2/2023,8/1/2023,8/7/2023,0.224817,,,
2023-09-01,iShares ESG Advanced High Yield Corporate Bond ETF,,HYXF,9/5/2023,9/1/2023,9/8/2023,0.230093,,,
2023-10-02,iShares ESG Advanced High Yield Corporate Bond ETF,,HYXF,10/3/2023,10/2/2023,10/6/2023,0.234356,,,
2023-11-01,iShares ESG Advanced High Yield Corporate Bond ETF,,HYXF,11/2/2023,11/1/2023,11/7/2023,0.244470,,,
2024-02-01,iShares ESG Advanced High Yield Corporate Bond ETF,,HYXF,2/2/2024,2/1/2024,2/7/2024,0.236651,,,
2024-03-01,iShares ESG Advanced High Yield Corporate Bond ETF,,HYXF,3/4/2024,3/1/2024,3/7/2024,0.239841,,,
2024-04-01,iShares ESG Advanced High Yield Corporate Bond ETF,,HYXF,4/2/2024,4/1/2024,4/5/2024,0.284691,,,
2024-05-01,iShares ESG Advanced High Yield Corporate Bond ETF,,HYXF,5/2/2024,5/1/2024,5/7/2024,0.234682,,,
2024-06-03,iShares ESG Advanced High Yield Corporate Bond ETF,,HYXF,6/3/2024,6/3/2024,6/7/2024,0.243434,,,
2024-07-01,iShares ESG Advanced High Yield Corporate Bond ETF,,HYXF,7/1/2024,7/1/2024,7/5/2024,0.241211,,,
2024-08-01,iShares ESG Advanced High Yield Corporate Bond ETF,,HYXF,8/1/2024,8/1/2024,8/6/2024,0.243304,,,
2024-09-03,iShares ESG Advanced High Yield Corporate Bond ETF,,HYXF,9/3/2024,9/3/2024,9/6/2024,0.247928,,,
2024-10-01,iShares ESG Advanced High Yield Corporate Bond ETF,,HYXF,10/1/2024,10/1/2024,10/4/2024,0.244179,,,
2024-11-01,iShares ESG Advanced High Yield Corporate Bond ETF,,HYXF,11/1/2024,11/1/2024,11/6/2024,0.242614,,,
2025-02-03,iShares ESG Advanced High Yield Corporate Bond ETF,,HYXF,2/3/2025,2/3/2025,2/6/2025,0.248573,,,
2025-03-03,iShares ESG Advanced High Yield Corporate Bond ETF,,HYXF,3/3/2025,3/3/2025,3/6/2025,0.249447,,,
2025-04-01,iShares ESG Advanced High Yield Corporate Bond ETF,,HYXF,4/1/2025,4/1/2025,4/4/2025,0.238751,,,
2025-05-01,iShares ESG Advanced High Yield Corporate Bond ETF,,HYXF,5/1/2025,5/1/2025,5/6/2025,0.253455,,,
2025-06-02,iShares ESG Advanced High Yield Corporate Bond ETF,,HYXF,6/2/2025,6/2/2025,6/5/2025,0.263268,,,
2025-07-01,iShares ESG Advanced High Yield Corporate Bond ETF,,HYXF,7/1/2025,7/1/2025,7/7/2025,0.248936,,,
2025-08-01,iShares ESG Advanced High Yield Corporate Bond ETF,,HYXF,8/1/2025,8/1/2025,8/6/2025,0.247684,,,
2025-09-02,iShares ESG Advanced High Yield Corporate Bond ETF,,HYXF,9/2/2025,9/2/2025,9/5/2025,0.233302,,,
2025-10-01,iShares ESG Advanced High Yield Corporate Bond ETF,,HYXF,10/1/2025,10/1/2025,10/6/2025,0.232810,,,
2025-11-03,iShares ESG Advanced High Yield Corporate Bond ETF,,HYXF,11/3/2025,11/3/2025,11/6/2025,0.234573,,,
2022-03-24,iShares U.S. Broker-Dealers & Securities Exchanges ETF,,IAI,3/25/2022,3/24/2022,3/30/2022,0.727636,,,
2022-06-09,iShares U.S. Broker-Dealers & Securities Exchanges ETF,,IAI,6/10/2022,6/9/2022,6/15/2022,0.396428,,,
2022-09-26,iShares U.S. Broker-Dealers & Securities Exchanges ETF,,IAI,9/27/2022,9/26/2022,9/30/2022,0.483118,,,
2023-03-23,iShares U.S. Broker-Dealers & Securities Exchanges ETF,,IAI,3/24/2023,3/23/2023,3/29/2023,0.428995,,,
2023-06-07,iShares U.S. Broker-Dealers & Securities Exchanges ETF,,IAI,6/8/2023,6/7/2023,6/13/2023,0.506067,,,
2023-09-26,iShares U.S. Broker-Dealers & Securities Exchanges ETF,,IAI,9/27/2023,9/26/2023,10/2/2023,0.578523,,,
2024-03-21,iShares U.S. Broker-Dealers & Securities Exchanges ETF,,IAI,3/22/2024,3/21/2024,3/27/2024,0.353113,,,
2024-06-11,iShares U.S. Broker-Dealers & Securities Exchanges ETF,,IAI,6/11/2024,6/11/2024,6/17/2024,0.363949,,,
2024-09-25,iShares U.S. Broker-Dealers & Securities Exchanges ETF,,IAI,9/25/2024,9/25/2024,9/30/2024,0.361381,,,
2025-03-18,iShares U.S. Broker-Dealers & Securities Exchanges ETF,,IAI,3/18/2025,3/18/2025,3/21/2025,0.463825,,,
2025-06-16,iShares U.S. Broker-Dealers & Securities Exchanges ETF,,IAI,6/16/2025,6/16/2025,6/20/2025,0.359017,,,
2025-09-16,iShares U.S. Broker-Dealers & Securities Exchanges ETF,,IAI,9/16/2025,9/16/2025,9/19/2025,0.435594,,,
2022-03-24,iShares U.S. Insurance ETF,,IAK,3/25/2022,3/24/2022,3/30/2022,0.323865,,,
2022-06-09,iShares U.S. Insurance ETF,,IAK,6/10/2022,6/9/2022,6/15/2022,0.260408,,,
2022-09-26,iShares U.S. Insurance ETF,,IAK,9/27/2022,9/26/2022,9/30/2022,0.464708,,,
2023-03-23,iShares U.S. Insurance ETF,,IAK,3/24/2023,3/23/2023,3/29/2023,0.276512,,,
2023-06-07,iShares U.S. Insurance ETF,,IAK,6/8/2023,6/7/2023,6/13/2023,0.239370,,,
2023-09-26,iShares U.S. Insurance ETF,,IAK,9/27/2023,9/26/2023,10/2/2023,0.490779,,,
2024-03-21,iShares U.S. Insurance ETF,,IAK,3/22/2024,3/21/2024,3/27/2024,0.411218,,,
2024-06-11,iShares U.S. Insurance ETF,,IAK,6/11/2024,6/11/2024,6/17/2024,0.223508,,,
2024-09-25,iShares U.S. Insurance ETF,,IAK,9/25/2024,9/25/2024,9/30/2024,0.522453,,,
2025-03-18,iShares U.S. Insurance ETF,,IAK,3/18/2025,3/18/2025,3/21/2025,0.775080,,,
2025-06-16,iShares U.S. Insurance ETF,,IAK,6/16/2025,6/16/2025,6/20/2025,0.350732,,,
2025-09-16,iShares U.S. Insurance ETF,,IAK,9/16/2025,9/16/2025,9/19/2025,0.512115,,,
2022-03-24,iShares U.S. Regional Banks ETF,,IAT,3/25/2022,3/24/2022,3/30/2022,0.250542,,,
2022-06-09,iShares U.S. Regional Banks ETF,,IAT,6/10/2022,6/9/2022,6/15/2022,0.340699,,,
2022-09-26,iShares U.S. Regional Banks ETF,,IAT,9/27/2022,9/26/2022,9/30/2022,0.430175,,,
2023-03-23,iShares U.S. Regional Banks ETF,,IAT,3/24/2023,3/23/2023,3/29/2023,0.198082,,,
2023-06-07,iShares U.S. Regional Banks ETF,,IAT,6/8/2023,6/7/2023,6/13/2023,0.310132,,,
2023-09-26,iShares U.S. Regional Banks ETF,,IAT,9/27/2023,9/26/2023,10/2/2023,0.498787,,,
2024-03-21,iShares U.S. Regional Banks ETF,,IAT,3/22/2024,3/21/2024,3/27/2024,0.303760,,,
2024-06-11,iShares U.S. Regional Banks ETF,,IAT,6/11/2024,6/11/2024,6/17/2024,0.339640,,,
2024-09-25,iShares U.S. Regional Banks ETF,,IAT,9/25/2024,9/25/2024,9/30/2024,0.443862,,,
2025-03-18,iShares U.S. Regional Banks ETF,,IAT,3/18/2025,3/18/2025,3/21/2025,0.259695,,,
2025-06-16,iShares U.S. Regional Banks ETF,,IAT,6/16/2025,6/16/2025,6/20/2025,0.384802,,,
2025-09-16,iShares U.S. Regional Banks ETF,,IAT,9/16/2025,9/16/2025,9/19/2025,0.398051,,,
2024-06-11,iShares Energy Storage & Materials ETF,,IBAT,6/11/2024,6/11/2024,6/17/2024,0.207097,,,
2025-06-16,iShares Energy Storage & Materials ETF,,IBAT,6/16/2025,6/16/2025,6/20/2025,0.236013,,,
2022-03-24,iShares Biotechnology ETF,,IBB,3/25/2022,3/24/2022,3/30/2022,0.117559,,,
2022-06-09,iShares Biotechnology ETF,,IBB,6/10/2022,6/9/2022,6/15/2022,0.030532,,,
2022-09-26,iShares Biotechnology ETF,,IBB,9/27/2022,9/26/2022,9/30/2022,0.158586,,,
2023-03-23,iShares Biotechnology ETF,,IBB,3/24/2023,3/23/2023,3/29/2023,0.064564,,,
2023-06-07,iShares Biotechnology ETF,,IBB,6/8/2023,6/7/2023,6/13/2023,0.006207,,,
2023-09-26,iShares Biotechnology ETF,,IBB,9/27/2023,9/26/2023,10/2/2023,0.153164,,,
2024-03-21,iShares Biotechnology ETF,,IBB,3/22/2024,3/21/2024,3/27/2024,0.125994,,,
2024-09-25,iShares Biotechnology ETF,,IBB,9/25/2024,9/25/2024,9/30/2024,0.200474,,,
2025-03-18,iShares Biotechnology ETF,,IBB,3/18/2025,3/18/2025,3/21/2025,0.121169,,,
2025-09-16,iShares Biotechnology ETF,,IBB,9/16/2025,9/16/2025,9/19/2025,0.082843,,,
2022-02-01,iShares iBonds 2026 Term High Yield and Income ETF,,IBHF,2/2/2022,2/1/2022,2/7/2022,0.102902,,,
2022-03-01,iShares iBonds 2026 Term High Yield and Income ETF,,IBHF,3/2/2022,3/1/2022,3/7/2022,0.101749,,,
2022-04-01,iShares iBonds 2026 Term High Yield and Income ETF,,IBHF,4/4/2022,4/1/2022,4/7/2022,0.107015,,,
2022-05-02,iShares iBonds 2026 Term High Yield and Income ETF,,IBHF,5/3/2022,5/2/2022,5/6/2022,0.104307,,,
2022-06-01,iShares iBonds 2026 Term High Yield and Income ETF,,IBHF,6/2/2022,6/1/2022,6/7/2022,0.103866,,,
2022-07-01,iShares iBonds 2026 Term High Yield and Income ETF,,IBHF,7/5/2022,7/1/2022,7/8/2022,0.106916,,,
2022-08-01,iShares iBonds 2026 Term High Yield and Income ETF,,IBHF,8/2/2022,8/1/2022,8/5/2022,0.113357,,,
2022-09-01,iShares iBonds 2026 Term High Yield and Income ETF,,IBHF,9/2/2022,9/1/2022,9/8/2022,0.117491,,,
2022-10-03,iShares iBonds 2026 Term High Yield and Income ETF,,IBHF,10/4/2022,10/3/2022,10/7/2022,0.120612,,,
2022-11-01,iShares iBonds 2026 Term High Yield and Income ETF,,IBHF,11/2/2022,11/1/2022,11/7/2022,0.118912,,,
2023-02-01,iShares iBonds 2026 Term High Yield and Income ETF,,IBHF,2/2/2023,2/1/2023,2/7/2023,0.132630,,,
2023-03-01,iShares iBonds 2026 Term High Yield and Income ETF,,IBHF,3/2/2023,3/1/2023,3/7/2023,0.131296,,,
2023-04-03,iShares iBonds 2026 Term High Yield and Income ETF,,IBHF,4/4/2023,4/3/2023,4/7/2023,0.142343,,,
2023-05-01,iShares iBonds 2026 Term High Yield and Income ETF,,IBHF,5/2/2023,5/1/2023,5/5/2023,0.144432,,,
2023-06-01,iShares iBonds 2026 Term High Yield and Income ETF,,IBHF,6/2/2023,6/1/2023,6/7/2023,0.143641,,,
2023-07-03,iShares iBonds 2026 Term High Yield and Income ETF,,IBHF,7/5/2023,7/3/2023,7/10/2023,0.142772,,,
2023-08-01,iShares iBonds 2026 Term High Yield and Income ETF,,IBHF,8/2/2023,8/1/2023,8/7/2023,0.138215,,,
2023-09-01,iShares iBonds 2026 Term High Yield and Income ETF,,IBHF,9/5/2023,9/1/2023,9/8/2023,0.141398,,,
2023-10-02,iShares iBonds 2026 Term High Yield and Income ETF,,IBHF,10/3/2023,10/2/2023,10/6/2023,0.137027,,,
2023-11-01,iShares iBonds 2026 Term High Yield and Income ETF,,IBHF,11/2/2023,11/1/2023,11/7/2023,0.145165,,,
2024-02-01,iShares iBonds 2026 Term High Yield and Income ETF,,IBHF,2/2/2024,2/1/2024,2/7/2024,0.143855,,,
2024-03-01,iShares iBonds 2026 Term High Yield and Income ETF,,IBHF,3/4/2024,3/1/2024,3/7/2024,0.140183,,,
2024-04-01,iShares iBonds 2026 Term High Yield and Income ETF,,IBHF,4/2/2024,4/1/2024,4/5/2024,0.139576,,,
2024-05-01,iShares iBonds 2026 Term High Yield and Income ETF,,IBHF,5/2/2024,5/1/2024,5/7/2024,0.148766,,,
2024-06-03,iShares iBonds 2026 Term High Yield and Income ETF,,IBHF,6/3/2024,6/3/2024,6/7/2024,0.142352,,,
2024-07-01,iShares iBonds 2026 Term High Yield and Income ETF,,IBHF,7/1/2024,7/1/2024,7/5/2024,0.137764,,,
2024-08-01,iShares iBonds 2026 Term High Yield and Income ETF,,IBHF,8/1/2024,8/1/2024,8/6/2024,0.136831,,,
2024-09-03,iShares iBonds 2026 Term High Yield and Income ETF,,IBHF,9/3/2024,9/3/2024,9/6/2024,0.138983,,,
2024-10-01,iShares iBonds 2026 Term High Yield and Income ETF,,IBHF,10/1/2024,10/1/2024,10/4/2024,0.136004,,,
2024-11-01,iShares iBonds 2026 Term High Yield and Income ETF,,IBHF,11/1/2024,11/1/2024,11/6/2024,0.131606,,,
2025-02-03,iShares iBonds 2026 Term High Yield and Income ETF,,IBHF,2/3/2025,2/3/2025,2/6/2025,0.127567,,,
2025-03-03,iShares iBonds 2026 Term High Yield and Income ETF,,IBHF,3/3/2025,3/3/2025,3/6/2025,0.124634,,,
2025-04-01,iShares iBonds 2026 Term High Yield and Income ETF,,IBHF,4/1/2025,4/1/2025,4/4/2025,0.128746,,,
2025-05-01,iShares iBonds 2026 Term High Yield and Income ETF,,IBHF,5/1/2025,5/1/2025,5/6/2025,0.129588,,,
2025-06-02,iShares iBonds 2026 Term High Yield and Income ETF,,IBHF,6/2/2025,6/2/2025,6/5/2025,0.128902,,,
2025-07-01,iShares iBonds 2026 Term High Yield and Income ETF,,IBHF,7/1/2025,7/1/2025,7/7/2025,0.130017,,,
2025-08-01,iShares iBonds 2026 Term High Yield and Income ETF,,IBHF,8/1/2025,8/1/2025,8/6/2025,0.130605,,,
2025-09-02,iShares iBonds 2026 Term High Yield and Income ETF,,IBHF,9/2/2025,9/2/2025,9/5/2025,0.132827,,,
2025-10-01,iShares iBonds 2026 Term High Yield and Income ETF,,IBHF,10/1/2025,10/1/2025,10/6/2025,0.126316,,,
2025-11-03,iShares iBonds 2026 Term High Yield and Income ETF,,IBHF,11/3/2025,11/3/2025,11/6/2025,0.128243,,,
2024-04-01,iShares iBonds Oct 2030 Term TIPS ETF,,IBIG,4/2/2024,4/1/2024,4/5/2024,0.173285,,,
2024-07-01,iShares iBonds Oct 2030 Term TIPS ETF,,IBIG,7/1/2024,7/1/2024,7/5/2024,0.512442,,,
2024-10-01,iShares iBonds Oct 2030 Term TIPS ETF,,IBIG,10/1/2024,10/1/2024,10/4/2024,0.187589,,,
2025-04-01,iShares iBonds Oct 2030 Term TIPS ETF,,IBIG,4/1/2025,4/1/2025,4/4/2025,0.264541,,,
2025-07-01,iShares iBonds Oct 2030 Term TIPS ETF,,IBIG,7/1/2025,7/1/2025,7/7/2025,0.289479,,,
2025-10-01,iShares iBonds Oct 2030 Term TIPS ETF,,IBIG,10/1/2025,10/1/2025,10/6/2025,0.278063,,,
2022-06-09,iShares Blockchain and Tech ETF,,IBLC,6/10/2022,6/9/2022,6/15/2022,0.003280,,,
2023-06-07,iShares Blockchain and Tech ETF,,IBLC,6/8/2023,6/7/2023,6/13/2023,0.192302,,,
2024-06-11,iShares Blockchain and Tech ETF,,IBLC,6/11/2024,6/11/2024,6/17/2024,0.074969,,,
2025-06-16,iShares Blockchain and Tech ETF,,IBLC,6/16/2025,6/16/2025,6/20/2025,0.020254,,,
2023-06-07,iShares Neuroscience and Healthcare ETF,,IBRN,6/8/2023,6/7/2023,6/13/2023,,,,0.008241
2022-03-24,iShares Cohen & Steers REIT ETF,,ICF,3/25/2022,3/24/2022,3/30/2022,0.219444,,,
2022-06-09,iShares Cohen & Steers REIT ETF,,ICF,6/10/2022,6/9/2022,6/15/2022,0.192921,,,
2022-09-26,iShares Cohen & Steers REIT ETF,,ICF,9/27/2022,9/26/2022,9/30/2022,0.549999,,,
2023-03-23,iShares Cohen & Steers REIT ETF,,ICF,3/24/2023,3/23/2023,3/29/2023,0.263867,,,
2023-06-07,iShares Cohen & Steers REIT ETF,,ICF,6/8/2023,6/7/2023,6/13/2023,0.209540,,,
2023-09-26,iShares Cohen & Steers REIT ETF,,ICF,9/27/2023,9/26/2023,10/2/2023,0.599421,,,
2024-03-21,iShares Cohen & Steers REIT ETF,,ICF,3/22/2024,3/21/2024,3/27/2024,0.254733,,,
2024-06-11,iShares Cohen & Steers REIT ETF,,ICF,6/11/2024,6/11/2024,6/17/2024,0.260060,,,
2024-09-25,iShares Cohen & Steers REIT ETF,,ICF,9/25/2024,9/25/2024,9/30/2024,0.581973,,,
2025-03-18,iShares Cohen & Steers REIT ETF,,ICF,3/18/2025,3/18/2025,3/21/2025,0.251149,,,
2025-06-16,iShares Cohen & Steers REIT ETF,,ICF,6/16/2025,6/16/2025,6/20/2025,0.374097,,,
2025-09-16,iShares Cohen & Steers REIT ETF,,ICF,9/16/2025,9/16/2025,9/19/2025,0.397787,,,
2022-06-09,iShares Global Clean Energy ETF,,ICLN,6/10/2022,6/9/2022,6/15/2022,0.140342,,,
2023-06-07,iShares Global Clean Energy ETF,,ICLN,6/8/2023,6/7/2023,6/13/2023,0.124629,,,
2024-06-11,iShares Global Clean Energy ETF,,ICLN,6/11/2024,6/11/2024,6/17/2024,0.111256,,,
2025-06-16,iShares Global Clean Energy ETF,,ICLN,6/16/2025,6/16/2025,6/20/2025,0.153453,,,
2024-06-11,iShares Copper and Metals Mining ETF,,ICOP,6/11/2024,6/11/2024,6/17/2024,0.054743,,,
2025-06-16,iShares Copper and Metals Mining ETF,,ICOP,6/16/2025,6/16/2025,6/20/2025,0.301727,,,
2022-02-01,BlackRock Ultra Short-Term Bond ETF,,ICSH,2/2/2022,2/1/2022,2/7/2022,0.016490,,,
2022-03-01,BlackRock Ultra Short-Term Bond ETF,,ICSH,3/2/2022,3/1/2022,3/7/2022,0.016346,,,
2022-04-01,BlackRock Ultra Short-Term Bond ETF,,ICSH,4/4/2022,4/1/2022,4/7/2022,0.022820,,,
2022-05-02,BlackRock Ultra Short-Term Bond ETF,,ICSH,5/3/2022,5/2/2022,5/6/2022,0.028316,,,
2022-06-01,BlackRock Ultra Short-Term Bond ETF,,ICSH,6/2/2022,6/1/2022,6/7/2022,0.043476,,,
2022-07-01,BlackRock Ultra Short-Term Bond ETF,,ICSH,7/5/2022,7/1/2022,7/8/2022,0.049888,,,
2022-08-01,BlackRock Ultra Short-Term Bond ETF,,ICSH,8/2/2022,8/1/2022,8/5/2022,0.060597,,,
2022-09-01,BlackRock Ultra Short-Term Bond ETF,,ICSH,9/2/2022,9/1/2022,9/8/2022,0.092164,,,
2022-10-03,BlackRock Ultra Short-Term Bond ETF,,ICSH,10/4/2022,10/3/2022,10/7/2022,0.098322,,,
2022-11-01,BlackRock Ultra Short-Term Bond ETF,,ICSH,11/2/2022,11/1/2022,11/7/2022,0.119924,,,
2023-02-01,BlackRock Ultra Short-Term Bond ETF,,ICSH,2/2/2023,2/1/2023,2/7/2023,0.199395,,,
2023-03-01,BlackRock Ultra Short-Term Bond ETF,,ICSH,3/2/2023,3/1/2023,3/7/2023,0.161864,,,
2023-04-03,BlackRock Ultra Short-Term Bond ETF,,ICSH,4/4/2023,4/3/2023,4/7/2023,0.182532,,,
2023-05-01,BlackRock Ultra Short-Term Bond ETF,,ICSH,5/2/2023,5/1/2023,5/5/2023,0.176388,,,
2023-06-01,BlackRock Ultra Short-Term Bond ETF,,ICSH,6/2/2023,6/1/2023,6/7/2023,0.185586,,,
2023-07-03,BlackRock Ultra Short-Term Bond ETF,,ICSH,7/5/2023,7/3/2023,7/10/2023,0.200044,,,
2023-08-01,BlackRock Ultra Short-Term Bond ETF,,ICSH,8/2/2023,8/1/2023,8/7/2023,0.217024,,,
2023-09-01,BlackRock Ultra Short-Term Bond ETF,,ICSH,9/5/2023,9/1/2023,9/8/2023,0.216201,,,
2023-10-02,BlackRock Ultra Short-Term Bond ETF,,ICSH,10/3/2023,10/2/2023,10/6/2023,0.200999,,,
2023-11-01,BlackRock Ultra Short-Term Bond ETF,,ICSH,11/2/2023,11/1/2023,11/7/2023,0.228940,,,
2024-02-01,BlackRock Ultra Short-Term Bond ETF,,ICSH,2/2/2024,2/1/2024,2/7/2024,0.227127,,,
2024-03-01,BlackRock Ultra Short-Term Bond ETF,,ICSH,3/4/2024,3/1/2024,3/7/2024,0.219418,,,
2024-04-01,BlackRock Ultra Short-Term Bond ETF,,ICSH,4/2/2024,4/1/2024,4/5/2024,0.227639,,,
2024-05-01,BlackRock Ultra Short-Term Bond ETF,,ICSH,5/2/2024,5/1/2024,5/7/2024,0.220616,,,
2024-06-03,BlackRock Ultra Short-Term Bond ETF,,ICSH,6/3/2024,6/3/2024,6/7/2024,0.227092,,,
2024-07-01,BlackRock Ultra Short-Term Bond ETF,,ICSH,7/1/2024,7/1/2024,7/5/2024,0.221419,,,
2024-08-01,BlackRock Ultra Short-Term Bond ETF,,ICSH,8/1/2024,8/1/2024,8/6/2024,0.224702,,,
2024-09-03,BlackRock Ultra Short-Term Bond ETF,,ICSH,9/3/2024,9/3/2024,9/6/2024,0.223324,,,
2024-10-01,BlackRock Ultra Short-Term Bond ETF,,ICSH,10/1/2024,10/1/2024,10/4/2024,0.217687,,,
2024-11-01,BlackRock Ultra Short-Term Bond ETF,,ICSH,11/1/2024,11/1/2024,11/6/2024,0.214735,,,
2025-02-03,BlackRock Ultra Short-Term Bond ETF,,ICSH,2/3/2025,2/3/2025,2/6/2025,0.198116,,,
2025-03-03,BlackRock Ultra Short-Term Bond ETF,,ICSH,3/3/2025,3/3/2025,3/6/2025,0.179709,,,
2025-04-01,BlackRock Ultra Short-Term Bond ETF,,ICSH,4/1/2025,4/1/2025,4/4/2025,0.200555,,,
2025-05-01,BlackRock Ultra Short-Term Bond ETF,,ICSH,5/1/2025,5/1/2025,5/6/2025,0.185242,,,
2025-06-02,BlackRock Ultra Short-Term Bond ETF,,ICSH,6/2/2025,6/2/2025,6/5/2025,0.198284,,,
2025-07-01,BlackRock Ultra Short-Term Bond ETF,,ICSH,7/1/2025,7/1/2025,7/7/2025,0.198790,,,
2025-08-01,BlackRock Ultra Short-Term Bond ETF,,ICSH,8/1/2025,8/1/2025,8/6/2025,0.205798,,,
2025-09-02,BlackRock Ultra Short-Term Bond ETF,,ICSH,9/2/2025,9/2/2025,9/5/2025,0.191722,,,
2025-10-01,BlackRock Ultra Short-Term Bond ETF,,ICSH,10/1/2025,10/1/2025,10/6/2025,0.189519,,,
2025-11-03,BlackRock Ultra Short-Term Bond ETF,,ICSH,11/3/2025,11/3/2025,11/6/2025,0.187146,,,
2022-02-01,iShares Convertible Bond ETF,,ICVT,2/2/2022,2/1/2022,2/7/2022,0.058852,,,
2022-03-01,iShares Convertible Bond ETF,,ICVT,3/2/2022,3/1/2022,3/7/2022,0.061239,,,
2022-04-01,iShares Convertible Bond ETF,,ICVT,4/4/2022,4/1/2022,4/7/2022,0.072869,,,
2022-05-02,iShares Convertible Bond ETF,,ICVT,5/3/2022,5/2/2022,5/6/2022,0.073349,,,
2022-06-01,iShares Convertible Bond ETF,,ICVT,6/2/2022,6/1/2022,6/7/2022,0.068961,,,
2022-07-01,iShares Convertible Bond ETF,,ICVT,7/5/2022,7/1/2022,7/8/2022,0.114928,,,
2022-08-01,iShares Convertible Bond ETF,,ICVT,8/2/2022,8/1/2022,8/5/2022,0.142670,,,
2022-09-01,iShares Convertible Bond ETF,,ICVT,9/2/2022,9/1/2022,9/8/2022,0.113997,,,
2022-10-03,iShares Convertible Bond ETF,,ICVT,10/4/2022,10/3/2022,10/7/2022,0.111175,,,
2022-11-01,iShares Convertible Bond ETF,,ICVT,11/2/2022,11/1/2022,11/7/2022,0.119370,,,
2023-02-01,iShares Convertible Bond ETF,,ICVT,2/2/2023,2/1/2023,2/7/2023,0.142162,,,
2023-03-01,iShares Convertible Bond ETF,,ICVT,3/2/2023,3/1/2023,3/7/2023,0.064344,,,
2023-04-03,iShares Convertible Bond ETF,,ICVT,4/4/2023,4/3/2023,4/7/2023,0.070272,,,
2023-05-01,iShares Convertible Bond ETF,,ICVT,5/2/2023,5/1/2023,5/5/2023,0.061331,,,
2023-06-01,iShares Convertible Bond ETF,,ICVT,6/2/2023,6/1/2023,6/7/2023,0.081391,,,
2023-07-03,iShares Convertible Bond ETF,,ICVT,7/5/2023,7/3/2023,7/10/2023,0.078514,,,
2023-08-01,iShares Convertible Bond ETF,,ICVT,8/2/2023,8/1/2023,8/7/2023,0.086202,,,
2023-09-01,iShares Convertible Bond ETF,,ICVT,9/5/2023,9/1/2023,9/8/2023,0.102145,,,
2023-10-02,iShares Convertible Bond ETF,,ICVT,10/3/2023,10/2/2023,10/6/2023,0.120041,,,
2023-11-01,iShares Convertible Bond ETF,,ICVT,11/2/2023,11/1/2023,11/7/2023,0.117427,,,
2024-02-01,iShares Convertible Bond ETF,,ICVT,2/2/2024,2/1/2024,2/7/2024,0.119831,,,
2024-03-01,iShares Convertible Bond ETF,,ICVT,3/4/2024,3/1/2024,3/7/2024,0.128581,,,
2024-04-01,iShares Convertible Bond ETF,,ICVT,4/2/2024,4/1/2024,4/5/2024,0.134606,,,
2024-05-01,iShares Convertible Bond ETF,,ICVT,5/2/2024,5/1/2024,5/7/2024,0.140893,,,
2024-06-03,iShares Convertible Bond ETF,,ICVT,6/3/2024,6/3/2024,6/7/2024,0.153931,,,
2024-07-01,iShares Convertible Bond ETF,,ICVT,7/1/2024,7/1/2024,7/5/2024,0.156311,,,
2024-08-01,iShares Convertible Bond ETF,,ICVT,8/1/2024,8/1/2024,8/6/2024,0.150444,,,
2024-09-03,iShares Convertible Bond ETF,,ICVT,9/3/2024,9/3/2024,9/6/2024,0.152788,,,
2024-10-01,iShares Convertible Bond ETF,,ICVT,10/1/2024,10/1/2024,10/4/2024,0.151070,,,
2024-11-01,iShares Convertible Bond ETF,,ICVT,11/1/2024,11/1/2024,11/6/2024,0.141988,,,
2025-02-03,iShares Convertible Bond ETF,,ICVT,2/3/2025,2/3/2025,2/6/2025,0.140567,,,
2025-03-03,iShares Convertible Bond ETF,,ICVT,3/3/2025,3/3/2025,3/6/2025,0.146577,,,
2025-04-01,iShares Convertible Bond ETF,,ICVT,4/1/2025,4/1/2025,4/4/2025,0.146861,,,
2025-05-01,iShares Convertible Bond ETF,,ICVT,5/1/2025,5/1/2025,5/6/2025,0.151920,,,
2025-06-02,iShares Convertible Bond ETF,,ICVT,6/2/2025,6/2/2025,6/5/2025,0.149569,,,
2025-07-01,iShares Convertible Bond ETF,,ICVT,7/1/2025,7/1/2025,7/7/2025,0.136849,,,
2025-08-01,iShares Convertible Bond ETF,,ICVT,8/1/2025,8/1/2025,8/6/2025,0.114998,,,
2025-09-02,iShares Convertible Bond ETF,,ICVT,9/2/2025,9/2/2025,9/5/2025,0.136246,,,
2025-10-01,iShares Convertible Bond ETF,,ICVT,10/1/2025,10/1/2025,10/6/2025,0.130163,,,
2025-11-03,iShares Convertible Bond ETF,,ICVT,11/3/2025,11/3/2025,11/6/2025,0.114313,,,
2022-06-09,iShares Future Cloud 5G and Tech ETF,,IDAT,6/10/2022,6/9/2022,6/15/2022,0.060363,,,
2023-06-07,iShares Future Cloud 5G and Tech ETF,,IDAT,6/8/2023,6/7/2023,6/13/2023,0.052420,,,
2024-06-11,iShares Future Cloud 5G and Tech ETF,,IDAT,6/11/2024,6/11/2024,6/17/2024,0.111414,,,
2022-06-09,iShares Core MSCI International Developed Markets ETF,,IDEV,6/10/2022,6/9/2022,6/15/2022,1.293808,,,
2023-06-07,iShares Core MSCI International Developed Markets ETF,,IDEV,6/8/2023,6/7/2023,6/13/2023,1.174760,,,
2024-06-11,iShares Core MSCI International Developed Markets ETF,,IDEV,6/11/2024,6/11/2024,6/17/2024,1.210376,,,
2025-06-16,iShares Core MSCI International Developed Markets ETF,,IDEV,6/16/2025,6/16/2025,6/20/2025,1.335981,,,
2023-03-23,iShares U.S. Digital Infrastructure and Real Estate ETF,,IDGT,3/24/2023,3/23/2023,3/29/2023,0.065041,,,
2023-06-07,iShares U.S. Digital Infrastructure and Real Estate ETF,,IDGT,6/8/2023,6/7/2023,6/13/2023,0.052811,,,
2023-09-26,iShares U.S. Digital Infrastructure and Real Estate ETF,,IDGT,9/27/2023,9/26/2023,10/2/2023,0.074720,,,
2024-03-21,iShares U.S. Digital Infrastructure and Real Estate ETF,,IDGT,3/22/2024,3/21/2024,3/27/2024,0.184903,,,
2024-06-11,iShares U.S. Digital Infrastructure and Real Estate ETF,,IDGT,6/11/2024,6/11/2024,6/17/2024,0.344653,,,
2024-09-25,iShares U.S. Digital Infrastructure and Real Estate ETF,,IDGT,9/25/2024,9/25/2024,9/30/2024,0.505893,,,
2025-03-18,iShares U.S. Digital Infrastructure and Real Estate ETF,,IDGT,3/18/2025,3/18/2025,3/21/2025,0.231843,,,
2025-06-16,iShares U.S. Digital Infrastructure and Real Estate ETF,,IDGT,6/16/2025,6/16/2025,6/20/2025,0.158999,,,
2025-09-16,iShares U.S. Digital Infrastructure and Real Estate ETF,,IDGT,9/16/2025,9/16/2025,9/19/2025,0.201924,,,
2023-06-07,iShares Genomics Immunology and Healthcare ETF,,IDNA,6/8/2023,6/7/2023,6/13/2023,0.070769,,,
2024-06-11,iShares Genomics Immunology and Healthcare ETF,,IDNA,6/11/2024,6/11/2024,6/17/2024,0.111439,,,
2025-06-16,iShares Genomics Immunology and Healthcare ETF,,IDNA,6/16/2025,6/16/2025,6/20/2025,0.152909,,,
2022-06-09,iShares Self-Driving EV and Tech ETF,,IDRV,6/10/2022,6/9/2022,6/15/2022,0.481344,,,
2023-06-07,iShares Self-Driving EV and Tech ETF,,IDRV,6/8/2023,6/7/2023,6/13/2023,0.499862,,,
2024-06-11,iShares Self-Driving EV and Tech ETF,,IDRV,6/11/2024,6/11/2024,6/17/2024,0.443708,,,
2025-06-16,iShares Self-Driving EV and Tech ETF,,IDRV,6/16/2025,6/16/2025,6/20/2025,0.334579,,,
2022-03-24,iShares U.S. Utilities ETF,,IDU,3/25/2022,3/24/2022,3/30/2022,0.506258,,,
2022-06-09,iShares U.S. Utilities ETF,,IDU,6/10/2022,6/9/2022,6/15/2022,0.405681,,,
2022-09-26,iShares U.S. Utilities ETF,,IDU,9/27/2022,9/26/2022,9/30/2022,0.569581,,,
2023-03-23,iShares U.S. Utilities ETF,,IDU,3/24/2023,3/23/2023,3/29/2023,0.527669,,,
2023-06-07,iShares U.S. Utilities ETF,,IDU,6/8/2023,6/7/2023,6/13/2023,0.420467,,,
2023-09-26,iShares U.S. Utilities ETF,,IDU,9/27/2023,9/26/2023,10/2/2023,0.664394,,,
2024-03-21,iShares U.S. Utilities ETF,,IDU,3/22/2024,3/21/2024,3/27/2024,0.455725,,,
2024-06-11,iShares U.S. Utilities ETF,,IDU,6/11/2024,6/11/2024,6/17/2024,0.437811,,,
2024-09-25,iShares U.S. Utilities ETF,,IDU,9/25/2024,9/25/2024,9/30/2024,0.627223,,,
2025-03-18,iShares U.S. Utilities ETF,,IDU,3/18/2025,3/18/2025,3/21/2025,0.561800,,,
2025-06-16,iShares U.S. Utilities ETF,,IDU,6/16/2025,6/16/2025,6/20/2025,0.594378,,,
2025-09-16,iShares U.S. Utilities ETF,,IDU,9/16/2025,9/16/2025,9/19/2025,0.583272,,,
2022-03-24,iShares International Select Dividend ETF,,IDV,3/25/2022,3/24/2022,3/30/2022,0.364871,,,
2022-06-09,iShares International Select Dividend ETF,,IDV,6/10/2022,6/9/2022,6/15/2022,0.648896,,,
2022-09-26,iShares International Select Dividend ETF,,IDV,9/27/2022,9/26/2022,9/30/2022,0.609785,,,
2023-03-23,iShares International Select Dividend ETF,,IDV,3/24/2023,3/23/2023,3/29/2023,0.231403,,,
2023-06-07,iShares International Select Dividend ETF,,IDV,6/8/2023,6/7/2023,6/13/2023,0.788266,,,
2023-09-26,iShares International Select Dividend ETF,,IDV,9/27/2023,9/26/2023,10/2/2023,0.551047,,,
2024-03-21,iShares International Select Dividend ETF,,IDV,3/22/2024,3/21/2024,3/27/2024,0.264729,,,
2024-06-11,iShares International Select Dividend ETF,,IDV,6/11/2024,6/11/2024,6/17/2024,0.816995,,,
2024-09-25,iShares International Select Dividend ETF,,IDV,9/25/2024,9/25/2024,9/30/2024,0.476068,,,
2025-03-18,iShares International Select Dividend ETF,,IDV,3/18/2025,3/18/2025,3/21/2025,0.200644,,,
2025-06-16,iShares International Select Dividend ETF,,IDV,6/16/2025,6/16/2025,6/20/2025,0.839467,,,
2025-09-16,iShares International Select Dividend ETF,,IDV,9/16/2025,9/16/2025,9/19/2025,0.407469,,,
2022-03-24,iShares Evolved U.S. Consumer Staples ETF,,IECS,3/25/2022,3/24/2022,3/30/2022,0.121780,,,
2022-03-24,iShares Evolved U.S. Discretionary Spending ETF,,IEDI,3/25/2022,3/24/2022,3/30/2022,0.108218,,,
2022-06-09,iShares Evolved U.S. Discretionary Spending ETF,,IEDI,6/10/2022,6/9/2022,6/15/2022,0.095496,,,
2022-09-26,iShares Evolved U.S. Discretionary Spending ETF,,IEDI,9/27/2022,9/26/2022,9/30/2022,0.108147,,,
2023-03-23,iShares Evolved U.S. Discretionary Spending ETF,,IEDI,3/24/2023,3/23/2023,3/29/2023,0.105979,,,
2023-06-07,iShares Evolved U.S. Discretionary Spending ETF,,IEDI,6/8/2023,6/7/2023,6/13/2023,0.105190,,,
2023-09-26,iShares Evolved U.S. Discretionary Spending ETF,,IEDI,9/27/2023,9/26/2023,10/2/2023,0.113101,,,
2024-03-21,iShares Evolved U.S. Discretionary Spending ETF,,IEDI,3/22/2024,3/21/2024,3/27/2024,0.090371,,,
2024-06-11,iShares Evolved U.S. Discretionary Spending ETF,,IEDI,6/11/2024,6/11/2024,6/17/2024,0.140669,,,
2024-09-25,iShares Evolved U.S. Discretionary Spending ETF,,IEDI,9/25/2024,9/25/2024,9/30/2024,0.137837,,,
2025-03-18,iShares Evolved U.S. Discretionary Spending ETF,,IEDI,3/18/2025,3/18/2025,3/21/2025,0.108873,,,
2025-06-16,iShares Evolved U.S. Discretionary Spending ETF,,IEDI,6/16/2025,6/16/2025,6/20/2025,0.149290,,,
2025-09-16,iShares Evolved U.S. Discretionary Spending ETF,,IEDI,9/16/2025,9/16/2025,9/19/2025,0.130214,,,
2022-02-01,iShares 7-10 Year Treasury Bond ETF,,IEF,2/2/2022,2/1/2022,2/7/2022,0.108126,,,
2022-03-01,iShares 7-10 Year Treasury Bond ETF,,IEF,3/2/2022,3/1/2022,3/7/2022,0.100999,,,
2022-04-01,iShares 7-10 Year Treasury Bond ETF,,IEF,4/4/2022,4/1/2022,4/7/2022,0.121442,,,
2022-05-02,iShares 7-10 Year Treasury Bond ETF,,IEF,5/3/2022,5/2/2022,5/6/2022,0.125114,,,
2022-06-01,iShares 7-10 Year Treasury Bond ETF,,IEF,6/2/2022,6/1/2022,6/7/2022,0.129264,,,
2022-07-01,iShares 7-10 Year Treasury Bond ETF,,IEF,7/5/2022,7/1/2022,7/8/2022,0.155368,,,
2022-08-01,iShares 7-10 Year Treasury Bond ETF,,IEF,8/2/2022,8/1/2022,8/5/2022,0.184051,,,
2022-09-01,iShares 7-10 Year Treasury Bond ETF,,IEF,9/2/2022,9/1/2022,9/8/2022,0.179026,,,
2022-10-03,iShares 7-10 Year Treasury Bond ETF,,IEF,10/4/2022,10/3/2022,10/7/2022,0.186566,,,
2022-11-01,iShares 7-10 Year Treasury Bond ETF,,IEF,11/2/2022,11/1/2022,11/7/2022,0.202775,,,
2023-02-01,iShares 7-10 Year Treasury Bond ETF,,IEF,2/2/2023,2/1/2023,2/7/2023,0.212178,,,
2023-03-01,iShares 7-10 Year Treasury Bond ETF,,IEF,3/2/2023,3/1/2023,3/7/2023,0.196207,,,
2023-04-03,iShares 7-10 Year Treasury Bond ETF,,IEF,4/4/2023,4/3/2023,4/7/2023,0.195983,,,
2023-05-01,iShares 7-10 Year Treasury Bond ETF,,IEF,5/2/2023,5/1/2023,5/5/2023,0.238589,,,
2023-06-01,iShares 7-10 Year Treasury Bond ETF,,IEF,6/2/2023,6/1/2023,6/7/2023,0.231595,,,
2023-07-03,iShares 7-10 Year Treasury Bond ETF,,IEF,7/5/2023,7/3/2023,7/10/2023,0.231854,,,
2023-08-01,iShares 7-10 Year Treasury Bond ETF,,IEF,8/2/2023,8/1/2023,8/7/2023,0.241540,,,
2023-09-01,iShares 7-10 Year Treasury Bond ETF,,IEF,9/5/2023,9/1/2023,9/8/2023,0.241752,,,
2023-10-02,iShares 7-10 Year Treasury Bond ETF,,IEF,10/3/2023,10/2/2023,10/6/2023,0.238922,,,
2023-11-01,iShares 7-10 Year Treasury Bond ETF,,IEF,11/2/2023,11/1/2023,11/7/2023,0.248776,,,
2024-02-01,iShares 7-10 Year Treasury Bond ETF,,IEF,2/2/2024,2/1/2024,2/7/2024,0.235883,,,
2024-03-01,iShares 7-10 Year Treasury Bond ETF,,IEF,3/4/2024,3/1/2024,3/7/2024,0.249254,,,
2024-04-01,iShares 7-10 Year Treasury Bond ETF,,IEF,4/2/2024,4/1/2024,4/5/2024,0.275844,,,
2024-05-01,iShares 7-10 Year Treasury Bond ETF,,IEF,5/2/2024,5/1/2024,5/7/2024,0.270860,,,
2024-06-03,iShares 7-10 Year Treasury Bond ETF,,IEF,6/3/2024,6/3/2024,6/7/2024,0.276435,,,
2024-07-01,iShares 7-10 Year Treasury Bond ETF,,IEF,7/1/2024,7/1/2024,7/5/2024,0.285078,,,
2024-08-01,iShares 7-10 Year Treasury Bond ETF,,IEF,8/1/2024,8/1/2024,8/6/2024,0.289105,,,
2024-09-03,iShares 7-10 Year Treasury Bond ETF,,IEF,9/3/2024,9/3/2024,9/6/2024,0.288194,,,
2024-10-01,iShares 7-10 Year Treasury Bond ETF,,IEF,10/1/2024,10/1/2024,10/4/2024,0.285919,,,
2024-11-01,iShares 7-10 Year Treasury Bond ETF,,IEF,11/1/2024,11/1/2024,11/6/2024,0.291583,,,
2025-02-03,iShares 7-10 Year Treasury Bond ETF,,IEF,2/3/2025,2/3/2025,2/6/2025,0.296357,,,
2025-03-03,iShares 7-10 Year Treasury Bond ETF,,IEF,3/3/2025,3/3/2025,3/6/2025,0.275368,,,
2025-04-01,iShares 7-10 Year Treasury Bond ETF,,IEF,4/1/2025,4/1/2025,4/4/2025,0.303674,,,
2025-05-01,iShares 7-10 Year Treasury Bond ETF,,IEF,5/1/2025,5/1/2025,5/6/2025,0.313378,,,
2025-06-02,iShares 7-10 Year Treasury Bond ETF,,IEF,6/2/2025,6/2/2025,6/5/2025,0.310131,,,
2025-07-01,iShares 7-10 Year Treasury Bond ETF,,IEF,7/1/2025,7/1/2025,7/7/2025,0.303210,,,
2025-08-01,iShares 7-10 Year Treasury Bond ETF,,IEF,8/1/2025,8/1/2025,8/6/2025,0.308775,,,
2025-09-02,iShares 7-10 Year Treasury Bond ETF,,IEF,9/2/2025,9/2/2025,9/5/2025,0.314136,,,
2025-10-01,iShares 7-10 Year Treasury Bond ETF,,IEF,10/1/2025,10/1/2025,10/6/2025,0.294485,,,
2025-11-03,iShares 7-10 Year Treasury Bond ETF,,IEF,11/3/2025,11/3/2025,11/6/2025,0.303792,,,
2022-06-09,iShares Core MSCI EAFE ETF,,IEFA,6/10/2022,6/9/2022,6/15/2022,1.444598,,,
2023-06-07,iShares Core MSCI EAFE ETF,,IEFA,6/8/2023,6/7/2023,6/13/2023,1.358191,,,
2024-06-11,iShares Core MSCI EAFE ETF,,IEFA,6/11/2024,6/11/2024,6/17/2024,1.382495,,,
2025-06-16,iShares Core MSCI EAFE ETF,,IEFA,6/16/2025,6/16/2025,6/20/2025,1.542590,,,
2022-03-24,iShares Evolved U.S. Financials ETF,,IEFN,3/25/2022,3/24/2022,3/30/2022,0.140160,,,
2022-03-24,iShares Evolved U.S. Healthcare Staples ETF,,IEHS,3/25/2022,3/24/2022,3/30/2022,0.065159,,,
2022-02-01,iShares 3-7 Year Treasury Bond ETF,,IEI,2/2/2022,2/1/2022,2/7/2022,0.081356,,,
2022-03-01,iShares 3-7 Year Treasury Bond ETF,,IEI,3/2/2022,3/1/2022,3/7/2022,0.079004,,,
2022-04-01,iShares 3-7 Year Treasury Bond ETF,,IEI,4/4/2022,4/1/2022,4/7/2022,0.096551,,,
2022-05-02,iShares 3-7 Year Treasury Bond ETF,,IEI,5/3/2022,5/2/2022,5/6/2022,0.094866,,,
2022-06-01,iShares 3-7 Year Treasury Bond ETF,,IEI,6/2/2022,6/1/2022,6/7/2022,0.100615,,,
2022-07-01,iShares 3-7 Year Treasury Bond ETF,,IEI,7/5/2022,7/1/2022,7/8/2022,0.119497,,,
2022-08-01,iShares 3-7 Year Treasury Bond ETF,,IEI,8/2/2022,8/1/2022,8/5/2022,0.143335,,,
2022-09-01,iShares 3-7 Year Treasury Bond ETF,,IEI,9/2/2022,9/1/2022,9/8/2022,0.152317,,,
2022-10-03,iShares 3-7 Year Treasury Bond ETF,,IEI,10/4/2022,10/3/2022,10/7/2022,0.162350,,,
2022-11-01,iShares 3-7 Year Treasury Bond ETF,,IEI,11/2/2022,11/1/2022,11/7/2022,0.172513,,,
2023-02-01,iShares 3-7 Year Treasury Bond ETF,,IEI,2/2/2023,2/1/2023,2/7/2023,0.180803,,,
2023-03-01,iShares 3-7 Year Treasury Bond ETF,,IEI,3/2/2023,3/1/2023,3/7/2023,0.192012,,,
2023-04-03,iShares 3-7 Year Treasury Bond ETF,,IEI,4/4/2023,4/3/2023,4/7/2023,0.203799,,,
2023-05-01,iShares 3-7 Year Treasury Bond ETF,,IEI,5/2/2023,5/1/2023,5/5/2023,0.201475,,,
2023-06-01,iShares 3-7 Year Treasury Bond ETF,,IEI,6/2/2023,6/1/2023,6/7/2023,0.219681,,,
2023-07-03,iShares 3-7 Year Treasury Bond ETF,,IEI,7/5/2023,7/3/2023,7/10/2023,0.222143,,,
2023-08-01,iShares 3-7 Year Treasury Bond ETF,,IEI,8/2/2023,8/1/2023,8/7/2023,0.227742,,,
2023-09-01,iShares 3-7 Year Treasury Bond ETF,,IEI,9/5/2023,9/1/2023,9/8/2023,0.231593,,,
2023-10-02,iShares 3-7 Year Treasury Bond ETF,,IEI,10/3/2023,10/2/2023,10/6/2023,0.242707,,,
2023-11-01,iShares 3-7 Year Treasury Bond ETF,,IEI,11/2/2023,11/1/2023,11/7/2023,0.274717,,,
2024-02-01,iShares 3-7 Year Treasury Bond ETF,,IEI,2/2/2024,2/1/2024,2/7/2024,0.286560,,,
2024-03-01,iShares 3-7 Year Treasury Bond ETF,,IEI,3/4/2024,3/1/2024,3/7/2024,0.274853,,,
2024-04-01,iShares 3-7 Year Treasury Bond ETF,,IEI,4/2/2024,4/1/2024,4/5/2024,0.305631,,,
2024-05-01,iShares 3-7 Year Treasury Bond ETF,,IEI,5/2/2024,5/1/2024,5/7/2024,0.295550,,,
2024-06-03,iShares 3-7 Year Treasury Bond ETF,,IEI,6/3/2024,6/3/2024,6/7/2024,0.299156,,,
2024-07-01,iShares 3-7 Year Treasury Bond ETF,,IEI,7/1/2024,7/1/2024,7/5/2024,0.301157,,,
2024-08-01,iShares 3-7 Year Treasury Bond ETF,,IEI,8/1/2024,8/1/2024,8/6/2024,0.315442,,,
2024-09-03,iShares 3-7 Year Treasury Bond ETF,,IEI,9/3/2024,9/3/2024,9/6/2024,0.319748,,,
2024-10-01,iShares 3-7 Year Treasury Bond ETF,,IEI,10/1/2024,10/1/2024,10/4/2024,0.314933,,,
2024-11-01,iShares 3-7 Year Treasury Bond ETF,,IEI,11/1/2024,11/1/2024,11/6/2024,0.320255,,,
2025-02-03,iShares 3-7 Year Treasury Bond ETF,,IEI,2/3/2025,2/3/2025,2/6/2025,0.329212,,,
2025-03-03,iShares 3-7 Year Treasury Bond ETF,,IEI,3/3/2025,3/3/2025,3/6/2025,0.303826,,,
2025-04-01,iShares 3-7 Year Treasury Bond ETF,,IEI,4/1/2025,4/1/2025,4/4/2025,0.341732,,,
2025-05-01,iShares 3-7 Year Treasury Bond ETF,,IEI,5/1/2025,5/1/2025,5/6/2025,0.335038,,,
2025-06-02,iShares 3-7 Year Treasury Bond ETF,,IEI,6/2/2025,6/2/2025,6/5/2025,0.362877,,,
2025-07-01,iShares 3-7 Year Treasury Bond ETF,,IEI,7/1/2025,7/1/2025,7/7/2025,0.342218,,,
2025-08-01,iShares 3-7 Year Treasury Bond ETF,,IEI,8/1/2025,8/1/2025,8/6/2025,0.350577,,,
2025-09-02,iShares 3-7 Year Treasury Bond ETF,,IEI,9/2/2025,9/2/2025,9/5/2025,0.348455,,,
2025-10-01,iShares 3-7 Year Treasury Bond ETF,,IEI,10/1/2025,10/1/2025,10/6/2025,0.346150,,,
2025-11-03,iShares 3-7 Year Treasury Bond ETF,,IEI,11/3/2025,11/3/2025,11/6/2025,0.366168,,,
2022-03-24,iShares Evolved U.S. Innovative Healthcare ETF,,IEIH,3/25/2022,3/24/2022,3/30/2022,0.148787,,,
2022-06-09,iShares Core MSCI Emerging Markets ETF,,IEMG,6/10/2022,6/9/2022,6/15/2022,0.696158,,,
2023-06-07,iShares Core MSCI Emerging Markets ETF,,IEMG,6/8/2023,6/7/2023,6/13/2023,0.612246,,,
2024-06-11,iShares Core MSCI Emerging Markets ETF,,IEMG,6/11/2024,6/11/2024,6/17/2024,0.561003,,,
2025-06-16,iShares Core MSCI Emerging Markets ETF,,IEMG,6/16/2025,6/16/2025,6/20/2025,0.785266,,,
2022-03-24,iShares U.S. Oil & Gas Exploration & Production ETF,,IEO,3/25/2022,3/24/2022,3/30/2022,0.570048,,,
2022-06-09,iShares U.S. Oil & Gas Exploration & Production ETF,,IEO,6/10/2022,6/9/2022,6/15/2022,0.575448,,,
2022-09-26,iShares U.S. Oil & Gas Exploration & Production ETF,,IEO,9/27/2022,9/26/2022,9/30/2022,1.223231,,,
2023-03-23,iShares U.S. Oil & Gas Exploration & Production ETF,,IEO,3/24/2023,3/23/2023,3/29/2023,0.785189,,,
2023-06-07,iShares U.S. Oil & Gas Exploration & Production ETF,,IEO,6/8/2023,6/7/2023,6/13/2023,0.546810,,,
2023-09-26,iShares U.S. Oil & Gas Exploration & Production ETF,,IEO,9/27/2023,9/26/2023,10/2/2023,0.499183,,,
2024-03-21,iShares U.S. Oil & Gas Exploration & Production ETF,,IEO,3/22/2024,3/21/2024,3/27/2024,0.594297,,,
2024-06-11,iShares U.S. Oil & Gas Exploration & Production ETF,,IEO,6/11/2024,6/11/2024,6/17/2024,0.505014,,,
2024-09-25,iShares U.S. Oil & Gas Exploration & Production ETF,,IEO,9/25/2024,9/25/2024,9/30/2024,0.726992,,,
2025-03-18,iShares U.S. Oil & Gas Exploration & Production ETF,,IEO,3/18/2025,3/18/2025,3/21/2025,0.533430,,,
2025-06-16,iShares U.S. Oil & Gas Exploration & Production ETF,,IEO,6/16/2025,6/16/2025,6/20/2025,0.525795,,,
2025-09-16,iShares U.S. Oil & Gas Exploration & Production ETF,,IEO,9/16/2025,9/16/2025,9/19/2025,0.637406,,,
2022-03-24,iShares Evolved U.S. Technology ETF,,IETC,3/25/2022,3/24/2022,3/30/2022,0.062690,,,
2022-06-09,iShares Evolved U.S. Technology ETF,,IETC,6/10/2022,6/9/2022,6/15/2022,0.053955,,,
2022-09-26,iShares Evolved U.S. Technology ETF,,IETC,9/27/2022,9/26/2022,9/30/2022,0.085004,,,
2023-03-23,iShares Evolved U.S. Technology ETF,,IETC,3/24/2023,3/23/2023,3/29/2023,0.127904,,,
2023-06-07,iShares Evolved U.S. Technology ETF,,IETC,6/8/2023,6/7/2023,6/13/2023,0.068731,,,
2023-09-26,iShares Evolved U.S. Technology ETF,,IETC,9/27/2023,9/26/2023,10/2/2023,0.159618,,,
2024-03-21,iShares Evolved U.S. Technology ETF,,IETC,3/22/2024,3/21/2024,3/27/2024,0.077814,,,
2024-06-11,iShares Evolved U.S. Technology ETF,,IETC,6/11/2024,6/11/2024,6/17/2024,0.089182,,,
2024-09-25,iShares Evolved U.S. Technology ETF,,IETC,9/25/2024,9/25/2024,9/30/2024,0.159554,,,
2025-03-18,iShares Evolved U.S. Technology ETF,,IETC,3/18/2025,3/18/2025,3/21/2025,0.063235,,,
2025-06-16,iShares Evolved U.S. Technology ETF,,IETC,6/16/2025,6/16/2025,6/20/2025,0.085566,,,
2025-09-16,iShares Evolved U.S. Technology ETF,,IETC,9/16/2025,9/16/2025,9/19/2025,0.101602,,,
2022-06-09,iShares Core MSCI Europe ETF,,IEUR,6/10/2022,6/9/2022,6/15/2022,1.244886,,,
2023-06-07,iShares Core MSCI Europe ETF,,IEUR,6/8/2023,6/7/2023,6/13/2023,1.217969,,,
2024-06-11,iShares Core MSCI Europe ETF,,IEUR,6/11/2024,6/11/2024,6/17/2024,1.277745,,,
2025-06-16,iShares Core MSCI Europe ETF,,IEUR,6/16/2025,6/16/2025,6/20/2025,1.297844,,,
2022-06-09,iShares MSCI Europe Small-Cap ETF,,IEUS,6/10/2022,6/9/2022,6/15/2022,1.327550,,,
2023-06-07,iShares MSCI Europe Small-Cap ETF,,IEUS,6/8/2023,6/7/2023,6/13/2023,1.147423,,,
2024-06-11,iShares MSCI Europe Small-Cap ETF,,IEUS,6/11/2024,6/11/2024,6/17/2024,1.288381,,,
2025-06-16,iShares MSCI Europe Small-Cap ETF,,IEUS,6/16/2025,6/16/2025,6/20/2025,1.461116,,,
2022-06-09,iShares Europe ETF,,IEV,6/10/2022,6/9/2022,6/15/2022,1.183950,,,
2023-06-07,iShares Europe ETF,,IEV,6/8/2023,6/7/2023,6/13/2023,1.103328,,,
2024-06-11,iShares Europe ETF,,IEV,6/11/2024,6/11/2024,6/17/2024,1.341690,,,
2025-06-16,iShares Europe ETF,,IEV,6/16/2025,6/16/2025,6/20/2025,1.187828,,,
2022-03-24,iShares U.S. Oil Equipment & Services ETF,,IEZ,3/25/2022,3/24/2022,3/30/2022,0.026250,,,
2022-06-09,iShares U.S. Oil Equipment & Services ETF,,IEZ,6/10/2022,6/9/2022,6/15/2022,0.037135,,,
2022-09-26,iShares U.S. Oil Equipment & Services ETF,,IEZ,9/27/2022,9/26/2022,9/30/2022,0.035503,,,
2023-03-23,iShares U.S. Oil Equipment & Services ETF,,IEZ,3/24/2023,3/23/2023,3/29/2023,0.065287,,,
2023-06-07,iShares U.S. Oil Equipment & Services ETF,,IEZ,6/8/2023,6/7/2023,6/13/2023,0.011991,,,
2023-09-26,iShares U.S. Oil Equipment & Services ETF,,IEZ,9/27/2023,9/26/2023,10/2/2023,0.070817,,,
2024-03-21,iShares U.S. Oil Equipment & Services ETF,,IEZ,3/22/2024,3/21/2024,3/27/2024,0.086677,,,
2024-06-11,iShares U.S. Oil Equipment & Services ETF,,IEZ,6/11/2024,6/11/2024,6/17/2024,0.092008,,,
2024-09-25,iShares U.S. Oil Equipment & Services ETF,,IEZ,9/25/2024,9/25/2024,9/30/2024,0.093015,,,
2025-03-18,iShares U.S. Oil Equipment & Services ETF,,IEZ,3/18/2025,3/18/2025,3/21/2025,0.090323,,,
2025-06-16,iShares U.S. Oil Equipment & Services ETF,,IEZ,6/16/2025,6/16/2025,6/20/2025,0.104054,,,
2025-09-16,iShares U.S. Oil Equipment & Services ETF,,IEZ,9/16/2025,9/16/2025,9/19/2025,0.111156,,,
2022-03-24,iShares International Developed Real Estate ETF,,IFGL,3/25/2022,3/24/2022,3/30/2022,0.180315,,,
2022-06-09,iShares International Developed Real Estate ETF,,IFGL,6/10/2022,6/9/2022,6/15/2022,0.236624,,,
2023-06-07,iShares International Developed Real Estate ETF,,IFGL,6/8/2023,6/7/2023,6/13/2023,0.233503,,,
2024-03-21,iShares International Developed Real Estate ETF,,IFGL,3/22/2024,3/21/2024,3/27/2024,0.111377,,,
2024-06-11,iShares International Developed Real Estate ETF,,IFGL,6/11/2024,6/11/2024,6/17/2024,0.399941,,,
2024-09-25,iShares International Developed Real Estate ETF,,IFGL,9/25/2024,9/25/2024,9/30/2024,0.209044,,,
2025-03-18,iShares International Developed Real Estate ETF,,IFGL,3/18/2025,3/18/2025,3/21/2025,0.111838,,,
2025-06-16,iShares International Developed Real Estate ETF,,IFGL,6/16/2025,6/16/2025,6/20/2025,0.292907,,,
2025-09-16,iShares International Developed Real Estate ETF,,IFGL,9/16/2025,9/16/2025,9/19/2025,0.198816,,,
2022-03-24,iShares U.S. Infrastructure ETF,,IFRA,3/25/2022,3/24/2022,3/30/2022,0.171000,,,
2022-06-09,iShares U.S. Infrastructure ETF,,IFRA,6/10/2022,6/9/2022,6/15/2022,0.096387,,,
2022-09-26,iShares U.S. Infrastructure ETF,,IFRA,9/27/2022,9/26/2022,9/30/2022,0.222520,,,
2023-03-23,iShares U.S. Infrastructure ETF,,IFRA,3/24/2023,3/23/2023,3/29/2023,0.177254,,,
2023-06-07,iShares U.S. Infrastructure ETF,,IFRA,6/8/2023,6/7/2023,6/13/2023,0.162488,,,
2023-09-26,iShares U.S. Infrastructure ETF,,IFRA,9/27/2023,9/26/2023,10/2/2023,0.222675,,,
2024-03-21,iShares U.S. Infrastructure ETF,,IFRA,3/22/2024,3/21/2024,3/27/2024,0.160226,,,
2024-06-11,iShares U.S. Infrastructure ETF,,IFRA,6/11/2024,6/11/2024,6/17/2024,0.171250,,,
2024-09-25,iShares U.S. Infrastructure ETF,,IFRA,9/25/2024,9/25/2024,9/30/2024,0.250211,,,
2025-03-18,iShares U.S. Infrastructure ETF,,IFRA,3/18/2025,3/18/2025,3/21/2025,0.267269,,,
2025-06-16,iShares U.S. Infrastructure ETF,,IFRA,6/16/2025,6/16/2025,6/20/2025,0.183589,,,
2025-09-16,iShares U.S. Infrastructure ETF,,IFRA,9/16/2025,9/16/2025,9/19/2025,0.215986,,,
2022-02-02,iShares Interest Rate Hedged Long-Term Corporate Bond ETF,,IGBH,2/3/2022,2/2/2022,2/8/2022,0.037462,,,
2022-03-02,iShares Interest Rate Hedged Long-Term Corporate Bond ETF,,IGBH,3/3/2022,3/2/2022,3/8/2022,0.032231,,,
2022-04-04,iShares Interest Rate Hedged Long-Term Corporate Bond ETF,,IGBH,4/5/2022,4/4/2022,4/8/2022,0.024948,,,
2022-05-03,iShares Interest Rate Hedged Long-Term Corporate Bond ETF,,IGBH,5/4/2022,5/3/2022,5/9/2022,0.050912,,,
2022-06-02,iShares Interest Rate Hedged Long-Term Corporate Bond ETF,,IGBH,6/3/2022,6/2/2022,6/8/2022,0.053614,,,
2022-07-05,iShares Interest Rate Hedged Long-Term Corporate Bond ETF,,IGBH,7/6/2022,7/5/2022,7/11/2022,0.069506,,,
2022-08-02,iShares Interest Rate Hedged Long-Term Corporate Bond ETF,,IGBH,8/3/2022,8/2/2022,8/8/2022,0.071527,,,
2022-09-02,iShares Interest Rate Hedged Long-Term Corporate Bond ETF,,IGBH,9/6/2022,9/2/2022,9/9/2022,0.102805,,,
2022-10-04,iShares Interest Rate Hedged Long-Term Corporate Bond ETF,,IGBH,10/5/2022,10/4/2022,10/11/2022,0.102173,,,
2022-11-02,iShares Interest Rate Hedged Long-Term Corporate Bond ETF,,IGBH,11/3/2022,11/2/2022,11/8/2022,0.067036,,,
2023-02-02,iShares Interest Rate Hedged Long-Term Corporate Bond ETF,,IGBH,2/3/2023,2/2/2023,2/8/2023,0.150138,,,
2023-03-02,iShares Interest Rate Hedged Long-Term Corporate Bond ETF,,IGBH,3/3/2023,3/2/2023,3/8/2023,0.134868,,,
2023-04-04,iShares Interest Rate Hedged Long-Term Corporate Bond ETF,,IGBH,4/5/2023,4/4/2023,4/10/2023,0.116060,,,
2023-05-02,iShares Interest Rate Hedged Long-Term Corporate Bond ETF,,IGBH,5/3/2023,5/2/2023,5/8/2023,0.124756,,,
2023-06-02,iShares Interest Rate Hedged Long-Term Corporate Bond ETF,,IGBH,6/5/2023,6/2/2023,6/8/2023,0.122703,,,
2023-07-05,iShares Interest Rate Hedged Long-Term Corporate Bond ETF,,IGBH,7/6/2023,7/5/2023,7/11/2023,0.127884,,,
2023-08-02,iShares Interest Rate Hedged Long-Term Corporate Bond ETF,,IGBH,8/3/2023,8/2/2023,8/8/2023,0.181882,,,
2023-09-05,iShares Interest Rate Hedged Long-Term Corporate Bond ETF,,IGBH,9/6/2023,9/5/2023,9/11/2023,0.162123,,,
2023-10-03,iShares Interest Rate Hedged Long-Term Corporate Bond ETF,,IGBH,10/4/2023,10/3/2023,10/10/2023,0.164184,,,
2023-11-02,iShares Interest Rate Hedged Long-Term Corporate Bond ETF,,IGBH,11/3/2023,11/2/2023,11/8/2023,0.162219,,,
2024-02-02,iShares Interest Rate Hedged Long-Term Corporate Bond ETF,,IGBH,2/5/2024,2/2/2024,2/8/2024,0.145715,,,
2024-03-04,iShares Interest Rate Hedged Long-Term Corporate Bond ETF,,IGBH,3/5/2024,3/4/2024,3/8/2024,0.140704,,,
2024-04-02,iShares Interest Rate Hedged Long-Term Corporate Bond ETF,,IGBH,4/3/2024,4/2/2024,4/8/2024,0.137722,,,
2024-05-02,iShares Interest Rate Hedged Long-Term Corporate Bond ETF,,IGBH,5/3/2024,5/2/2024,5/8/2024,0.144985,,,
2024-06-04,iShares Interest Rate Hedged Long-Term Corporate Bond ETF,,IGBH,6/4/2024,6/4/2024,6/10/2024,0.130085,,,
2024-07-02,iShares Interest Rate Hedged Long-Term Corporate Bond ETF,,IGBH,7/2/2024,7/2/2024,7/8/2024,0.133989,,,
2024-08-02,iShares Interest Rate Hedged Long-Term Corporate Bond ETF,,IGBH,8/2/2024,8/2/2024,8/7/2024,0.184105,,,
2024-09-04,iShares Interest Rate Hedged Long-Term Corporate Bond ETF,,IGBH,9/4/2024,9/4/2024,9/9/2024,0.148712,,,
2024-10-02,iShares Interest Rate Hedged Long-Term Corporate Bond ETF,,IGBH,10/2/2024,10/2/2024,10/7/2024,0.138780,,,
2024-11-04,iShares Interest Rate Hedged Long-Term Corporate Bond ETF,,IGBH,11/4/2024,11/4/2024,11/7/2024,0.144408,,,
2025-02-04,iShares Interest Rate Hedged Long-Term Corporate Bond ETF,,IGBH,2/4/2025,2/4/2025,2/7/2025,0.160130,,,
2025-03-04,iShares Interest Rate Hedged Long-Term Corporate Bond ETF,,IGBH,3/4/2025,3/4/2025,3/7/2025,0.121303,,,
2025-04-02,iShares Interest Rate Hedged Long-Term Corporate Bond ETF,,IGBH,4/2/2025,4/2/2025,4/7/2025,0.130741,,,
2025-05-02,iShares Interest Rate Hedged Long-Term Corporate Bond ETF,,IGBH,5/2/2025,5/2/2025,5/7/2025,0.126311,,,
2025-06-03,iShares Interest Rate Hedged Long-Term Corporate Bond ETF,,IGBH,6/3/2025,6/3/2025,6/6/2025,0.130341,,,
2025-07-02,iShares Interest Rate Hedged Long-Term Corporate Bond ETF,,IGBH,7/2/2025,7/2/2025,7/8/2025,0.132576,,,
2025-08-04,iShares Interest Rate Hedged Long-Term Corporate Bond ETF,,IGBH,8/4/2025,8/4/2025,8/7/2025,0.128078,,,
2025-09-03,iShares Interest Rate Hedged Long-Term Corporate Bond ETF,,IGBH,9/3/2025,9/3/2025,9/8/2025,0.123849,,,
2025-10-02,iShares Interest Rate Hedged Long-Term Corporate Bond ETF,,IGBH,10/2/2025,10/2/2025,10/7/2025,0.126852,,,
2025-11-04,iShares Interest Rate Hedged Long-Term Corporate Bond ETF,,IGBH,11/4/2025,11/4/2025,11/7/2025,0.120758,,,
2022-03-24,iShares North American Natural Resources ETF,,IGE,3/25/2022,3/24/2022,3/30/2022,0.223732,,,
2022-06-09,iShares North American Natural Resources ETF,,IGE,6/10/2022,6/9/2022,6/15/2022,0.229167,,,
2022-09-26,iShares North American Natural Resources ETF,,IGE,9/27/2022,9/26/2022,9/30/2022,0.417363,,,
2023-03-23,iShares North American Natural Resources ETF,,IGE,3/24/2023,3/23/2023,3/29/2023,0.292900,,,
2023-06-07,iShares North American Natural Resources ETF,,IGE,6/8/2023,6/7/2023,6/13/2023,0.233857,,,
2023-09-26,iShares North American Natural Resources ETF,,IGE,9/27/2023,9/26/2023,10/2/2023,0.319207,,,
2024-03-21,iShares North American Natural Resources ETF,,IGE,3/22/2024,3/21/2024,3/27/2024,0.222734,,,
2024-06-11,iShares North American Natural Resources ETF,,IGE,6/11/2024,6/11/2024,6/17/2024,0.274426,,,
2024-09-25,iShares North American Natural Resources ETF,,IGE,9/25/2024,9/25/2024,9/30/2024,0.321155,,,
2025-03-18,iShares North American Natural Resources ETF,,IGE,3/18/2025,3/18/2025,3/21/2025,0.242904,,,
2025-06-16,iShares North American Natural Resources ETF,,IGE,6/16/2025,6/16/2025,6/20/2025,0.267396,,,
2025-09-16,iShares North American Natural Resources ETF,,IGE,9/16/2025,9/16/2025,9/19/2025,0.299934,,,
2022-02-01,iShares Investment Grade Bond Factor ETF,,IGEB,2/2/2022,2/1/2022,2/7/2022,0.110165,,,
2022-03-01,iShares Investment Grade Bond Factor ETF,,IGEB,3/2/2022,3/1/2022,3/7/2022,0.116094,,,
2022-04-01,iShares Investment Grade Bond Factor ETF,,IGEB,4/4/2022,4/1/2022,4/7/2022,0.118837,,,
2022-05-02,iShares Investment Grade Bond Factor ETF,,IGEB,5/3/2022,5/2/2022,5/6/2022,0.117718,,,
2022-06-01,iShares Investment Grade Bond Factor ETF,,IGEB,6/2/2022,6/1/2022,6/7/2022,0.120323,,,
2022-07-01,iShares Investment Grade Bond Factor ETF,,IGEB,7/5/2022,7/1/2022,7/8/2022,0.125888,,,
2022-08-01,iShares Investment Grade Bond Factor ETF,,IGEB,8/2/2022,8/1/2022,8/5/2022,0.121192,,,
2022-09-01,iShares Investment Grade Bond Factor ETF,,IGEB,9/2/2022,9/1/2022,9/8/2022,0.137632,,,
2022-10-03,iShares Investment Grade Bond Factor ETF,,IGEB,10/4/2022,10/3/2022,10/7/2022,0.141308,,,
2022-11-01,iShares Investment Grade Bond Factor ETF,,IGEB,11/2/2022,11/1/2022,11/7/2022,0.145813,,,
2023-02-01,iShares Investment Grade Bond Factor ETF,,IGEB,2/2/2023,2/1/2023,2/7/2023,0.132543,,,
2023-03-01,iShares Investment Grade Bond Factor ETF,,IGEB,3/2/2023,3/1/2023,3/7/2023,0.162736,,,
2023-04-03,iShares Investment Grade Bond Factor ETF,,IGEB,4/4/2023,4/3/2023,4/7/2023,0.171582,,,
2023-05-01,iShares Investment Grade Bond Factor ETF,,IGEB,5/2/2023,5/1/2023,5/5/2023,0.172044,,,
2023-06-01,iShares Investment Grade Bond Factor ETF,,IGEB,6/2/2023,6/1/2023,6/7/2023,0.177471,,,
2023-07-03,iShares Investment Grade Bond Factor ETF,,IGEB,7/5/2023,7/3/2023,7/10/2023,0.180000,,,
2023-08-01,iShares Investment Grade Bond Factor ETF,,IGEB,8/2/2023,8/1/2023,8/7/2023,0.183929,,,
2023-09-01,iShares Investment Grade Bond Factor ETF,,IGEB,9/5/2023,9/1/2023,9/8/2023,0.183218,,,
2023-10-02,iShares Investment Grade Bond Factor ETF,,IGEB,10/3/2023,10/2/2023,10/6/2023,0.176168,,,
2023-11-01,iShares Investment Grade Bond Factor ETF,,IGEB,11/2/2023,11/1/2023,11/7/2023,0.187731,,,
2024-02-01,iShares Investment Grade Bond Factor ETF,,IGEB,2/2/2024,2/1/2024,2/7/2024,0.172042,,,
2024-03-01,iShares Investment Grade Bond Factor ETF,,IGEB,3/4/2024,3/1/2024,3/7/2024,0.184708,,,
2024-04-01,iShares Investment Grade Bond Factor ETF,,IGEB,4/2/2024,4/1/2024,4/5/2024,0.187818,,,
2024-05-01,iShares Investment Grade Bond Factor ETF,,IGEB,5/2/2024,5/1/2024,5/7/2024,0.181229,,,
2024-06-03,iShares Investment Grade Bond Factor ETF,,IGEB,6/3/2024,6/3/2024,6/7/2024,0.186652,,,
2024-07-01,iShares Investment Grade Bond Factor ETF,,IGEB,7/1/2024,7/1/2024,7/5/2024,0.168925,,,
2024-08-01,iShares Investment Grade Bond Factor ETF,,IGEB,8/1/2024,8/1/2024,8/6/2024,0.188906,,,
2024-09-03,iShares Investment Grade Bond Factor ETF,,IGEB,9/3/2024,9/3/2024,9/6/2024,0.186719,,,
2024-10-01,iShares Investment Grade Bond Factor ETF,,IGEB,10/1/2024,10/1/2024,10/4/2024,0.189441,,,
2024-11-01,iShares Investment Grade Bond Factor ETF,,IGEB,11/1/2024,11/1/2024,11/6/2024,0.186280,,,
2025-02-03,iShares Investment Grade Bond Factor ETF,,IGEB,2/3/2025,2/3/2025,2/6/2025,0.183348,,,
2025-03-03,iShares Investment Grade Bond Factor ETF,,IGEB,3/3/2025,3/3/2025,3/6/2025,0.184344,,,
2025-04-01,iShares Investment Grade Bond Factor ETF,,IGEB,4/1/2025,4/1/2025,4/4/2025,0.185419,,,
2025-05-01,iShares Investment Grade Bond Factor ETF,,IGEB,5/1/2025,5/1/2025,5/6/2025,0.190503,,,
2025-06-02,iShares Investment Grade Bond Factor ETF,,IGEB,6/2/2025,6/2/2025,6/5/2025,0.184896,,,
2025-07-01,iShares Investment Grade Bond Factor ETF,,IGEB,7/1/2025,7/1/2025,7/7/2025,0.173422,,,
2025-08-01,iShares Investment Grade Bond Factor ETF,,IGEB,8/1/2025,8/1/2025,8/6/2025,0.187843,,,
2025-09-02,iShares Investment Grade Bond Factor ETF,,IGEB,9/2/2025,9/2/2025,9/5/2025,0.188703,,,
2025-10-01,iShares Investment Grade Bond Factor ETF,,IGEB,10/1/2025,10/1/2025,10/6/2025,0.187674,,,
2025-11-03,iShares Investment Grade Bond Factor ETF,,IGEB,11/3/2025,11/3/2025,11/6/2025,0.187623,,,
2022-06-09,iShares Global Infrastructure ETF,,IGF,6/10/2022,6/9/2022,6/15/2022,0.747386,,,
2023-06-07,iShares Global Infrastructure ETF,,IGF,6/8/2023,6/7/2023,6/13/2023,0.715796,,,
2024-06-11,iShares Global Infrastructure ETF,,IGF,6/11/2024,6/11/2024,6/17/2024,0.868634,,,
2025-06-16,iShares Global Infrastructure ETF,,IGF,6/16/2025,6/16/2025,6/20/2025,1.012066,,,
2022-02-01,iShares 5-10 Year Investment Grade Corporate Bond ETF,,IGIB,2/2/2022,2/1/2022,2/7/2022,0.111196,,,
2022-03-01,iShares 5-10 Year Investment Grade Corporate Bond ETF,,IGIB,3/2/2022,3/1/2022,3/7/2022,0.113890,,,
2022-04-01,iShares 5-10 Year Investment Grade Corporate Bond ETF,,IGIB,4/4/2022,4/1/2022,4/7/2022,0.115289,,,
2022-05-02,iShares 5-10 Year Investment Grade Corporate Bond ETF,,IGIB,5/3/2022,5/2/2022,5/6/2022,0.121619,,,
2022-06-01,iShares 5-10 Year Investment Grade Corporate Bond ETF,,IGIB,6/2/2022,6/1/2022,6/7/2022,0.117427,,,
2022-07-01,iShares 5-10 Year Investment Grade Corporate Bond ETF,,IGIB,7/5/2022,7/1/2022,7/8/2022,0.125760,,,
2022-08-01,iShares 5-10 Year Investment Grade Corporate Bond ETF,,IGIB,8/2/2022,8/1/2022,8/5/2022,0.128157,,,
2022-09-01,iShares 5-10 Year Investment Grade Corporate Bond ETF,,IGIB,9/2/2022,9/1/2022,9/8/2022,0.128732,,,
2022-10-03,iShares 5-10 Year Investment Grade Corporate Bond ETF,,IGIB,10/4/2022,10/3/2022,10/7/2022,0.132454,,,
2022-11-01,iShares 5-10 Year Investment Grade Corporate Bond ETF,,IGIB,11/2/2022,11/1/2022,11/7/2022,0.134796,,,
2023-02-01,iShares 5-10 Year Investment Grade Corporate Bond ETF,,IGIB,2/2/2023,2/1/2023,2/7/2023,0.146708,,,
2023-03-01,iShares 5-10 Year Investment Grade Corporate Bond ETF,,IGIB,3/2/2023,3/1/2023,3/7/2023,0.154238,,,
2023-04-03,iShares 5-10 Year Investment Grade Corporate Bond ETF,,IGIB,4/4/2023,4/3/2023,4/7/2023,0.155595,,,
2023-05-01,iShares 5-10 Year Investment Grade Corporate Bond ETF,,IGIB,5/2/2023,5/1/2023,5/5/2023,0.159810,,,
2023-06-01,iShares 5-10 Year Investment Grade Corporate Bond ETF,,IGIB,6/2/2023,6/1/2023,6/7/2023,0.164576,,,
2023-07-03,iShares 5-10 Year Investment Grade Corporate Bond ETF,,IGIB,7/5/2023,7/3/2023,7/10/2023,0.164815,,,
2023-08-01,iShares 5-10 Year Investment Grade Corporate Bond ETF,,IGIB,8/2/2023,8/1/2023,8/7/2023,0.168207,,,
2023-09-01,iShares 5-10 Year Investment Grade Corporate Bond ETF,,IGIB,9/5/2023,9/1/2023,9/8/2023,0.163403,,,
2023-10-02,iShares 5-10 Year Investment Grade Corporate Bond ETF,,IGIB,10/3/2023,10/2/2023,10/6/2023,0.167573,,,
2023-11-01,iShares 5-10 Year Investment Grade Corporate Bond ETF,,IGIB,11/2/2023,11/1/2023,11/7/2023,0.170816,,,
2024-02-01,iShares 5-10 Year Investment Grade Corporate Bond ETF,,IGIB,2/2/2024,2/1/2024,2/7/2024,0.177899,,,
2024-03-01,iShares 5-10 Year Investment Grade Corporate Bond ETF,,IGIB,3/4/2024,3/1/2024,3/7/2024,0.176449,,,
2024-04-01,iShares 5-10 Year Investment Grade Corporate Bond ETF,,IGIB,4/2/2024,4/1/2024,4/5/2024,0.186968,,,
2024-05-01,iShares 5-10 Year Investment Grade Corporate Bond ETF,,IGIB,5/2/2024,5/1/2024,5/7/2024,0.183717,,,
2024-06-03,iShares 5-10 Year Investment Grade Corporate Bond ETF,,IGIB,6/3/2024,6/3/2024,6/7/2024,0.189596,,,
2024-07-01,iShares 5-10 Year Investment Grade Corporate Bond ETF,,IGIB,7/1/2024,7/1/2024,7/5/2024,0.190952,,,
2024-08-01,iShares 5-10 Year Investment Grade Corporate Bond ETF,,IGIB,8/1/2024,8/1/2024,8/6/2024,0.192875,,,
2024-09-03,iShares 5-10 Year Investment Grade Corporate Bond ETF,,IGIB,9/3/2024,9/3/2024,9/6/2024,0.192044,,,
2024-10-01,iShares 5-10 Year Investment Grade Corporate Bond ETF,,IGIB,10/1/2024,10/1/2024,10/4/2024,0.194737,,,
2024-11-01,iShares 5-10 Year Investment Grade Corporate Bond ETF,,IGIB,11/1/2024,11/1/2024,11/6/2024,0.193862,,,
2025-02-03,iShares 5-10 Year Investment Grade Corporate Bond ETF,,IGIB,2/3/2025,2/3/2025,2/6/2025,0.198032,,,
2025-03-03,iShares 5-10 Year Investment Grade Corporate Bond ETF,,IGIB,3/3/2025,3/3/2025,3/6/2025,0.198105,,,
2025-04-01,iShares 5-10 Year Investment Grade Corporate Bond ETF,,IGIB,4/1/2025,4/1/2025,4/4/2025,0.200422,,,
2025-05-01,iShares 5-10 Year Investment Grade Corporate Bond ETF,,IGIB,5/1/2025,5/1/2025,5/6/2025,0.202460,,,
2025-06-02,iShares 5-10 Year Investment Grade Corporate Bond ETF,,IGIB,6/2/2025,6/2/2025,6/5/2025,0.202075,,,
2025-07-01,iShares 5-10 Year Investment Grade Corporate Bond ETF,,IGIB,7/1/2025,7/1/2025,7/7/2025,0.205800,,,
2025-08-01,iShares 5-10 Year Investment Grade Corporate Bond ETF,,IGIB,8/1/2025,8/1/2025,8/6/2025,0.207963,,,
2025-09-02,iShares 5-10 Year Investment Grade Corporate Bond ETF,,IGIB,9/2/2025,9/2/2025,9/5/2025,0.208276,,,
2025-10-01,iShares 5-10 Year Investment Grade Corporate Bond ETF,,IGIB,10/1/2025,10/1/2025,10/6/2025,0.213397,,,
2025-11-03,iShares 5-10 Year Investment Grade Corporate Bond ETF,,IGIB,11/3/2025,11/3/2025,11/6/2025,0.211279,,,
2022-02-01,iShares 10+ Year Investment Grade Corporate Bond ETF,,IGLB,2/2/2022,2/1/2022,2/7/2022,0.179590,,,
2022-03-01,iShares 10+ Year Investment Grade Corporate Bond ETF,,IGLB,3/2/2022,3/1/2022,3/7/2022,0.186794,,,
2022-04-01,iShares 10+ Year Investment Grade Corporate Bond ETF,,IGLB,4/4/2022,4/1/2022,4/7/2022,0.214639,,,
2022-05-02,iShares 10+ Year Investment Grade Corporate Bond ETF,,IGLB,5/3/2022,5/2/2022,5/6/2022,0.191958,,,
2022-06-01,iShares 10+ Year Investment Grade Corporate Bond ETF,,IGLB,6/2/2022,6/1/2022,6/7/2022,0.179313,,,
2022-07-01,iShares 10+ Year Investment Grade Corporate Bond ETF,,IGLB,7/5/2022,7/1/2022,7/8/2022,0.189980,,,
2022-08-01,iShares 10+ Year Investment Grade Corporate Bond ETF,,IGLB,8/2/2022,8/1/2022,8/5/2022,0.185228,,,
2022-09-01,iShares 10+ Year Investment Grade Corporate Bond ETF,,IGLB,9/2/2022,9/1/2022,9/8/2022,0.187824,,,
2022-10-03,iShares 10+ Year Investment Grade Corporate Bond ETF,,IGLB,10/4/2022,10/3/2022,10/7/2022,0.193141,,,
2022-11-01,iShares 10+ Year Investment Grade Corporate Bond ETF,,IGLB,11/2/2022,11/1/2022,11/7/2022,0.188209,,,
2023-02-01,iShares 10+ Year Investment Grade Corporate Bond ETF,,IGLB,2/2/2023,2/1/2023,2/7/2023,0.202523,,,
2023-03-01,iShares 10+ Year Investment Grade Corporate Bond ETF,,IGLB,3/2/2023,3/1/2023,3/7/2023,0.190780,,,
2023-04-03,iShares 10+ Year Investment Grade Corporate Bond ETF,,IGLB,4/4/2023,4/3/2023,4/7/2023,0.199475,,,
2023-05-01,iShares 10+ Year Investment Grade Corporate Bond ETF,,IGLB,5/2/2023,5/1/2023,5/5/2023,0.195742,,,
2023-06-01,iShares 10+ Year Investment Grade Corporate Bond ETF,,IGLB,6/2/2023,6/1/2023,6/7/2023,0.194252,,,
2023-07-03,iShares 10+ Year Investment Grade Corporate Bond ETF,,IGLB,7/5/2023,7/3/2023,7/10/2023,0.194104,,,
2023-08-01,iShares 10+ Year Investment Grade Corporate Bond ETF,,IGLB,8/2/2023,8/1/2023,8/7/2023,0.200050,,,
2023-09-01,iShares 10+ Year Investment Grade Corporate Bond ETF,,IGLB,9/5/2023,9/1/2023,9/8/2023,0.205644,,,
2023-10-02,iShares 10+ Year Investment Grade Corporate Bond ETF,,IGLB,10/3/2023,10/2/2023,10/6/2023,0.213186,,,
2023-11-01,iShares 10+ Year Investment Grade Corporate Bond ETF,,IGLB,11/2/2023,11/1/2023,11/7/2023,0.208435,,,
2024-02-01,iShares 10+ Year Investment Grade Corporate Bond ETF,,IGLB,2/2/2024,2/1/2024,2/7/2024,0.208175,,,
2024-03-01,iShares 10+ Year Investment Grade Corporate Bond ETF,,IGLB,3/4/2024,3/1/2024,3/7/2024,0.210010,,,
2024-04-01,iShares 10+ Year Investment Grade Corporate Bond ETF,,IGLB,4/2/2024,4/1/2024,4/5/2024,0.206572,,,
2024-05-01,iShares 10+ Year Investment Grade Corporate Bond ETF,,IGLB,5/2/2024,5/1/2024,5/7/2024,0.206095,,,
2024-06-03,iShares 10+ Year Investment Grade Corporate Bond ETF,,IGLB,6/3/2024,6/3/2024,6/7/2024,0.208505,,,
2024-07-01,iShares 10+ Year Investment Grade Corporate Bond ETF,,IGLB,7/1/2024,7/1/2024,7/5/2024,0.217074,,,
2024-08-01,iShares 10+ Year Investment Grade Corporate Bond ETF,,IGLB,8/1/2024,8/1/2024,8/6/2024,0.204527,,,
2024-09-03,iShares 10+ Year Investment Grade Corporate Bond ETF,,IGLB,9/3/2024,9/3/2024,9/6/2024,0.208343,,,
2024-10-01,iShares 10+ Year Investment Grade Corporate Bond ETF,,IGLB,10/1/2024,10/1/2024,10/4/2024,0.203918,,,
2024-11-01,iShares 10+ Year Investment Grade Corporate Bond ETF,,IGLB,11/1/2024,11/1/2024,11/6/2024,0.220403,,,
2025-02-03,iShares 10+ Year Investment Grade Corporate Bond ETF,,IGLB,2/3/2025,2/3/2025,2/6/2025,0.215875,,,
2025-03-03,iShares 10+ Year Investment Grade Corporate Bond ETF,,IGLB,3/3/2025,3/3/2025,3/6/2025,0.216367,,,
2025-04-01,iShares 10+ Year Investment Grade Corporate Bond ETF,,IGLB,4/1/2025,4/1/2025,4/4/2025,0.217093,,,
2025-05-01,iShares 10+ Year Investment Grade Corporate Bond ETF,,IGLB,5/1/2025,5/1/2025,5/6/2025,0.216780,,,
2025-06-02,iShares 10+ Year Investment Grade Corporate Bond ETF,,IGLB,6/2/2025,6/2/2025,6/5/2025,0.222655,,,
2025-07-01,iShares 10+ Year Investment Grade Corporate Bond ETF,,IGLB,7/1/2025,7/1/2025,7/7/2025,0.217864,,,
2025-08-01,iShares 10+ Year Investment Grade Corporate Bond ETF,,IGLB,8/1/2025,8/1/2025,8/6/2025,0.212171,,,
2025-09-02,iShares 10+ Year Investment Grade Corporate Bond ETF,,IGLB,9/2/2025,9/2/2025,9/5/2025,0.213299,,,
2025-10-01,iShares 10+ Year Investment Grade Corporate Bond ETF,,IGLB,10/1/2025,10/1/2025,10/6/2025,0.215170,,,
2025-11-03,iShares 10+ Year Investment Grade Corporate Bond ETF,,IGLB,11/3/2025,11/3/2025,11/6/2025,0.214463,,,
2022-03-24,iShares Expanded Tech Sector ETF,,IGM,3/25/2022,3/24/2022,3/30/2022,0.185115,,,
2022-06-09,iShares Expanded Tech Sector ETF,,IGM,6/10/2022,6/9/2022,6/15/2022,0.212213,,,
2022-09-26,iShares Expanded Tech Sector ETF,,IGM,9/27/2022,9/26/2022,9/30/2022,0.388856,,,
2023-03-23,iShares Expanded Tech Sector ETF,,IGM,3/24/2023,3/23/2023,3/29/2023,0.341768,,,
2023-06-07,iShares Expanded Tech Sector ETF,,IGM,6/8/2023,6/7/2023,6/13/2023,0.197316,,,
2023-09-26,iShares Expanded Tech Sector ETF,,IGM,9/27/2023,9/26/2023,10/2/2023,0.391845,,,
2024-03-21,iShares Expanded Tech Sector ETF,,IGM,3/22/2024,3/21/2024,3/27/2024,0.038027,,,
2024-06-11,iShares Expanded Tech Sector ETF,,IGM,6/11/2024,6/11/2024,6/17/2024,0.040466,,,
2024-09-25,iShares Expanded Tech Sector ETF,,IGM,9/25/2024,9/25/2024,9/30/2024,0.094582,,,
2025-03-18,iShares Expanded Tech Sector ETF,,IGM,3/18/2025,3/18/2025,3/21/2025,0.050230,,,
2025-06-16,iShares Expanded Tech Sector ETF,,IGM,6/16/2025,6/16/2025,6/20/2025,0.059514,,,
2025-09-16,iShares Expanded Tech Sector ETF,,IGM,9/16/2025,9/16/2025,9/19/2025,0.045428,,,
2022-03-24,iShares North American Tech-Multimedia Networking ETF,,IGN,3/25/2022,3/24/2022,3/30/2022,0.028495,,,
2022-06-09,iShares North American Tech-Multimedia Networking ETF,,IGN,6/10/2022,6/9/2022,6/15/2022,0.048294,,,
2022-09-26,iShares North American Tech-Multimedia Networking ETF,,IGN,9/27/2022,9/26/2022,9/30/2022,0.078048,,,
2022-03-24,iShares International Dividend Growth ETF,,IGRO,3/25/2022,3/24/2022,3/30/2022,0.349120,,,
2022-06-09,iShares International Dividend Growth ETF,,IGRO,6/10/2022,6/9/2022,6/15/2022,0.625451,,,
2022-09-26,iShares International Dividend Growth ETF,,IGRO,9/27/2022,9/26/2022,9/30/2022,0.407641,,,
2023-03-23,iShares International Dividend Growth ETF,,IGRO,3/24/2023,3/23/2023,3/29/2023,0.263577,,,
2023-06-07,iShares International Dividend Growth ETF,,IGRO,6/8/2023,6/7/2023,6/13/2023,0.710119,,,
2023-09-26,iShares International Dividend Growth ETF,,IGRO,9/27/2023,9/26/2023,10/2/2023,0.477137,,,
2024-03-21,iShares International Dividend Growth ETF,,IGRO,3/22/2024,3/21/2024,3/27/2024,0.336190,,,
2024-06-11,iShares International Dividend Growth ETF,,IGRO,6/11/2024,6/11/2024,6/17/2024,0.703684,,,
2024-09-25,iShares International Dividend Growth ETF,,IGRO,9/25/2024,9/25/2024,9/30/2024,0.452210,,,
2025-03-18,iShares International Dividend Growth ETF,,IGRO,3/18/2025,3/18/2025,3/21/2025,0.300403,,,
2025-06-16,iShares International Dividend Growth ETF,,IGRO,6/16/2025,6/16/2025,6/20/2025,0.964045,,,
2025-09-16,iShares International Dividend Growth ETF,,IGRO,9/16/2025,9/16/2025,9/19/2025,0.477348,,,
2022-02-01,iShares 1-5 Year Investment Grade Corporate Bond ETF,,IGSB,2/2/2022,2/1/2022,2/7/2022,0.062396,,,
2022-03-01,iShares 1-5 Year Investment Grade Corporate Bond ETF,,IGSB,3/2/2022,3/1/2022,3/7/2022,0.067984,,,
2022-04-01,iShares 1-5 Year Investment Grade Corporate Bond ETF,,IGSB,4/4/2022,4/1/2022,4/7/2022,0.073356,,,
2022-05-02,iShares 1-5 Year Investment Grade Corporate Bond ETF,,IGSB,5/3/2022,5/2/2022,5/6/2022,0.072633,,,
2022-06-01,iShares 1-5 Year Investment Grade Corporate Bond ETF,,IGSB,6/2/2022,6/1/2022,6/7/2022,0.073163,,,
2022-07-01,iShares 1-5 Year Investment Grade Corporate Bond ETF,,IGSB,7/5/2022,7/1/2022,7/8/2022,0.082330,,,
2022-08-01,iShares 1-5 Year Investment Grade Corporate Bond ETF,,IGSB,8/2/2022,8/1/2022,8/5/2022,0.084089,,,
2022-09-01,iShares 1-5 Year Investment Grade Corporate Bond ETF,,IGSB,9/2/2022,9/1/2022,9/8/2022,0.088958,,,
2022-10-03,iShares 1-5 Year Investment Grade Corporate Bond ETF,,IGSB,10/4/2022,10/3/2022,10/7/2022,0.094494,,,
2022-11-01,iShares 1-5 Year Investment Grade Corporate Bond ETF,,IGSB,11/2/2022,11/1/2022,11/7/2022,0.097994,,,
2023-02-01,iShares 1-5 Year Investment Grade Corporate Bond ETF,,IGSB,2/2/2023,2/1/2023,2/7/2023,0.113520,,,
2023-03-01,iShares 1-5 Year Investment Grade Corporate Bond ETF,,IGSB,3/2/2023,3/1/2023,3/7/2023,0.124671,,,
2023-04-03,iShares 1-5 Year Investment Grade Corporate Bond ETF,,IGSB,4/4/2023,4/3/2023,4/7/2023,0.130040,,,
2023-05-01,iShares 1-5 Year Investment Grade Corporate Bond ETF,,IGSB,5/2/2023,5/1/2023,5/5/2023,0.132064,,,
2023-06-01,iShares 1-5 Year Investment Grade Corporate Bond ETF,,IGSB,6/2/2023,6/1/2023,6/7/2023,0.134135,,,
2023-07-03,iShares 1-5 Year Investment Grade Corporate Bond ETF,,IGSB,7/5/2023,7/3/2023,7/10/2023,0.139632,,,
2023-08-01,iShares 1-5 Year Investment Grade Corporate Bond ETF,,IGSB,8/2/2023,8/1/2023,8/7/2023,0.138395,,,
2023-09-01,iShares 1-5 Year Investment Grade Corporate Bond ETF,,IGSB,9/5/2023,9/1/2023,9/8/2023,0.147412,,,
2023-10-02,iShares 1-5 Year Investment Grade Corporate Bond ETF,,IGSB,10/3/2023,10/2/2023,10/6/2023,0.143159,,,
2023-11-01,iShares 1-5 Year Investment Grade Corporate Bond ETF,,IGSB,11/2/2023,11/1/2023,11/7/2023,0.153945,,,
2024-02-01,iShares 1-5 Year Investment Grade Corporate Bond ETF,,IGSB,2/2/2024,2/1/2024,2/7/2024,0.151544,,,
2024-03-01,iShares 1-5 Year Investment Grade Corporate Bond ETF,,IGSB,3/4/2024,3/1/2024,3/7/2024,0.162274,,,
2024-04-01,iShares 1-5 Year Investment Grade Corporate Bond ETF,,IGSB,4/2/2024,4/1/2024,4/5/2024,0.165259,,,
2024-05-01,iShares 1-5 Year Investment Grade Corporate Bond ETF,,IGSB,5/2/2024,5/1/2024,5/7/2024,0.164952,,,
2024-06-03,iShares 1-5 Year Investment Grade Corporate Bond ETF,,IGSB,6/3/2024,6/3/2024,6/7/2024,0.174378,,,
2024-07-01,iShares 1-5 Year Investment Grade Corporate Bond ETF,,IGSB,7/1/2024,7/1/2024,7/5/2024,0.178767,,,
2024-08-01,iShares 1-5 Year Investment Grade Corporate Bond ETF,,IGSB,8/1/2024,8/1/2024,8/6/2024,0.176056,,,
2024-09-03,iShares 1-5 Year Investment Grade Corporate Bond ETF,,IGSB,9/3/2024,9/3/2024,9/6/2024,0.178187,,,
2024-10-01,iShares 1-5 Year Investment Grade Corporate Bond ETF,,IGSB,10/1/2024,10/1/2024,10/4/2024,0.178469,,,
2024-11-01,iShares 1-5 Year Investment Grade Corporate Bond ETF,,IGSB,11/1/2024,11/1/2024,11/6/2024,0.183640,,,
2025-02-03,iShares 1-5 Year Investment Grade Corporate Bond ETF,,IGSB,2/3/2025,2/3/2025,2/6/2025,0.187360,,,
2025-03-03,iShares 1-5 Year Investment Grade Corporate Bond ETF,,IGSB,3/3/2025,3/3/2025,3/6/2025,0.186728,,,
2025-04-01,iShares 1-5 Year Investment Grade Corporate Bond ETF,,IGSB,4/1/2025,4/1/2025,4/4/2025,0.192731,,,
2025-05-01,iShares 1-5 Year Investment Grade Corporate Bond ETF,,IGSB,5/1/2025,5/1/2025,5/6/2025,0.194782,,,
2025-06-02,iShares 1-5 Year Investment Grade Corporate Bond ETF,,IGSB,6/2/2025,6/2/2025,6/5/2025,0.194213,,,
2025-07-01,iShares 1-5 Year Investment Grade Corporate Bond ETF,,IGSB,7/1/2025,7/1/2025,7/7/2025,0.194328,,,
2025-08-01,iShares 1-5 Year Investment Grade Corporate Bond ETF,,IGSB,8/1/2025,8/1/2025,8/6/2025,0.193673,,,
2025-09-02,iShares 1-5 Year Investment Grade Corporate Bond ETF,,IGSB,9/2/2025,9/2/2025,9/5/2025,0.204734,,,
2025-10-01,iShares 1-5 Year Investment Grade Corporate Bond ETF,,IGSB,10/1/2025,10/1/2025,10/6/2025,0.198690,,,
2025-11-03,iShares 1-5 Year Investment Grade Corporate Bond ETF,,IGSB,11/3/2025,11/3/2025,11/6/2025,0.197112,,,
2022-06-09,iShares Cybersecurity and Tech ETF,,IHAK,6/10/2022,6/9/2022,6/15/2022,0.058993,,,
2023-06-07,iShares Cybersecurity and Tech ETF,,IHAK,6/8/2023,6/7/2023,6/13/2023,0.012837,,,
2025-06-16,iShares Cybersecurity and Tech ETF,,IHAK,6/16/2025,6/16/2025,6/20/2025,0.003059,,,
2022-03-24,iShares U.S. Pharmaceuticals ETF,,IHE,3/25/2022,3/24/2022,3/30/2022,0.793569,,,
2022-06-09,iShares U.S. Pharmaceuticals ETF,,IHE,6/10/2022,6/9/2022,6/15/2022,0.717110,,,
2022-09-26,iShares U.S. Pharmaceuticals ETF,,IHE,9/27/2022,9/26/2022,9/30/2022,0.884837,,,
2023-03-23,iShares U.S. Pharmaceuticals ETF,,IHE,3/24/2023,3/23/2023,3/29/2023,0.672020,,,
2023-06-07,iShares U.S. Pharmaceuticals ETF,,IHE,6/8/2023,6/7/2023,6/13/2023,0.590395,,,
2023-09-26,iShares U.S. Pharmaceuticals ETF,,IHE,9/27/2023,9/26/2023,10/2/2023,0.901829,,,
2024-03-21,iShares U.S. Pharmaceuticals ETF,,IHE,3/22/2024,3/21/2024,3/27/2024,0.275023,,,
2024-06-11,iShares U.S. Pharmaceuticals ETF,,IHE,6/11/2024,6/11/2024,6/17/2024,0.294016,,,
2024-09-25,iShares U.S. Pharmaceuticals ETF,,IHE,9/25/2024,9/25/2024,9/30/2024,0.358883,,,
2025-03-18,iShares U.S. Pharmaceuticals ETF,,IHE,3/18/2025,3/18/2025,3/21/2025,0.291667,,,
2025-06-16,iShares U.S. Pharmaceuticals ETF,,IHE,6/16/2025,6/16/2025,6/20/2025,0.306536,,,
2025-09-16,iShares U.S. Pharmaceuticals ETF,,IHE,9/16/2025,9/16/2025,9/19/2025,0.312397,,,
2022-03-24,iShares U.S. Healthcare Providers ETF,,IHF,3/25/2022,3/24/2022,3/30/2022,0.426870,,,
2022-06-09,iShares U.S. Healthcare Providers ETF,,IHF,6/10/2022,6/9/2022,6/15/2022,0.170201,,,
2022-09-26,iShares U.S. Healthcare Providers ETF,,IHF,9/27/2022,9/26/2022,9/30/2022,0.667646,,,
2023-03-23,iShares U.S. Healthcare Providers ETF,,IHF,3/24/2023,3/23/2023,3/29/2023,0.495355,,,
2023-06-07,iShares U.S. Healthcare Providers ETF,,IHF,6/8/2023,6/7/2023,6/13/2023,0.120602,,,
2023-09-26,iShares U.S. Healthcare Providers ETF,,IHF,9/27/2023,9/26/2023,10/2/2023,0.955631,,,
2024-03-21,iShares U.S. Healthcare Providers ETF,,IHF,3/22/2024,3/21/2024,3/27/2024,0.105377,,,
2024-06-11,iShares U.S. Healthcare Providers ETF,,IHF,6/11/2024,6/11/2024,6/17/2024,0.027035,,,
2024-09-25,iShares U.S. Healthcare Providers ETF,,IHF,9/25/2024,9/25/2024,9/30/2024,0.173961,,,
2025-03-18,iShares U.S. Healthcare Providers ETF,,IHF,3/18/2025,3/18/2025,3/21/2025,0.108236,,,
2025-06-16,iShares U.S. Healthcare Providers ETF,,IHF,6/16/2025,6/16/2025,6/20/2025,0.059766,,,
2025-09-16,iShares U.S. Healthcare Providers ETF,,IHF,9/16/2025,9/16/2025,9/19/2025,0.110323,,,
2022-03-24,iShares U.S. Medical Devices ETF,,IHI,3/25/2022,3/24/2022,3/30/2022,0.005092,,,
2022-06-09,iShares U.S. Medical Devices ETF,,IHI,6/10/2022,6/9/2022,6/15/2022,0.048111,,,
2022-09-26,iShares U.S. Medical Devices ETF,,IHI,9/27/2022,9/26/2022,9/30/2022,0.109740,,,
2023-03-23,iShares U.S. Medical Devices ETF,,IHI,3/24/2023,3/23/2023,3/29/2023,0.020792,,,
2023-06-07,iShares U.S. Medical Devices ETF,,IHI,6/8/2023,6/7/2023,6/13/2023,0.053129,,,
2023-09-26,iShares U.S. Medical Devices ETF,,IHI,9/27/2023,9/26/2023,10/2/2023,0.115711,,,
2024-03-21,iShares U.S. Medical Devices ETF,,IHI,3/22/2024,3/21/2024,3/27/2024,0.031381,,,
2024-06-11,iShares U.S. Medical Devices ETF,,IHI,6/11/2024,6/11/2024,6/17/2024,0.052941,,,
2024-09-25,iShares U.S. Medical Devices ETF,,IHI,9/25/2024,9/25/2024,9/30/2024,0.079658,,,
2025-03-18,iShares U.S. Medical Devices ETF,,IHI,3/18/2025,3/18/2025,3/21/2025,0.032988,,,
2025-06-16,iShares U.S. Medical Devices ETF,,IHI,6/16/2025,6/16/2025,6/20/2025,0.055349,,,
2025-09-16,iShares U.S. Medical Devices ETF,,IHI,9/16/2025,9/16/2025,9/19/2025,0.060878,,,
2022-03-24,iShares Core S&P Mid-Cap ETF,,IJH,3/25/2022,3/24/2022,3/30/2022,0.846755,,,
2022-06-09,iShares Core S&P Mid-Cap ETF,,IJH,6/10/2022,6/9/2022,6/15/2022,0.789517,,,
2022-09-26,iShares Core S&P Mid-Cap ETF,,IJH,9/27/2022,9/26/2022,9/30/2022,1.350367,,,
2023-03-23,iShares Core S&P Mid-Cap ETF,,IJH,3/24/2023,3/23/2023,3/29/2023,0.946727,,,
2023-06-07,iShares Core S&P Mid-Cap ETF,,IJH,6/8/2023,6/7/2023,6/13/2023,0.756343,,,
2023-09-26,iShares Core S&P Mid-Cap ETF,,IJH,9/27/2023,9/26/2023,10/2/2023,1.138226,,,
2024-03-21,iShares Core S&P Mid-Cap ETF,,IJH,3/22/2024,3/21/2024,3/27/2024,0.159988,,,
2024-06-11,iShares Core S&P Mid-Cap ETF,,IJH,6/11/2024,6/11/2024,6/17/2024,0.161446,,,
2024-09-25,iShares Core S&P Mid-Cap ETF,,IJH,9/25/2024,9/25/2024,9/30/2024,0.239012,,,
2025-03-18,iShares Core S&P Mid-Cap ETF,,IJH,3/18/2025,3/18/2025,3/21/2025,0.162959,,,
2025-06-16,iShares Core S&P Mid-Cap ETF,,IJH,6/16/2025,6/16/2025,6/20/2025,0.189746,,,
2025-09-16,iShares Core S&P Mid-Cap ETF,,IJH,9/16/2025,9/16/2025,9/19/2025,0.212047,,,
2022-03-24,iShares S&P Mid-Cap 400 Value ETF,,IJJ,3/25/2022,3/24/2022,3/30/2022,0.406684,,,
2022-06-09,iShares S&P Mid-Cap 400 Value ETF,,IJJ,6/10/2022,6/9/2022,6/15/2022,0.363682,,,
2022-09-26,iShares S&P Mid-Cap 400 Value ETF,,IJJ,9/27/2022,9/26/2022,9/30/2022,0.655527,,,
2023-03-23,iShares S&P Mid-Cap 400 Value ETF,,IJJ,3/24/2023,3/23/2023,3/29/2023,0.454057,,,
2023-06-07,iShares S&P Mid-Cap 400 Value ETF,,IJJ,6/8/2023,6/7/2023,6/13/2023,0.349707,,,
2023-09-26,iShares S&P Mid-Cap 400 Value ETF,,IJJ,9/27/2023,9/26/2023,10/2/2023,0.574422,,,
2024-03-21,iShares S&P Mid-Cap 400 Value ETF,,IJJ,3/22/2024,3/21/2024,3/27/2024,0.366810,,,
2024-06-11,iShares S&P Mid-Cap 400 Value ETF,,IJJ,6/11/2024,6/11/2024,6/17/2024,0.515844,,,
2024-09-25,iShares S&P Mid-Cap 400 Value ETF,,IJJ,9/25/2024,9/25/2024,9/30/2024,0.729077,,,
2025-03-18,iShares S&P Mid-Cap 400 Value ETF,,IJJ,3/18/2025,3/18/2025,3/21/2025,0.449947,,,
2025-06-16,iShares S&P Mid-Cap 400 Value ETF,,IJJ,6/16/2025,6/16/2025,6/20/2025,0.516958,,,
2025-09-16,iShares S&P Mid-Cap 400 Value ETF,,IJJ,9/16/2025,9/16/2025,9/19/2025,0.571751,,,
2022-03-24,iShares S&P Mid-Cap 400 Growth ETF,,IJK,3/25/2022,3/24/2022,3/30/2022,0.148963,,,
2022-06-09,iShares S&P Mid-Cap 400 Growth ETF,,IJK,6/10/2022,6/9/2022,6/15/2022,0.149502,,,
2022-09-26,iShares S&P Mid-Cap 400 Growth ETF,,IJK,9/27/2022,9/26/2022,9/30/2022,0.248226,,,
2023-03-23,iShares S&P Mid-Cap 400 Growth ETF,,IJK,3/24/2023,3/23/2023,3/29/2023,0.194859,,,
2023-06-07,iShares S&P Mid-Cap 400 Growth ETF,,IJK,6/8/2023,6/7/2023,6/13/2023,0.167549,,,
2023-09-26,iShares S&P Mid-Cap 400 Growth ETF,,IJK,9/27/2023,9/26/2023,10/2/2023,0.262772,,,
2024-03-21,iShares S&P Mid-Cap 400 Growth ETF,,IJK,3/22/2024,3/21/2024,3/27/2024,0.145157,,,
2024-06-11,iShares S&P Mid-Cap 400 Growth ETF,,IJK,6/11/2024,6/11/2024,6/17/2024,0.137344,,,
2024-09-25,iShares S&P Mid-Cap 400 Growth ETF,,IJK,9/25/2024,9/25/2024,9/30/2024,0.224487,,,
2025-03-18,iShares S&P Mid-Cap 400 Growth ETF,,IJK,3/18/2025,3/18/2025,3/21/2025,0.120148,,,
2025-06-16,iShares S&P Mid-Cap 400 Growth ETF,,IJK,6/16/2025,6/16/2025,6/20/2025,0.147848,,,
2025-09-16,iShares S&P Mid-Cap 400 Growth ETF,,IJK,9/16/2025,9/16/2025,9/19/2025,0.164619,,,
2022-03-24,iShares Core S&P Small-Cap ETF,,IJR,3/25/2022,3/24/2022,3/30/2022,0.169340,,,
2022-06-09,iShares Core S&P Small-Cap ETF,,IJR,6/10/2022,6/9/2022,6/15/2022,0.301814,,,
2022-09-26,iShares Core S&P Small-Cap ETF,,IJR,9/27/2022,9/26/2022,9/30/2022,0.454688,,,
2023-03-23,iShares Core S&P Small-Cap ETF,,IJR,3/24/2023,3/23/2023,3/29/2023,0.329282,,,
2023-06-07,iShares Core S&P Small-Cap ETF,,IJR,6/8/2023,6/7/2023,6/13/2023,0.351203,,,
2023-09-26,iShares Core S&P Small-Cap ETF,,IJR,9/27/2023,9/26/2023,10/2/2023,0.459184,,,
2024-03-21,iShares Core S&P Small-Cap ETF,,IJR,3/22/2024,3/21/2024,3/27/2024,0.326291,,,
2024-06-11,iShares Core S&P Small-Cap ETF,,IJR,6/11/2024,6/11/2024,6/17/2024,0.385723,,,
2024-09-25,iShares Core S&P Small-Cap ETF,,IJR,9/25/2024,9/25/2024,9/30/2024,0.514828,,,
2025-03-18,iShares Core S&P Small-Cap ETF,,IJR,3/18/2025,3/18/2025,3/21/2025,0.323181,,,
2025-06-16,iShares Core S&P Small-Cap ETF,,IJR,6/16/2025,6/16/2025,6/20/2025,0.388455,,,
2025-09-16,iShares Core S&P Small-Cap ETF,,IJR,9/16/2025,9/16/2025,9/19/2025,0.444168,,,
2022-03-24,iShares S&P Small-Cap 600 Value ETF,,IJS,3/25/2022,3/24/2022,3/30/2022,0.285537,,,
2022-06-09,iShares S&P Small-Cap 600 Value ETF,,IJS,6/10/2022,6/9/2022,6/15/2022,0.283479,,,
2022-09-26,iShares S&P Small-Cap 600 Value ETF,,IJS,9/27/2022,9/26/2022,9/30/2022,0.510586,,,
2023-03-23,iShares S&P Small-Cap 600 Value ETF,,IJS,3/24/2023,3/23/2023,3/29/2023,0.329730,,,
2023-06-07,iShares S&P Small-Cap 600 Value ETF,,IJS,6/8/2023,6/7/2023,6/13/2023,0.394300,,,
2023-09-26,iShares S&P Small-Cap 600 Value ETF,,IJS,9/27/2023,9/26/2023,10/2/2023,0.523033,,,
2024-03-21,iShares S&P Small-Cap 600 Value ETF,,IJS,3/22/2024,3/21/2024,3/27/2024,0.364509,,,
2024-06-11,iShares S&P Small-Cap 600 Value ETF,,IJS,6/11/2024,6/11/2024,6/17/2024,0.469531,,,
2024-09-25,iShares S&P Small-Cap 600 Value ETF,,IJS,9/25/2024,9/25/2024,9/30/2024,0.564942,,,
2025-03-18,iShares S&P Small-Cap 600 Value ETF,,IJS,3/18/2025,3/18/2025,3/21/2025,0.359311,,,
2025-06-16,iShares S&P Small-Cap 600 Value ETF,,IJS,6/16/2025,6/16/2025,6/20/2025,0.427953,,,
2025-09-16,iShares S&P Small-Cap 600 Value ETF,,IJS,9/16/2025,9/16/2025,9/19/2025,0.511064,,,
2022-03-24,iShares S&P Small-Cap 600 Growth ETF,,IJT,3/25/2022,3/24/2022,3/30/2022,0.221042,,,
2022-06-09,iShares S&P Small-Cap 600 Growth ETF,,IJT,6/10/2022,6/9/2022,6/15/2022,0.215105,,,
2022-09-26,iShares S&P Small-Cap 600 Growth ETF,,IJT,9/27/2022,9/26/2022,9/30/2022,0.362555,,,
2023-03-23,iShares S&P Small-Cap 600 Growth ETF,,IJT,3/24/2023,3/23/2023,3/29/2023,0.292999,,,
2023-06-07,iShares S&P Small-Cap 600 Growth ETF,,IJT,6/8/2023,6/7/2023,6/13/2023,0.302873,,,
2023-09-26,iShares S&P Small-Cap 600 Growth ETF,,IJT,9/27/2023,9/26/2023,10/2/2023,0.396952,,,
2024-03-21,iShares S&P Small-Cap 600 Growth ETF,,IJT,3/22/2024,3/21/2024,3/27/2024,0.219087,,,
2024-06-11,iShares S&P Small-Cap 600 Growth ETF,,IJT,6/11/2024,6/11/2024,6/17/2024,0.345527,,,
2024-09-25,iShares S&P Small-Cap 600 Growth ETF,,IJT,9/25/2024,9/25/2024,9/30/2024,0.523732,,,
2025-03-18,iShares S&P Small-Cap 600 Growth ETF,,IJT,3/18/2025,3/18/2025,3/21/2025,0.250173,,,
2025-06-16,iShares S&P Small-Cap 600 Growth ETF,,IJT,6/16/2025,6/16/2025,6/20/2025,0.293872,,,
2025-09-16,iShares S&P Small-Cap 600 Growth ETF,,IJT,9/16/2025,9/16/2025,9/19/2025,0.313951,,,
2022-03-24,iShares Morningstar U.S. Equity ETF,,ILCB,3/25/2022,3/24/2022,3/30/2022,0.192851,,,
2022-06-09,iShares Morningstar U.S. Equity ETF,,ILCB,6/10/2022,6/9/2022,6/15/2022,0.157940,,,
2022-09-26,iShares Morningstar U.S. Equity ETF,,ILCB,9/27/2022,9/26/2022,9/30/2022,0.265061,,,
2023-03-23,iShares Morningstar U.S. Equity ETF,,ILCB,3/24/2023,3/23/2023,3/29/2023,0.215252,,,
2023-06-07,iShares Morningstar U.S. Equity ETF,,ILCB,6/8/2023,6/7/2023,6/13/2023,0.171762,,,
2023-09-26,iShares Morningstar U.S. Equity ETF,,ILCB,9/27/2023,9/26/2023,10/2/2023,0.273396,,,
2024-03-21,iShares Morningstar U.S. Equity ETF,,ILCB,3/22/2024,3/21/2024,3/27/2024,0.210086,,,
2024-06-11,iShares Morningstar U.S. Equity ETF,,ILCB,6/11/2024,6/11/2024,6/17/2024,0.202622,,,
2024-09-25,iShares Morningstar U.S. Equity ETF,,ILCB,9/25/2024,9/25/2024,9/30/2024,0.280119,,,
2025-03-18,iShares Morningstar U.S. Equity ETF,,ILCB,3/18/2025,3/18/2025,3/21/2025,0.243760,,,
2025-06-16,iShares Morningstar U.S. Equity ETF,,ILCB,6/16/2025,6/16/2025,6/20/2025,0.241268,,,
2025-09-16,iShares Morningstar U.S. Equity ETF,,ILCB,9/16/2025,9/16/2025,9/19/2025,0.255124,,,
2022-03-24,iShares Morningstar Growth ETF,,ILCG,3/25/2022,3/24/2022,3/30/2022,0.075594,,,
2022-06-09,iShares Morningstar Growth ETF,,ILCG,6/10/2022,6/9/2022,6/15/2022,0.065163,,,
2022-09-26,iShares Morningstar Growth ETF,,ILCG,9/27/2022,9/26/2022,9/30/2022,0.112516,,,
2023-03-23,iShares Morningstar Growth ETF,,ILCG,3/24/2023,3/23/2023,3/29/2023,0.117354,,,
2023-06-07,iShares Morningstar Growth ETF,,ILCG,6/8/2023,6/7/2023,6/13/2023,0.083647,,,
2023-09-26,iShares Morningstar Growth ETF,,ILCG,9/27/2023,9/26/2023,10/2/2023,0.121845,,,
2024-03-21,iShares Morningstar Growth ETF,,ILCG,3/22/2024,3/21/2024,3/27/2024,0.096047,,,
2024-06-11,iShares Morningstar Growth ETF,,ILCG,6/11/2024,6/11/2024,6/17/2024,0.083146,,,
2024-09-25,iShares Morningstar Growth ETF,,ILCG,9/25/2024,9/25/2024,9/30/2024,0.140073,,,
2025-03-18,iShares Morningstar Growth ETF,,ILCG,3/18/2025,3/18/2025,3/21/2025,0.101490,,,
2025-06-16,iShares Morningstar Growth ETF,,ILCG,6/16/2025,6/16/2025,6/20/2025,0.097647,,,
2025-09-16,iShares Morningstar Growth ETF,,ILCG,9/16/2025,9/16/2025,9/19/2025,0.135876,,,
2022-03-24,iShares Morningstar Value ETF,,ILCV,3/25/2022,3/24/2022,3/30/2022,0.328107,,,
2022-06-09,iShares Morningstar Value ETF,,ILCV,6/10/2022,6/9/2022,6/15/2022,0.270027,,,
2022-09-26,iShares Morningstar Value ETF,,ILCV,9/27/2022,9/26/2022,9/30/2022,0.467339,,,
2023-03-23,iShares Morningstar Value ETF,,ILCV,3/24/2023,3/23/2023,3/29/2023,0.364562,,,
2023-06-07,iShares Morningstar Value ETF,,ILCV,6/8/2023,6/7/2023,6/13/2023,0.304689,,,
2023-09-26,iShares Morningstar Value ETF,,ILCV,9/27/2023,9/26/2023,10/2/2023,0.448405,,,
2024-03-21,iShares Morningstar Value ETF,,ILCV,3/22/2024,3/21/2024,3/27/2024,0.353172,,,
2024-06-11,iShares Morningstar Value ETF,,ILCV,6/11/2024,6/11/2024,6/17/2024,0.365731,,,
2024-09-25,iShares Morningstar Value ETF,,ILCV,9/25/2024,9/25/2024,9/30/2024,0.462759,,,
2025-03-18,iShares Morningstar Value ETF,,ILCV,3/18/2025,3/18/2025,3/21/2025,0.383266,,,
2025-06-16,iShares Morningstar Value ETF,,ILCV,6/16/2025,6/16/2025,6/20/2025,0.400798,,,
2025-09-16,iShares Morningstar Value ETF,,ILCV,9/16/2025,9/16/2025,9/19/2025,0.404089,,,
2022-06-09,iShares Latin America 40 ETF,,ILF,6/10/2022,6/9/2022,6/15/2022,1.132388,,,
2023-06-07,iShares Latin America 40 ETF,,ILF,6/8/2023,6/7/2023,6/13/2023,0.517343,,,
2024-06-11,iShares Latin America 40 ETF,,ILF,6/11/2024,6/11/2024,6/17/2024,0.715196,,,
2025-06-16,iShares Latin America 40 ETF,,ILF,6/16/2025,6/16/2025,6/20/2025,0.631133,,,
2024-06-11,iShares Lithium Miners and Producers ETF,,ILIT,6/11/2024,6/11/2024,6/17/2024,0.078736,,,
2025-06-16,iShares Lithium Miners and Producers ETF,,ILIT,6/16/2025,6/16/2025,6/20/2025,0.056478,,,
2022-02-01,iShares Core 10+ Year USD Bond ETF,,ILTB,2/2/2022,2/1/2022,2/7/2022,0.179458,,,
2022-03-01,iShares Core 10+ Year USD Bond ETF,,ILTB,3/2/2022,3/1/2022,3/7/2022,0.174818,,,
2022-04-01,iShares Core 10+ Year USD Bond ETF,,ILTB,4/4/2022,4/1/2022,4/7/2022,0.194139,,,
2022-05-02,iShares Core 10+ Year USD Bond ETF,,ILTB,5/3/2022,5/2/2022,5/6/2022,0.200849,,,
2022-06-01,iShares Core 10+ Year USD Bond ETF,,ILTB,6/2/2022,6/1/2022,6/7/2022,0.175799,,,
2022-07-01,iShares Core 10+ Year USD Bond ETF,,ILTB,7/5/2022,7/1/2022,7/8/2022,0.174734,,,
2022-08-01,iShares Core 10+ Year USD Bond ETF,,ILTB,8/2/2022,8/1/2022,8/5/2022,0.188282,,,
2022-09-01,iShares Core 10+ Year USD Bond ETF,,ILTB,9/2/2022,9/1/2022,9/8/2022,0.166029,,,
2022-10-03,iShares Core 10+ Year USD Bond ETF,,ILTB,10/4/2022,10/3/2022,10/7/2022,0.184814,,,
2022-11-01,iShares Core 10+ Year USD Bond ETF,,ILTB,11/2/2022,11/1/2022,11/7/2022,0.190271,,,
2023-02-01,iShares Core 10+ Year USD Bond ETF,,ILTB,2/2/2023,2/1/2023,2/7/2023,0.187204,,,
2023-03-01,iShares Core 10+ Year USD Bond ETF,,ILTB,3/2/2023,3/1/2023,3/7/2023,0.183935,,,
2023-04-03,iShares Core 10+ Year USD Bond ETF,,ILTB,4/4/2023,4/3/2023,4/7/2023,0.190848,,,
2023-05-01,iShares Core 10+ Year USD Bond ETF,,ILTB,5/2/2023,5/1/2023,5/5/2023,0.171996,,,
2023-06-01,iShares Core 10+ Year USD Bond ETF,,ILTB,6/2/2023,6/1/2023,6/7/2023,0.198456,,,
2023-07-03,iShares Core 10+ Year USD Bond ETF,,ILTB,7/5/2023,7/3/2023,7/10/2023,0.193666,,,
2023-08-01,iShares Core 10+ Year USD Bond ETF,,ILTB,8/2/2023,8/1/2023,8/7/2023,0.198973,,,
2023-09-01,iShares Core 10+ Year USD Bond ETF,,ILTB,9/5/2023,9/1/2023,9/8/2023,0.194169,,,
2023-10-02,iShares Core 10+ Year USD Bond ETF,,ILTB,10/3/2023,10/2/2023,10/6/2023,0.188161,,,
2023-11-01,iShares Core 10+ Year USD Bond ETF,,ILTB,11/2/2023,11/1/2023,11/7/2023,0.197667,,,
2024-02-01,iShares Core 10+ Year USD Bond ETF,,ILTB,2/2/2024,2/1/2024,2/7/2024,0.194944,,,
2024-03-01,iShares Core 10+ Year USD Bond ETF,,ILTB,3/4/2024,3/1/2024,3/7/2024,0.194297,,,
2024-04-01,iShares Core 10+ Year USD Bond ETF,,ILTB,4/2/2024,4/1/2024,4/5/2024,0.200905,,,
2024-05-01,iShares Core 10+ Year USD Bond ETF,,ILTB,5/2/2024,5/1/2024,5/7/2024,0.200226,,,
2024-06-03,iShares Core 10+ Year USD Bond ETF,,ILTB,6/3/2024,6/3/2024,6/7/2024,0.204325,,,
2024-07-01,iShares Core 10+ Year USD Bond ETF,,ILTB,7/1/2024,7/1/2024,7/5/2024,0.195405,,,
2024-08-01,iShares Core 10+ Year USD Bond ETF,,ILTB,8/1/2024,8/1/2024,8/6/2024,0.202741,,,
2024-09-03,iShares Core 10+ Year USD Bond ETF,,ILTB,9/3/2024,9/3/2024,9/6/2024,0.201310,,,
2024-10-01,iShares Core 10+ Year USD Bond ETF,,ILTB,10/1/2024,10/1/2024,10/4/2024,0.196478,,,
2024-11-01,iShares Core 10+ Year USD Bond ETF,,ILTB,11/1/2024,11/1/2024,11/6/2024,0.202119,,,
2025-02-03,iShares Core 10+ Year USD Bond ETF,,ILTB,2/3/2025,2/3/2025,2/6/2025,0.201579,,,
2025-03-03,iShares Core 10+ Year USD Bond ETF,,ILTB,3/3/2025,3/3/2025,3/6/2025,0.194632,,,
2025-04-01,iShares Core 10+ Year USD Bond ETF,,ILTB,4/1/2025,4/1/2025,4/4/2025,0.201735,,,
2025-05-01,iShares Core 10+ Year USD Bond ETF,,ILTB,5/1/2025,5/1/2025,5/6/2025,0.198081,,,
2025-06-02,iShares Core 10+ Year USD Bond ETF,,ILTB,6/2/2025,6/2/2025,6/5/2025,0.203610,,,
2025-07-01,iShares Core 10+ Year USD Bond ETF,,ILTB,7/1/2025,7/1/2025,7/7/2025,0.202760,,,
2025-08-01,iShares Core 10+ Year USD Bond ETF,,ILTB,8/1/2025,8/1/2025,8/6/2025,0.202742,,,
2025-09-02,iShares Core 10+ Year USD Bond ETF,,ILTB,9/2/2025,9/2/2025,9/5/2025,0.201477,,,
2025-10-01,iShares Core 10+ Year USD Bond ETF,,ILTB,10/1/2025,10/1/2025,10/6/2025,0.199959,,,
2025-11-03,iShares Core 10+ Year USD Bond ETF,,ILTB,11/3/2025,11/3/2025,11/6/2025,0.199798,,,
2022-03-24,iShares Morningstar Mid-Cap ETF,,IMCB,3/25/2022,3/24/2022,3/30/2022,0.216210,,,
2022-06-09,iShares Morningstar Mid-Cap ETF,,IMCB,6/10/2022,6/9/2022,6/15/2022,0.187186,,,
2022-09-26,iShares Morningstar Mid-Cap ETF,,IMCB,9/27/2022,9/26/2022,9/30/2022,0.294439,,,
2023-03-23,iShares Morningstar Mid-Cap ETF,,IMCB,3/24/2023,3/23/2023,3/29/2023,0.238831,,,
2023-06-07,iShares Morningstar Mid-Cap ETF,,IMCB,6/8/2023,6/7/2023,6/13/2023,0.186477,,,
2023-09-26,iShares Morningstar Mid-Cap ETF,,IMCB,9/27/2023,9/26/2023,10/2/2023,0.299055,,,
2024-03-21,iShares Morningstar Mid-Cap ETF,,IMCB,3/22/2024,3/21/2024,3/27/2024,0.238043,,,
2024-06-11,iShares Morningstar Mid-Cap ETF,,IMCB,6/11/2024,6/11/2024,6/17/2024,0.220502,,,
2024-09-25,iShares Morningstar Mid-Cap ETF,,IMCB,9/25/2024,9/25/2024,9/30/2024,0.316046,,,
2025-03-18,iShares Morningstar Mid-Cap ETF,,IMCB,3/18/2025,3/18/2025,3/21/2025,0.262785,,,
2025-06-16,iShares Morningstar Mid-Cap ETF,,IMCB,6/16/2025,6/16/2025,6/20/2025,0.257479,,,
2025-09-16,iShares Morningstar Mid-Cap ETF,,IMCB,9/16/2025,9/16/2025,9/19/2025,0.302210,,,
2022-03-24,iShares Morningstar Mid-Cap Growth ETF,,IMCG,3/25/2022,3/24/2022,3/30/2022,0.096327,,,
2022-06-09,iShares Morningstar Mid-Cap Growth ETF,,IMCG,6/10/2022,6/9/2022,6/15/2022,0.082104,,,
2022-09-26,iShares Morningstar Mid-Cap Growth ETF,,IMCG,9/27/2022,9/26/2022,9/30/2022,0.135421,,,
2023-03-23,iShares Morningstar Mid-Cap Growth ETF,,IMCG,3/24/2023,3/23/2023,3/29/2023,0.124345,,,
2023-06-07,iShares Morningstar Mid-Cap Growth ETF,,IMCG,6/8/2023,6/7/2023,6/13/2023,0.093681,,,
2023-09-26,iShares Morningstar Mid-Cap Growth ETF,,IMCG,9/27/2023,9/26/2023,10/2/2023,0.145464,,,
2024-03-21,iShares Morningstar Mid-Cap Growth ETF,,IMCG,3/22/2024,3/21/2024,3/27/2024,0.131590,,,
2024-06-11,iShares Morningstar Mid-Cap Growth ETF,,IMCG,6/11/2024,6/11/2024,6/17/2024,0.109347,,,
2024-09-25,iShares Morningstar Mid-Cap Growth ETF,,IMCG,9/25/2024,9/25/2024,9/30/2024,0.179565,,,
2025-03-18,iShares Morningstar Mid-Cap Growth ETF,,IMCG,3/18/2025,3/18/2025,3/21/2025,0.121173,,,
2025-06-16,iShares Morningstar Mid-Cap Growth ETF,,IMCG,6/16/2025,6/16/2025,6/20/2025,0.135391,,,
2025-09-16,iShares Morningstar Mid-Cap Growth ETF,,IMCG,9/16/2025,9/16/2025,9/19/2025,0.160651,,,
2022-03-24,iShares Morningstar Mid-Cap Value ETF,,IMCV,3/25/2022,3/24/2022,3/30/2022,0.330131,,,
2022-06-09,iShares Morningstar Mid-Cap Value ETF,,IMCV,6/10/2022,6/9/2022,6/15/2022,0.274660,,,
2022-09-26,iShares Morningstar Mid-Cap Value ETF,,IMCV,9/27/2022,9/26/2022,9/30/2022,0.415225,,,
2023-03-23,iShares Morningstar Mid-Cap Value ETF,,IMCV,3/24/2023,3/23/2023,3/29/2023,0.371801,,,
2023-06-07,iShares Morningstar Mid-Cap Value ETF,,IMCV,6/8/2023,6/7/2023,6/13/2023,0.277524,,,
2023-09-26,iShares Morningstar Mid-Cap Value ETF,,IMCV,9/27/2023,9/26/2023,10/2/2023,0.439819,,,
2024-03-21,iShares Morningstar Mid-Cap Value ETF,,IMCV,3/22/2024,3/21/2024,3/27/2024,0.326783,,,
2024-06-11,iShares Morningstar Mid-Cap Value ETF,,IMCV,6/11/2024,6/11/2024,6/17/2024,0.366804,,,
2024-09-25,iShares Morningstar Mid-Cap Value ETF,,IMCV,9/25/2024,9/25/2024,9/30/2024,0.545224,,,
2025-03-18,iShares Morningstar Mid-Cap Value ETF,,IMCV,3/18/2025,3/18/2025,3/21/2025,0.435343,,,
2025-06-16,iShares Morningstar Mid-Cap Value ETF,,IMCV,6/16/2025,6/16/2025,6/20/2025,0.438384,,,
2025-09-16,iShares Morningstar Mid-Cap Value ETF,,IMCV,9/16/2025,9/16/2025,9/19/2025,0.421150,,,
2022-02-01,iShares Core 5-10 Year USD Bond ETF,,IMTB,2/2/2022,2/1/2022,2/7/2022,0.080166,,,
2022-03-01,iShares Core 5-10 Year USD Bond ETF,,IMTB,3/2/2022,3/1/2022,3/7/2022,0.077329,,,
2022-04-01,iShares Core 5-10 Year USD Bond ETF,,IMTB,4/4/2022,4/1/2022,4/7/2022,0.084763,,,
2022-05-02,iShares Core 5-10 Year USD Bond ETF,,IMTB,5/3/2022,5/2/2022,5/6/2022,0.088906,,,
2022-06-01,iShares Core 5-10 Year USD Bond ETF,,IMTB,6/2/2022,6/1/2022,6/7/2022,0.092575,,,
2022-07-01,iShares Core 5-10 Year USD Bond ETF,,IMTB,7/5/2022,7/1/2022,7/8/2022,0.124855,,,
2022-08-01,iShares Core 5-10 Year USD Bond ETF,,IMTB,8/2/2022,8/1/2022,8/5/2022,0.117212,,,
2022-09-01,iShares Core 5-10 Year USD Bond ETF,,IMTB,9/2/2022,9/1/2022,9/8/2022,0.108089,,,
2022-10-03,iShares Core 5-10 Year USD Bond ETF,,IMTB,10/4/2022,10/3/2022,10/7/2022,0.112868,,,
2022-11-01,iShares Core 5-10 Year USD Bond ETF,,IMTB,11/2/2022,11/1/2022,11/7/2022,0.112273,,,
2023-02-01,iShares Core 5-10 Year USD Bond ETF,,IMTB,2/2/2023,2/1/2023,2/7/2023,0.138307,,,
2023-03-01,iShares Core 5-10 Year USD Bond ETF,,IMTB,3/2/2023,3/1/2023,3/7/2023,0.137788,,,
2023-04-03,iShares Core 5-10 Year USD Bond ETF,,IMTB,4/4/2023,4/3/2023,4/7/2023,0.144220,,,
2023-05-01,iShares Core 5-10 Year USD Bond ETF,,IMTB,5/2/2023,5/1/2023,5/5/2023,0.148292,,,
2023-06-01,iShares Core 5-10 Year USD Bond ETF,,IMTB,6/2/2023,6/1/2023,6/7/2023,0.152663,,,
2023-07-03,iShares Core 5-10 Year USD Bond ETF,,IMTB,7/5/2023,7/3/2023,7/10/2023,0.148332,,,
2023-08-01,iShares Core 5-10 Year USD Bond ETF,,IMTB,8/2/2023,8/1/2023,8/7/2023,0.146772,,,
2023-09-01,iShares Core 5-10 Year USD Bond ETF,,IMTB,9/5/2023,9/1/2023,9/8/2023,0.149594,,,
2023-10-02,iShares Core 5-10 Year USD Bond ETF,,IMTB,10/3/2023,10/2/2023,10/6/2023,0.156026,,,
2023-11-01,iShares Core 5-10 Year USD Bond ETF,,IMTB,11/2/2023,11/1/2023,11/7/2023,0.159908,,,
2024-02-01,iShares Core 5-10 Year USD Bond ETF,,IMTB,2/2/2024,2/1/2024,2/7/2024,0.152530,,,
2024-03-01,iShares Core 5-10 Year USD Bond ETF,,IMTB,3/4/2024,3/1/2024,3/7/2024,0.151097,,,
2024-04-01,iShares Core 5-10 Year USD Bond ETF,,IMTB,4/2/2024,4/1/2024,4/5/2024,0.155984,,,
2024-05-01,iShares Core 5-10 Year USD Bond ETF,,IMTB,5/2/2024,5/1/2024,5/7/2024,0.154916,,,
2024-06-03,iShares Core 5-10 Year USD Bond ETF,,IMTB,6/3/2024,6/3/2024,6/7/2024,0.146899,,,
2024-07-01,iShares Core 5-10 Year USD Bond ETF,,IMTB,7/1/2024,7/1/2024,7/5/2024,0.159191,,,
2024-08-01,iShares Core 5-10 Year USD Bond ETF,,IMTB,8/1/2024,8/1/2024,8/6/2024,0.158939,,,
2024-09-03,iShares Core 5-10 Year USD Bond ETF,,IMTB,9/3/2024,9/3/2024,9/6/2024,0.156648,,,
2024-10-01,iShares Core 5-10 Year USD Bond ETF,,IMTB,10/1/2024,10/1/2024,10/4/2024,0.159930,,,
2024-11-01,iShares Core 5-10 Year USD Bond ETF,,IMTB,11/1/2024,11/1/2024,11/6/2024,0.154559,,,
2025-02-03,iShares Core 5-10 Year USD Bond ETF,,IMTB,2/3/2025,2/3/2025,2/6/2025,0.165364,,,
2025-03-03,iShares Core 5-10 Year USD Bond ETF,,IMTB,3/3/2025,3/3/2025,3/6/2025,0.154305,,,
2025-04-01,iShares Core 5-10 Year USD Bond ETF,,IMTB,4/1/2025,4/1/2025,4/4/2025,0.158171,,,
2025-05-01,iShares Core 5-10 Year USD Bond ETF,,IMTB,5/1/2025,5/1/2025,5/6/2025,0.154248,,,
2025-06-02,iShares Core 5-10 Year USD Bond ETF,,IMTB,6/2/2025,6/2/2025,6/5/2025,0.162029,,,
2025-07-01,iShares Core 5-10 Year USD Bond ETF,,IMTB,7/1/2025,7/1/2025,7/7/2025,0.162685,,,
2025-08-01,iShares Core 5-10 Year USD Bond ETF,,IMTB,8/1/2025,8/1/2025,8/6/2025,0.167875,,,
2025-09-02,iShares Core 5-10 Year USD Bond ETF,,IMTB,9/2/2025,9/2/2025,9/5/2025,0.165454,,,
2025-10-01,iShares Core 5-10 Year USD Bond ETF,,IMTB,10/1/2025,10/1/2025,10/6/2025,0.162973,,,
2025-11-03,iShares Core 5-10 Year USD Bond ETF,,IMTB,11/3/2025,11/3/2025,11/6/2025,0.164843,,,
2022-06-09,iShares MSCI Intl Momentum Factor ETF,,IMTM,6/10/2022,6/9/2022,6/15/2022,0.531773,,,
2023-06-07,iShares MSCI Intl Momentum Factor ETF,,IMTM,6/8/2023,6/7/2023,6/13/2023,0.463434,,,
2024-06-11,iShares MSCI Intl Momentum Factor ETF,,IMTM,6/11/2024,6/11/2024,6/17/2024,0.542206,,,
2025-06-16,iShares MSCI Intl Momentum Factor ETF,,IMTM,6/16/2025,6/16/2025,6/20/2025,0.573655,,,
2023-06-07,iShares MSCI India ETF,,INDA,6/8/2023,6/7/2023,6/13/2023,,,,0.080071
2025-06-16,iShares MSCI India ETF,,INDA,6/16/2025,6/16/2025,6/20/2025,0.487861,,,
2023-06-07,iShares India 50 ETF,,INDY,6/8/2023,6/7/2023,6/13/2023,,,0.073600,
2024-06-11,iShares India 50 ETF,,INDY,6/11/2024,6/11/2024,6/17/2024,,,0.041841,
2022-02-01,BlackRock Intermediate Muni Income Bond ETF,,INMU,2/2/2022,2/1/2022,2/7/2022,0.000221,,,
2022-03-01,BlackRock Intermediate Muni Income Bond ETF,,INMU,3/2/2022,3/1/2022,3/7/2022,0.000247,,,
2022-04-01,BlackRock Intermediate Muni Income Bond ETF,,INMU,4/4/2022,4/1/2022,4/7/2022,0.000230,,,
2022-05-02,BlackRock Intermediate Muni Income Bond ETF,,INMU,5/3/2022,5/2/2022,5/6/2022,0.000253,,,
2022-06-01,BlackRock Intermediate Muni Income Bond ETF,,INMU,6/2/2022,6/1/2022,6/7/2022,0.000255,,,
2022-07-01,BlackRock Intermediate Muni Income Bond ETF,,INMU,7/5/2022,7/1/2022,7/8/2022,0.000207,,,
2022-08-01,BlackRock Intermediate Muni Income Bond ETF,,INMU,8/2/2022,8/1/2022,8/5/2022,0.000402,,,
2022-09-01,BlackRock Intermediate Muni Income Bond ETF,,INMU,9/2/2022,9/1/2022,9/8/2022,0.000472,,,
2022-10-03,BlackRock Intermediate Muni Income Bond ETF,,INMU,10/4/2022,10/3/2022,10/7/2022,0.000478,,,
2022-11-01,BlackRock Intermediate Muni Income Bond ETF,,INMU,11/2/2022,11/1/2022,11/7/2022,0.000488,,,
2023-02-01,BlackRock Intermediate Muni Income Bond ETF,,INMU,2/2/2023,2/1/2023,2/7/2023,0.001487,,,
2023-03-01,BlackRock Intermediate Muni Income Bond ETF,,INMU,3/2/2023,3/1/2023,3/7/2023,0.001243,,,
2023-04-03,BlackRock Intermediate Muni Income Bond ETF,,INMU,4/4/2023,4/3/2023,4/7/2023,0.001202,,,
2023-05-01,BlackRock Intermediate Muni Income Bond ETF,,INMU,5/2/2023,5/1/2023,5/5/2023,0.001188,,,
2023-06-01,BlackRock Intermediate Muni Income Bond ETF,,INMU,6/2/2023,6/1/2023,6/7/2023,0.001225,,,
2023-07-03,BlackRock Intermediate Muni Income Bond ETF,,INMU,7/5/2023,7/3/2023,7/10/2023,0.001308,,,
2023-08-01,BlackRock Intermediate Muni Income Bond ETF,,INMU,8/2/2023,8/1/2023,8/7/2023,0.000819,,,
2023-09-01,BlackRock Intermediate Muni Income Bond ETF,,INMU,9/5/2023,9/1/2023,9/8/2023,0.000927,,,
2023-10-02,BlackRock Intermediate Muni Income Bond ETF,,INMU,10/3/2023,10/2/2023,10/6/2023,0.000851,,,
2023-11-01,BlackRock Intermediate Muni Income Bond ETF,,INMU,11/2/2023,11/1/2023,11/7/2023,0.000839,,,
2024-02-01,BlackRock Intermediate Muni Income Bond ETF,,INMU,2/2/2024,2/1/2024,2/7/2024,0.001413,,,
2024-03-01,BlackRock Intermediate Muni Income Bond ETF,,INMU,3/4/2024,3/1/2024,3/7/2024,0.001464,,,
2024-04-01,BlackRock Intermediate Muni Income Bond ETF,,INMU,4/2/2024,4/1/2024,4/5/2024,0.001631,,,
2024-05-01,BlackRock Intermediate Muni Income Bond ETF,,INMU,5/2/2024,5/1/2024,5/7/2024,0.001531,,,
2024-06-03,BlackRock Intermediate Muni Income Bond ETF,,INMU,6/3/2024,6/3/2024,6/7/2024,0.001331,,,
2024-07-01,BlackRock Intermediate Muni Income Bond ETF,,INMU,7/1/2024,7/1/2024,7/5/2024,0.001592,,,
2024-08-01,BlackRock Intermediate Muni Income Bond ETF,,INMU,8/1/2024,8/1/2024,8/6/2024,0.000923,,,
2024-09-03,BlackRock Intermediate Muni Income Bond ETF,,INMU,9/3/2024,9/3/2024,9/6/2024,0.000832,,,
2024-10-01,BlackRock Intermediate Muni Income Bond ETF,,INMU,10/1/2024,10/1/2024,10/4/2024,0.000890,,,
2024-11-01,BlackRock Intermediate Muni Income Bond ETF,,INMU,11/1/2024,11/1/2024,11/6/2024,0.000854,,,
2025-02-03,BlackRock Intermediate Muni Income Bond ETF,,INMU,2/3/2025,2/3/2025,2/6/2025,0.000684,,,
2025-03-03,BlackRock Intermediate Muni Income Bond ETF,,INMU,3/3/2025,3/3/2025,3/6/2025,0.000713,,,
2025-04-01,BlackRock Intermediate Muni Income Bond ETF,,INMU,4/1/2025,4/1/2025,4/4/2025,0.000731,,,
2025-05-01,BlackRock Intermediate Muni Income Bond ETF,,INMU,5/1/2025,5/1/2025,5/6/2025,0.000645,,,
2025-06-02,BlackRock Intermediate Muni Income Bond ETF,,INMU,6/2/2025,6/2/2025,6/5/2025,0.000731,,,
2025-07-01,BlackRock Intermediate Muni Income Bond ETF,,INMU,7/1/2025,7/1/2025,7/7/2025,0.000669,,,
2025-08-01,BlackRock Intermediate Muni Income Bond ETF,,INMU,8/1/2025,8/1/2025,8/6/2025,0.000211,,,
2025-09-02,BlackRock Intermediate Muni Income Bond ETF,,INMU,9/2/2025,9/2/2025,9/5/2025,0.000210,,,
2025-10-01,BlackRock Intermediate Muni Income Bond ETF,,INMU,10/1/2025,10/1/2025,10/6/2025,0.000209,,,
2025-11-03,BlackRock Intermediate Muni Income Bond ETF,,INMU,11/3/2025,11/3/2025,11/6/2025,0.000212,,,
2024-06-11,iShares U.S. Industry Rotation Active ETF,,INRO,6/11/2024,6/11/2024,6/17/2024,0.034262,,,
2024-09-25,iShares U.S. Industry Rotation Active ETF,,INRO,9/25/2024,9/25/2024,9/30/2024,0.037390,,,
2025-03-18,iShares U.S. Industry Rotation Active ETF,,INRO,3/18/2025,3/18/2025,3/21/2025,0.040095,,,
2025-06-16,iShares U.S. Industry Rotation Active ETF,,INRO,6/16/2025,6/16/2025,6/20/2025,0.058410,,,
2025-09-16,iShares U.S. Industry Rotation Active ETF,,INRO,9/16/2025,9/16/2025,9/19/2025,0.055788,,,
2022-06-09,iShares MSCI Intl Multifactor ETF,,INTF,6/10/2022,6/9/2022,6/15/2022,0.595510,,,
2023-06-07,iShares MSCI Intl Multifactor ETF,,INTF,6/8/2023,6/7/2023,6/13/2023,0.593267,,,
2024-06-11,iShares MSCI Intl Multifactor ETF,,INTF,6/11/2024,6/11/2024,6/17/2024,0.616193,,,
2025-06-16,iShares MSCI Intl Multifactor ETF,,INTF,6/16/2025,6/16/2025,6/20/2025,0.584295,,,
2022-06-09,iShares Global 100 ETF,,IOO,6/10/2022,6/9/2022,6/15/2022,0.780112,,,
2023-06-07,iShares Global 100 ETF,,IOO,6/8/2023,6/7/2023,6/13/2023,0.764767,,,
2024-06-11,iShares Global 100 ETF,,IOO,6/11/2024,6/11/2024,6/17/2024,0.650431,,,
2025-06-16,iShares Global 100 ETF,,IOO,6/16/2025,6/16/2025,6/20/2025,0.714843,,,
2022-06-09,iShares Core MSCI Pacific ETF,,IPAC,6/10/2022,6/9/2022,6/15/2022,1.005887,,,
2023-06-07,iShares Core MSCI Pacific ETF,,IPAC,6/8/2023,6/7/2023,6/13/2023,0.818248,,,
2024-06-11,iShares Core MSCI Pacific ETF,,IPAC,6/11/2024,6/11/2024,6/17/2024,0.842380,,,
2025-06-16,iShares Core MSCI Pacific ETF,,IPAC,6/16/2025,6/16/2025,6/20/2025,0.883964,,,
2022-06-09,iShares MSCI Intl Quality Factor ETF,,IQLT,6/10/2022,6/9/2022,6/15/2022,0.769631,,,
2023-06-07,iShares MSCI Intl Quality Factor ETF,,IQLT,6/8/2023,6/7/2023,6/13/2023,0.529978,,,
2024-06-11,iShares MSCI Intl Quality Factor ETF,,IQLT,6/11/2024,6/11/2024,6/17/2024,0.673588,,,
2025-06-16,iShares MSCI Intl Quality Factor ETF,,IQLT,6/16/2025,6/16/2025,6/20/2025,0.646333,,,
2022-06-09,iShares Robotics and Artificial Intelligence Multisector ETF,,IRBO,6/10/2022,6/9/2022,6/15/2022,0.134636,,,
2023-06-07,iShares Robotics and Artificial Intelligence Multisector ETF,,IRBO,6/8/2023,6/7/2023,6/13/2023,0.152599,,,
2022-03-24,iShares Morningstar Small-Cap ETF,,ISCB,3/25/2022,3/24/2022,3/30/2022,0.147347,,,
2022-06-09,iShares Morningstar Small-Cap ETF,,ISCB,6/10/2022,6/9/2022,6/15/2022,0.131927,,,
2022-09-26,iShares Morningstar Small-Cap ETF,,ISCB,9/27/2022,9/26/2022,9/30/2022,0.226285,,,
2023-03-23,iShares Morningstar Small-Cap ETF,,ISCB,3/24/2023,3/23/2023,3/29/2023,0.189434,,,
2023-06-07,iShares Morningstar Small-Cap ETF,,ISCB,6/8/2023,6/7/2023,6/13/2023,0.157357,,,
2023-09-26,iShares Morningstar Small-Cap ETF,,ISCB,9/27/2023,9/26/2023,10/2/2023,0.235836,,,
2024-03-21,iShares Morningstar Small-Cap ETF,,ISCB,3/22/2024,3/21/2024,3/27/2024,0.147802,,,
2024-06-11,iShares Morningstar Small-Cap ETF,,ISCB,6/11/2024,6/11/2024,6/17/2024,0.154116,,,
2024-09-25,iShares Morningstar Small-Cap ETF,,ISCB,9/25/2024,9/25/2024,9/30/2024,0.224777,,,
2025-03-18,iShares Morningstar Small-Cap ETF,,ISCB,3/18/2025,3/18/2025,3/21/2025,0.161817,,,
2025-06-16,iShares Morningstar Small-Cap ETF,,ISCB,6/16/2025,6/16/2025,6/20/2025,0.187532,,,
2025-09-16,iShares Morningstar Small-Cap ETF,,ISCB,9/16/2025,9/16/2025,9/19/2025,0.230197,,,
2022-06-09,iShares MSCI Intl Small-Cap Multifactor ETF,,ISCF,6/10/2022,6/9/2022,6/15/2022,0.531871,,,
2023-06-07,iShares MSCI Intl Small-Cap Multifactor ETF,,ISCF,6/8/2023,6/7/2023,6/13/2023,0.577246,,,
2024-06-11,iShares MSCI Intl Small-Cap Multifactor ETF,,ISCF,6/11/2024,6/11/2024,6/17/2024,0.614510,,,
2025-06-16,iShares MSCI Intl Small-Cap Multifactor ETF,,ISCF,6/16/2025,6/16/2025,6/20/2025,0.812591,,,
2022-03-24,iShares Morningstar Small-Cap Growth ETF,,ISCG,3/25/2022,3/24/2022,3/30/2022,0.041048,,,
2022-06-09,iShares Morningstar Small-Cap Growth ETF,,ISCG,6/10/2022,6/9/2022,6/15/2022,0.056294,,,
2022-09-26,iShares Morningstar Small-Cap Growth ETF,,ISCG,9/27/2022,9/26/2022,9/30/2022,0.118798,,,
2023-03-23,iShares Morningstar Small-Cap Growth ETF,,ISCG,3/24/2023,3/23/2023,3/29/2023,0.078611,,,
2023-06-07,iShares Morningstar Small-Cap Growth ETF,,ISCG,6/8/2023,6/7/2023,6/13/2023,0.072117,,,
2023-09-26,iShares Morningstar Small-Cap Growth ETF,,ISCG,9/27/2023,9/26/2023,10/2/2023,0.103105,,,
2024-03-21,iShares Morningstar Small-Cap Growth ETF,,ISCG,3/22/2024,3/21/2024,3/27/2024,0.058718,,,
2024-06-11,iShares Morningstar Small-Cap Growth ETF,,ISCG,6/11/2024,6/11/2024,6/17/2024,0.057638,,,
2024-09-25,iShares Morningstar Small-Cap Growth ETF,,ISCG,9/25/2024,9/25/2024,9/30/2024,0.087316,,,
2025-03-18,iShares Morningstar Small-Cap Growth ETF,,ISCG,3/18/2025,3/18/2025,3/21/2025,0.065831,,,
2025-06-16,iShares Morningstar Small-Cap Growth ETF,,ISCG,6/16/2025,6/16/2025,6/20/2025,0.079732,,,
2025-09-16,iShares Morningstar Small-Cap Growth ETF,,ISCG,9/16/2025,9/16/2025,9/19/2025,0.086683,,,
2022-03-24,iShares Morningstar Small-Cap Value ETF,,ISCV,3/25/2022,3/24/2022,3/30/2022,0.220532,,,
2022-06-09,iShares Morningstar Small-Cap Value ETF,,ISCV,6/10/2022,6/9/2022,6/15/2022,0.208317,,,
2022-09-26,iShares Morningstar Small-Cap Value ETF,,ISCV,9/27/2022,9/26/2022,9/30/2022,0.341535,,,
2023-03-23,iShares Morningstar Small-Cap Value ETF,,ISCV,3/24/2023,3/23/2023,3/29/2023,0.295927,,,
2023-06-07,iShares Morningstar Small-Cap Value ETF,,ISCV,6/8/2023,6/7/2023,6/13/2023,0.268855,,,
2023-09-26,iShares Morningstar Small-Cap Value ETF,,ISCV,9/27/2023,9/26/2023,10/2/2023,0.374013,,,
2024-03-21,iShares Morningstar Small-Cap Value ETF,,ISCV,3/22/2024,3/21/2024,3/27/2024,0.255582,,,
2024-06-11,iShares Morningstar Small-Cap Value ETF,,ISCV,6/11/2024,6/11/2024,6/17/2024,0.262431,,,
2024-09-25,iShares Morningstar Small-Cap Value ETF,,ISCV,9/25/2024,9/25/2024,9/30/2024,0.377582,,,
2025-03-18,iShares Morningstar Small-Cap Value ETF,,ISCV,3/18/2025,3/18/2025,3/21/2025,0.254170,,,
2025-06-16,iShares Morningstar Small-Cap Value ETF,,ISCV,6/16/2025,6/16/2025,6/20/2025,0.296771,,,
2025-09-16,iShares Morningstar Small-Cap Value ETF,,ISCV,9/16/2025,9/16/2025,9/19/2025,0.360347,,,
2022-02-01,iShares Core 1-5 Year USD Bond ETF,,ISTB,2/2/2022,2/1/2022,2/7/2022,0.064141,,,
2022-03-01,iShares Core 1-5 Year USD Bond ETF,,ISTB,3/2/2022,3/1/2022,3/7/2022,0.059773,,,
2022-04-01,iShares Core 1-5 Year USD Bond ETF,,ISTB,4/4/2022,4/1/2022,4/7/2022,0.065624,,,
2022-05-02,iShares Core 1-5 Year USD Bond ETF,,ISTB,5/3/2022,5/2/2022,5/6/2022,0.067701,,,
2022-06-01,iShares Core 1-5 Year USD Bond ETF,,ISTB,6/2/2022,6/1/2022,6/7/2022,0.072549,,,
2022-07-01,iShares Core 1-5 Year USD Bond ETF,,ISTB,7/5/2022,7/1/2022,7/8/2022,0.074533,,,
2022-08-01,iShares Core 1-5 Year USD Bond ETF,,ISTB,8/2/2022,8/1/2022,8/5/2022,0.076468,,,
2022-09-01,iShares Core 1-5 Year USD Bond ETF,,ISTB,9/2/2022,9/1/2022,9/8/2022,0.080273,,,
2022-10-03,iShares Core 1-5 Year USD Bond ETF,,ISTB,10/4/2022,10/3/2022,10/7/2022,0.087044,,,
2022-11-01,iShares Core 1-5 Year USD Bond ETF,,ISTB,11/2/2022,11/1/2022,11/7/2022,0.094376,,,
2023-02-01,iShares Core 1-5 Year USD Bond ETF,,ISTB,2/2/2023,2/1/2023,2/7/2023,0.103076,,,
2023-03-01,iShares Core 1-5 Year USD Bond ETF,,ISTB,3/2/2023,3/1/2023,3/7/2023,0.101813,,,
2023-04-03,iShares Core 1-5 Year USD Bond ETF,,ISTB,4/4/2023,4/3/2023,4/7/2023,0.106541,,,
2023-05-01,iShares Core 1-5 Year USD Bond ETF,,ISTB,5/2/2023,5/1/2023,5/5/2023,0.108685,,,
2023-06-01,iShares Core 1-5 Year USD Bond ETF,,ISTB,6/2/2023,6/1/2023,6/7/2023,0.112343,,,
2023-07-03,iShares Core 1-5 Year USD Bond ETF,,ISTB,7/5/2023,7/3/2023,7/10/2023,0.116062,,,
2023-08-01,iShares Core 1-5 Year USD Bond ETF,,ISTB,8/2/2023,8/1/2023,8/7/2023,0.115930,,,
2023-09-01,iShares Core 1-5 Year USD Bond ETF,,ISTB,9/5/2023,9/1/2023,9/8/2023,0.115300,,,
2023-10-02,iShares Core 1-5 Year USD Bond ETF,,ISTB,10/3/2023,10/2/2023,10/6/2023,0.124486,,,
2023-11-01,iShares Core 1-5 Year USD Bond ETF,,ISTB,11/2/2023,11/1/2023,11/7/2023,0.130265,,,
2024-02-01,iShares Core 1-5 Year USD Bond ETF,,ISTB,2/2/2024,2/1/2024,2/7/2024,0.139843,,,
2024-03-01,iShares Core 1-5 Year USD Bond ETF,,ISTB,3/4/2024,3/1/2024,3/7/2024,0.140350,,,
2024-04-01,iShares Core 1-5 Year USD Bond ETF,,ISTB,4/2/2024,4/1/2024,4/5/2024,0.150444,,,
2024-05-01,iShares Core 1-5 Year USD Bond ETF,,ISTB,5/2/2024,5/1/2024,5/7/2024,0.146216,,,
2024-06-03,iShares Core 1-5 Year USD Bond ETF,,ISTB,6/3/2024,6/3/2024,6/7/2024,0.149745,,,
2024-07-01,iShares Core 1-5 Year USD Bond ETF,,ISTB,7/1/2024,7/1/2024,7/5/2024,0.150788,,,
2024-08-01,iShares Core 1-5 Year USD Bond ETF,,ISTB,8/1/2024,8/1/2024,8/6/2024,0.154944,,,
2024-09-03,iShares Core 1-5 Year USD Bond ETF,,ISTB,9/3/2024,9/3/2024,9/6/2024,0.159808,,,
2024-10-01,iShares Core 1-5 Year USD Bond ETF,,ISTB,10/1/2024,10/1/2024,10/4/2024,0.157782,,,
2024-11-01,iShares Core 1-5 Year USD Bond ETF,,ISTB,11/1/2024,11/1/2024,11/6/2024,0.159381,,,
2025-02-03,iShares Core 1-5 Year USD Bond ETF,,ISTB,2/3/2025,2/3/2025,2/6/2025,0.163154,,,
2025-03-03,iShares Core 1-5 Year USD Bond ETF,,ISTB,3/3/2025,3/3/2025,3/6/2025,0.156778,,,
2025-04-01,iShares Core 1-5 Year USD Bond ETF,,ISTB,4/1/2025,4/1/2025,4/4/2025,0.165987,,,
2025-05-01,iShares Core 1-5 Year USD Bond ETF,,ISTB,5/1/2025,5/1/2025,5/6/2025,0.163818,,,
2025-06-02,iShares Core 1-5 Year USD Bond ETF,,ISTB,6/2/2025,6/2/2025,6/5/2025,0.170513,,,
2025-07-01,iShares Core 1-5 Year USD Bond ETF,,ISTB,7/1/2025,7/1/2025,7/7/2025,0.168099,,,
2025-08-01,iShares Core 1-5 Year USD Bond ETF,,ISTB,8/1/2025,8/1/2025,8/6/2025,0.170015,,,
2025-09-02,iShares Core 1-5 Year USD Bond ETF,,ISTB,9/2/2025,9/2/2025,9/5/2025,0.170936,,,
2025-10-01,iShares Core 1-5 Year USD Bond ETF,,ISTB,10/1/2025,10/1/2025,10/6/2025,0.167954,,,
2025-11-03,iShares Core 1-5 Year USD Bond ETF,,ISTB,11/3/2025,11/3/2025,11/6/2025,0.171984,,,
2022-06-09,iShares International Developed Small Cap Value Factor ETF,,ISVL,6/10/2022,6/9/2022,6/15/2022,0.573749,,,
2023-06-07,iShares International Developed Small Cap Value Factor ETF,,ISVL,6/8/2023,6/7/2023,6/13/2023,0.723650,,,
2024-06-11,iShares International Developed Small Cap Value Factor ETF,,ISVL,6/11/2024,6/11/2024,6/17/2024,0.675672,,,
2025-06-16,iShares International Developed Small Cap Value Factor ETF,,ISVL,6/16/2025,6/16/2025,6/20/2025,0.937464,,,
2022-06-09,iShares MSCI Intl Size Factor ETF,,ISZE,6/10/2022,6/9/2022,6/15/2022,0.566044,,,
2023-06-07,iShares MSCI Intl Size Factor ETF,,ISZE,6/8/2023,6/7/2023,6/13/2023,0.680311,,,
2022-03-24,iShares U.S. Aerospace & Defense ETF,,ITA,3/25/2022,3/24/2022,3/30/2022,0.160000,,,
2022-06-09,iShares U.S. Aerospace & Defense ETF,,ITA,6/10/2022,6/9/2022,6/15/2022,0.278399,,,
2022-09-26,iShares U.S. Aerospace & Defense ETF,,ITA,9/27/2022,9/26/2022,9/30/2022,0.382224,,,
2023-03-23,iShares U.S. Aerospace & Defense ETF,,ITA,3/24/2023,3/23/2023,3/29/2023,0.279606,,,
2023-06-07,iShares U.S. Aerospace & Defense ETF,,ITA,6/8/2023,6/7/2023,6/13/2023,0.236849,,,
2023-09-26,iShares U.S. Aerospace & Defense ETF,,ITA,9/27/2023,9/26/2023,10/2/2023,0.224638,,,
2024-03-21,iShares U.S. Aerospace & Defense ETF,,ITA,3/22/2024,3/21/2024,3/27/2024,0.266126,,,
2024-06-11,iShares U.S. Aerospace & Defense ETF,,ITA,6/11/2024,6/11/2024,6/17/2024,0.298900,,,
2024-09-25,iShares U.S. Aerospace & Defense ETF,,ITA,9/25/2024,9/25/2024,9/30/2024,0.227308,,,
2025-03-18,iShares U.S. Aerospace & Defense ETF,,ITA,3/18/2025,3/18/2025,3/21/2025,0.253263,,,
2025-06-16,iShares U.S. Aerospace & Defense ETF,,ITA,6/16/2025,6/16/2025,6/20/2025,0.172017,,,
2022-03-24,iShares U.S. Home Construction ETF,,ITB,3/25/2022,3/24/2022,3/30/2022,0.147888,,,
2022-06-09,iShares U.S. Home Construction ETF,,ITB,6/10/2022,6/9/2022,6/15/2022,0.101634,,,
2022-09-26,iShares U.S. Home Construction ETF,,ITB,9/27/2022,9/26/2022,9/30/2022,0.148850,,,
2023-03-23,iShares U.S. Home Construction ETF,,ITB,3/24/2023,3/23/2023,3/29/2023,0.140118,,,
2023-06-07,iShares U.S. Home Construction ETF,,ITB,6/8/2023,6/7/2023,6/13/2023,0.099455,,,
2023-09-26,iShares U.S. Home Construction ETF,,ITB,9/27/2023,9/26/2023,10/2/2023,0.150505,,,
2024-03-21,iShares U.S. Home Construction ETF,,ITB,3/22/2024,3/21/2024,3/27/2024,0.143483,,,
2024-06-11,iShares U.S. Home Construction ETF,,ITB,6/11/2024,6/11/2024,6/17/2024,0.093730,,,
2024-09-25,iShares U.S. Home Construction ETF,,ITB,9/25/2024,9/25/2024,9/30/2024,0.119887,,,
2025-03-18,iShares U.S. Home Construction ETF,,ITB,3/18/2025,3/18/2025,3/21/2025,0.656679,,,
2025-06-16,iShares U.S. Home Construction ETF,,ITB,6/16/2025,6/16/2025,6/20/2025,0.652387,,,
2025-09-16,iShares U.S. Home Construction ETF,,ITB,9/16/2025,9/16/2025,9/19/2025,0.133914,,,
2022-03-24,iShares Core S&P Total U.S. Stock Market ETF,,ITOT,3/25/2022,3/24/2022,3/30/2022,0.324662,,,
2022-06-09,iShares Core S&P Total U.S. Stock Market ETF,,ITOT,6/10/2022,6/9/2022,6/15/2022,0.272923,,,
2022-09-26,iShares Core S&P Total U.S. Stock Market ETF,,ITOT,9/27/2022,9/26/2022,9/30/2022,0.405015,,,
2023-03-23,iShares Core S&P Total U.S. Stock Market ETF,,ITOT,3/24/2023,3/23/2023,3/29/2023,0.351555,,,
2023-06-07,iShares Core S&P Total U.S. Stock Market ETF,,ITOT,6/8/2023,6/7/2023,6/13/2023,0.282666,,,
2023-09-26,iShares Core S&P Total U.S. Stock Market ETF,,ITOT,9/27/2023,9/26/2023,10/2/2023,0.442990,,,
2024-03-21,iShares Core S&P Total U.S. Stock Market ETF,,ITOT,3/22/2024,3/21/2024,3/27/2024,0.308148,,,
2024-06-11,iShares Core S&P Total U.S. Stock Market ETF,,ITOT,6/11/2024,6/11/2024,6/17/2024,0.335834,,,
2024-09-25,iShares Core S&P Total U.S. Stock Market ETF,,ITOT,9/25/2024,9/25/2024,9/30/2024,0.465562,,,
2025-03-18,iShares Core S&P Total U.S. Stock Market ETF,,ITOT,3/18/2025,3/18/2025,3/21/2025,0.358303,,,
2025-06-16,iShares Core S&P Total U.S. Stock Market ETF,,ITOT,6/16/2025,6/16/2025,6/20/2025,0.385699,,,
2025-09-16,iShares Core S&P Total U.S. Stock Market ETF,,ITOT,9/16/2025,9/16/2025,9/19/2025,0.413761,,,
2022-02-01,iShares Core Total USD Bond Market ETF,,IUSB,2/2/2022,2/1/2022,2/7/2022,0.073305,,,
2022-03-01,iShares Core Total USD Bond Market ETF,,IUSB,3/2/2022,3/1/2022,3/7/2022,0.074034,,,
2022-04-01,iShares Core Total USD Bond Market ETF,,IUSB,4/4/2022,4/1/2022,4/7/2022,0.089058,,,
2022-05-02,iShares Core Total USD Bond Market ETF,,IUSB,5/3/2022,5/2/2022,5/6/2022,0.090195,,,
2022-06-01,iShares Core Total USD Bond Market ETF,,IUSB,6/2/2022,6/1/2022,6/7/2022,0.091827,,,
2022-07-01,iShares Core Total USD Bond Market ETF,,IUSB,7/5/2022,7/1/2022,7/8/2022,0.085688,,,
2022-08-01,iShares Core Total USD Bond Market ETF,,IUSB,8/2/2022,8/1/2022,8/5/2022,0.097424,,,
2022-09-01,iShares Core Total USD Bond Market ETF,,IUSB,9/2/2022,9/1/2022,9/8/2022,0.099366,,,
2022-10-03,iShares Core Total USD Bond Market ETF,,IUSB,10/4/2022,10/3/2022,10/7/2022,0.102371,,,
2022-11-01,iShares Core Total USD Bond Market ETF,,IUSB,11/2/2022,11/1/2022,11/7/2022,0.100854,,,
2023-02-01,iShares Core Total USD Bond Market ETF,,IUSB,2/2/2023,2/1/2023,2/7/2023,0.122172,,,
2023-03-01,iShares Core Total USD Bond Market ETF,,IUSB,3/2/2023,3/1/2023,3/7/2023,0.122455,,,
2023-04-03,iShares Core Total USD Bond Market ETF,,IUSB,4/4/2023,4/3/2023,4/7/2023,0.124541,,,
2023-05-01,iShares Core Total USD Bond Market ETF,,IUSB,5/2/2023,5/1/2023,5/5/2023,0.128681,,,
2023-06-01,iShares Core Total USD Bond Market ETF,,IUSB,6/2/2023,6/1/2023,6/7/2023,0.135967,,,
2023-07-03,iShares Core Total USD Bond Market ETF,,IUSB,7/5/2023,7/3/2023,7/10/2023,0.134173,,,
2023-08-01,iShares Core Total USD Bond Market ETF,,IUSB,8/2/2023,8/1/2023,8/7/2023,0.135578,,,
2023-09-01,iShares Core Total USD Bond Market ETF,,IUSB,9/5/2023,9/1/2023,9/8/2023,0.129814,,,
2023-10-02,iShares Core Total USD Bond Market ETF,,IUSB,10/3/2023,10/2/2023,10/6/2023,0.133635,,,
2023-11-01,iShares Core Total USD Bond Market ETF,,IUSB,11/2/2023,11/1/2023,11/7/2023,0.140256,,,
2024-02-01,iShares Core Total USD Bond Market ETF,,IUSB,2/2/2024,2/1/2024,2/7/2024,0.130208,,,
2024-03-01,iShares Core Total USD Bond Market ETF,,IUSB,3/4/2024,3/1/2024,3/7/2024,0.146330,,,
2024-04-01,iShares Core Total USD Bond Market ETF,,IUSB,4/2/2024,4/1/2024,4/5/2024,0.150290,,,
2024-05-01,iShares Core Total USD Bond Market ETF,,IUSB,5/2/2024,5/1/2024,5/7/2024,0.149781,,,
2024-06-03,iShares Core Total USD Bond Market ETF,,IUSB,6/3/2024,6/3/2024,6/7/2024,0.149532,,,
2024-07-01,iShares Core Total USD Bond Market ETF,,IUSB,7/1/2024,7/1/2024,7/5/2024,0.151955,,,
2024-08-01,iShares Core Total USD Bond Market ETF,,IUSB,8/1/2024,8/1/2024,8/6/2024,0.156785,,,
2024-09-03,iShares Core Total USD Bond Market ETF,,IUSB,9/3/2024,9/3/2024,9/6/2024,0.156937,,,
2024-10-01,iShares Core Total USD Bond Market ETF,,IUSB,10/1/2024,10/1/2024,10/4/2024,0.154607,,,
2024-11-01,iShares Core Total USD Bond Market ETF,,IUSB,11/1/2024,11/1/2024,11/6/2024,0.157693,,,
2025-02-03,iShares Core Total USD Bond Market ETF,,IUSB,2/3/2025,2/3/2025,2/6/2025,0.154157,,,
2025-03-03,iShares Core Total USD Bond Market ETF,,IUSB,3/3/2025,3/3/2025,3/6/2025,0.155319,,,
2025-04-01,iShares Core Total USD Bond Market ETF,,IUSB,4/1/2025,4/1/2025,4/4/2025,0.162022,,,
2025-05-01,iShares Core Total USD Bond Market ETF,,IUSB,5/1/2025,5/1/2025,5/6/2025,0.161173,,,
2025-06-02,iShares Core Total USD Bond Market ETF,,IUSB,6/2/2025,6/2/2025,6/5/2025,0.165147,,,
2025-07-01,iShares Core Total USD Bond Market ETF,,IUSB,7/1/2025,7/1/2025,7/7/2025,0.161435,,,
2025-08-01,iShares Core Total USD Bond Market ETF,,IUSB,8/1/2025,8/1/2025,8/6/2025,0.165742,,,
2025-09-02,iShares Core Total USD Bond Market ETF,,IUSB,9/2/2025,9/2/2025,9/5/2025,0.163627,,,
2025-10-01,iShares Core Total USD Bond Market ETF,,IUSB,10/1/2025,10/1/2025,10/6/2025,0.166848,,,
2025-11-03,iShares Core Total USD Bond Market ETF,,IUSB,11/3/2025,11/3/2025,11/6/2025,0.164315,,,
2022-03-24,iShares Core S&P U.S. Growth ETF,,IUSG,3/25/2022,3/24/2022,3/30/2022,0.199645,,,
2022-06-09,iShares Core S&P U.S. Growth ETF,,IUSG,6/10/2022,6/9/2022,6/15/2022,0.168585,,,
2022-09-26,iShares Core S&P U.S. Growth ETF,,IUSG,9/27/2022,9/26/2022,9/30/2022,0.252119,,,
2023-03-23,iShares Core S&P U.S. Growth ETF,,IUSG,3/24/2023,3/23/2023,3/29/2023,0.270789,,,
2023-06-07,iShares Core S&P U.S. Growth ETF,,IUSG,6/8/2023,6/7/2023,6/13/2023,0.219709,,,
2023-09-26,iShares Core S&P U.S. Growth ETF,,IUSG,9/27/2023,9/26/2023,10/2/2023,0.349571,,,
2024-03-21,iShares Core S&P U.S. Growth ETF,,IUSG,3/22/2024,3/21/2024,3/27/2024,0.166652,,,
2024-06-11,iShares Core S&P U.S. Growth ETF,,IUSG,6/11/2024,6/11/2024,6/17/2024,0.144480,,,
2024-09-25,iShares Core S&P U.S. Growth ETF,,IUSG,9/25/2024,9/25/2024,9/30/2024,0.251321,,,
2025-03-18,iShares Core S&P U.S. Growth ETF,,IUSG,3/18/2025,3/18/2025,3/21/2025,0.176650,,,
2025-06-16,iShares Core S&P U.S. Growth ETF,,IUSG,6/16/2025,6/16/2025,6/20/2025,0.210388,,,
2025-09-16,iShares Core S&P U.S. Growth ETF,,IUSG,9/16/2025,9/16/2025,9/19/2025,0.248671,,,
2022-03-24,iShares Core S&P U.S. Value ETF,,IUSV,3/25/2022,3/24/2022,3/30/2022,0.370085,,,
2022-06-09,iShares Core S&P U.S. Value ETF,,IUSV,6/10/2022,6/9/2022,6/15/2022,0.305177,,,
2022-09-26,iShares Core S&P U.S. Value ETF,,IUSV,9/27/2022,9/26/2022,9/30/2022,0.461667,,,
2023-03-23,iShares Core S&P U.S. Value ETF,,IUSV,3/24/2023,3/23/2023,3/29/2023,0.349374,,,
2023-06-07,iShares Core S&P U.S. Value ETF,,IUSV,6/8/2023,6/7/2023,6/13/2023,0.276921,,,
2023-09-26,iShares Core S&P U.S. Value ETF,,IUSV,9/27/2023,9/26/2023,10/2/2023,0.442600,,,
2024-03-21,iShares Core S&P U.S. Value ETF,,IUSV,3/22/2024,3/21/2024,3/27/2024,0.439729,,,
2024-06-11,iShares Core S&P U.S. Value ETF,,IUSV,6/11/2024,6/11/2024,6/17/2024,0.420521,,,
2024-09-25,iShares Core S&P U.S. Value ETF,,IUSV,9/25/2024,9/25/2024,9/30/2024,0.582437,,,
2025-03-18,iShares Core S&P U.S. Value ETF,,IUSV,3/18/2025,3/18/2025,3/21/2025,0.366705,,,
2025-06-16,iShares Core S&P U.S. Value ETF,,IUSV,6/16/2025,6/16/2025,6/20/2025,0.431847,,,
2025-09-16,iShares Core S&P U.S. Value ETF,,IUSV,9/16/2025,9/16/2025,9/19/2025,0.471394,,,
2022-03-24,iShares S&P 500 Value ETF,,IVE,3/25/2022,3/24/2022,3/30/2022,0.706771,,,
2022-06-09,iShares S&P 500 Value ETF,,IVE,6/10/2022,6/9/2022,6/15/2022,0.586489,,,
2022-09-26,iShares S&P 500 Value ETF,,IVE,9/27/2022,9/26/2022,9/30/2022,0.913251,,,
2023-03-23,iShares S&P 500 Value ETF,,IVE,3/24/2023,3/23/2023,3/29/2023,0.694825,,,
2023-06-07,iShares S&P 500 Value ETF,,IVE,6/8/2023,6/7/2023,6/13/2023,0.544984,,,
2023-09-26,iShares S&P 500 Value ETF,,IVE,9/27/2023,9/26/2023,10/2/2023,0.840006,,,
2024-03-21,iShares S&P 500 Value ETF,,IVE,3/22/2024,3/21/2024,3/27/2024,0.842393,,,
2024-06-11,iShares S&P 500 Value ETF,,IVE,6/11/2024,6/11/2024,6/17/2024,0.848125,,,
2024-09-25,iShares S&P 500 Value ETF,,IVE,9/25/2024,9/25/2024,9/30/2024,1.137655,,,
2025-03-18,iShares S&P 500 Value ETF,,IVE,3/18/2025,3/18/2025,3/21/2025,0.745357,,,
2025-06-16,iShares S&P 500 Value ETF,,IVE,6/16/2025,6/16/2025,6/20/2025,0.809722,,,
2025-09-16,iShares S&P 500 Value ETF,,IVE,9/16/2025,9/16/2025,9/19/2025,0.865188,,,
2022-06-09,iShares Emergent Food and AgTech Multisector ETF,,IVEG,6/10/2022,6/9/2022,6/15/2022,0.149196,,,
2023-06-07,iShares Emergent Food and AgTech Multisector ETF,,IVEG,6/8/2023,6/7/2023,6/13/2023,0.258359,,,
2024-06-11,iShares Emergent Food and AgTech Multisector ETF,,IVEG,6/11/2024,6/11/2024,6/17/2024,0.218177,,,
2022-06-09,iShares MSCI Intl Value Factor ETF,,IVLU,6/10/2022,6/9/2022,6/15/2022,0.581251,,,
2023-06-07,iShares MSCI Intl Value Factor ETF,,IVLU,6/8/2023,6/7/2023,6/13/2023,0.686033,,,
2024-06-11,iShares MSCI Intl Value Factor ETF,,IVLU,6/11/2024,6/11/2024,6/17/2024,0.694148,,,
2025-06-16,iShares MSCI Intl Value Factor ETF,,IVLU,6/16/2025,6/16/2025,6/20/2025,0.741863,,,
2023-06-07,iShares Future Metaverse Tech and Communications ETF,,IVRS,6/8/2023,6/7/2023,6/13/2023,0.037700,,,
2024-06-11,iShares Future Metaverse Tech and Communications ETF,,IVRS,6/11/2024,6/11/2024,6/17/2024,0.004111,,,
2022-03-24,iShares Core S&P 500 ETF,,IVV,3/25/2022,3/24/2022,3/30/2022,1.481128,,,
2022-06-09,iShares Core S&P 500 ETF,,IVV,6/10/2022,6/9/2022,6/15/2022,1.282692,,,
2022-09-26,iShares Core S&P 500 ETF,,IVV,9/27/2022,9/26/2022,9/30/2022,1.905870,,,
2023-03-23,iShares Core S&P 500 ETF,,IVV,3/24/2023,3/23/2023,3/29/2023,1.647925,,,
2023-06-07,iShares Core S&P 500 ETF,,IVV,6/8/2023,6/7/2023,6/13/2023,1.338569,,,
2023-09-26,iShares Core S&P 500 ETF,,IVV,9/27/2023,9/26/2023,10/2/2023,1.986972,,,
2024-03-21,iShares Core S&P 500 ETF,,IVV,3/22/2024,3/21/2024,3/27/2024,1.665327,,,
2024-06-11,iShares Core S&P 500 ETF,,IVV,6/11/2024,6/11/2024,6/17/2024,1.611133,,,
2024-09-25,iShares Core S&P 500 ETF,,IVV,9/25/2024,9/25/2024,9/30/2024,2.234609,,,
2025-03-18,iShares Core S&P 500 ETF,,IVV,3/18/2025,3/18/2025,3/21/2025,1.764574,,,
2025-06-16,iShares Core S&P 500 ETF,,IVV,6/16/2025,6/16/2025,6/20/2025,1.866967,,,
2025-09-16,iShares Core S&P 500 ETF,,IVV,9/16/2025,9/16/2025,9/19/2025,1.994748,,,
2024-04-02,iShares S&P 500 BuyWrite ETF,,IVVW,4/3/2024,4/2/2024,4/8/2024,0.502075,,,0.167292
2024-05-02,iShares S&P 500 BuyWrite ETF,,IVVW,5/3/2024,5/2/2024,5/8/2024,0.466773,,,0.155530
2024-06-04,iShares S&P 500 BuyWrite ETF,,IVVW,6/4/2024,6/4/2024,6/10/2024,0.306077,,,0.101986
2024-07-02,iShares S&P 500 BuyWrite ETF,,IVVW,7/2/2024,7/2/2024,7/8/2024,0.430560,,,0.143463
2024-08-02,iShares S&P 500 BuyWrite ETF,,IVVW,8/2/2024,8/2/2024,8/7/2024,0.270964,,,0.090286
2024-09-04,iShares S&P 500 BuyWrite ETF,,IVVW,9/4/2024,9/4/2024,9/9/2024,0.759373,,,0.253025
2024-10-02,iShares S&P 500 BuyWrite ETF,,IVVW,10/2/2024,10/2/2024,10/7/2024,0.364372,,0.519720,0.121409
2024-11-04,iShares S&P 500 BuyWrite ETF,,IVVW,11/4/2024,11/4/2024,11/7/2024,0.620493,,,
2025-02-04,iShares S&P 500 BuyWrite ETF,,IVVW,2/4/2025,2/4/2025,2/7/2025,0.554403,,,
2025-03-04,iShares S&P 500 BuyWrite ETF,,IVVW,3/4/2025,3/4/2025,3/7/2025,0.328645,,,
2025-04-02,iShares S&P 500 BuyWrite ETF,,IVVW,4/2/2025,4/2/2025,4/7/2025,0.807238,,,
2025-05-02,iShares S&P 500 BuyWrite ETF,,IVVW,5/2/2025,5/2/2025,5/7/2025,0.682532,,,
2025-06-03,iShares S&P 500 BuyWrite ETF,,IVVW,6/3/2025,6/3/2025,6/6/2025,0.753056,,,
2025-07-02,iShares S&P 500 BuyWrite ETF,,IVVW,7/2/2025,7/2/2025,7/8/2025,0.655000,,,
2025-08-04,iShares S&P 500 BuyWrite ETF,,IVVW,8/4/2025,8/4/2025,8/7/2025,0.644795,,,
2025-09-03,iShares S&P 500 BuyWrite ETF,,IVVW,9/3/2025,9/3/2025,9/8/2025,0.492777,,,
2025-10-02,iShares S&P 500 BuyWrite ETF,,IVVW,10/2/2025,10/2/2025,10/7/2025,0.718651,,,
2025-11-04,iShares S&P 500 BuyWrite ETF,,IVVW,11/4/2025,11/4/2025,11/7/2025,0.729691,,,
2022-03-24,iShares S&P 500 Growth ETF,,IVW,3/25/2022,3/24/2022,3/30/2022,0.126658,,,
2022-06-09,iShares S&P 500 Growth ETF,,IVW,6/10/2022,6/9/2022,6/15/2022,0.105305,,,
2022-09-26,iShares S&P 500 Growth ETF,,IVW,9/27/2022,9/26/2022,9/30/2022,0.152696,,,
2023-03-23,iShares S&P 500 Growth ETF,,IVW,3/24/2023,3/23/2023,3/29/2023,0.188094,,,
2023-06-07,iShares S&P 500 Growth ETF,,IVW,6/8/2023,6/7/2023,6/13/2023,0.147639,,,
2023-09-26,iShares S&P 500 Growth ETF,,IVW,9/27/2023,9/26/2023,10/2/2023,0.222767,,,
2024-03-21,iShares S&P 500 Growth ETF,,IVW,3/22/2024,3/21/2024,3/27/2024,0.083611,,,
2024-06-11,iShares S&P 500 Growth ETF,,IVW,6/11/2024,6/11/2024,6/17/2024,0.074178,,,
2024-09-25,iShares S&P 500 Growth ETF,,IVW,9/25/2024,9/25/2024,9/30/2024,0.145127,,,
2025-03-18,iShares S&P 500 Growth ETF,,IVW,3/18/2025,3/18/2025,3/21/2025,0.107853,,,
2025-06-16,iShares S&P 500 Growth ETF,,IVW,6/16/2025,6/16/2025,6/20/2025,0.118220,,,
2025-09-16,iShares S&P 500 Growth ETF,,IVW,9/16/2025,9/16/2025,9/19/2025,0.138377,,,
2022-03-24,iShares Russell 1000 ETF,,IWB,3/25/2022,3/24/2022,3/30/2022,0.769194,,,
2022-06-09,iShares Russell 1000 ETF,,IWB,6/10/2022,6/9/2022,6/15/2022,0.624470,,,
2022-09-26,iShares Russell 1000 ETF,,IWB,9/27/2022,9/26/2022,9/30/2022,0.969052,,,
2023-03-23,iShares Russell 1000 ETF,,IWB,3/24/2023,3/23/2023,3/29/2023,0.825586,,,
2023-06-07,iShares Russell 1000 ETF,,IWB,6/8/2023,6/7/2023,6/13/2023,0.633057,,,
2023-09-26,iShares Russell 1000 ETF,,IWB,9/27/2023,9/26/2023,10/2/2023,1.006065,,,
2024-03-21,iShares Russell 1000 ETF,,IWB,3/22/2024,3/21/2024,3/27/2024,0.869173,,,
2024-06-11,iShares Russell 1000 ETF,,IWB,6/11/2024,6/11/2024,6/17/2024,0.732861,,,
2024-09-25,iShares Russell 1000 ETF,,IWB,9/25/2024,9/25/2024,9/30/2024,1.067743,,,
2025-03-18,iShares Russell 1000 ETF,,IWB,3/18/2025,3/18/2025,3/21/2025,0.829170,,,
2025-06-16,iShares Russell 1000 ETF,,IWB,6/16/2025,6/16/2025,6/20/2025,0.838040,,,
2025-09-16,iShares Russell 1000 ETF,,IWB,9/16/2025,9/16/2025,9/19/2025,0.961972,,,
2022-03-24,iShares Micro-Cap ETF,,IWC,3/25/2022,3/24/2022,3/30/2022,0.113334,,,
2022-06-09,iShares Micro-Cap ETF,,IWC,6/10/2022,6/9/2022,6/15/2022,0.290257,,,
2022-09-26,iShares Micro-Cap ETF,,IWC,9/27/2022,9/26/2022,9/30/2022,0.486964,,,
2023-03-23,iShares Micro-Cap ETF,,IWC,3/24/2023,3/23/2023,3/29/2023,0.275203,,,
2023-06-07,iShares Micro-Cap ETF,,IWC,6/8/2023,6/7/2023,6/13/2023,0.268869,,,
2023-09-26,iShares Micro-Cap ETF,,IWC,9/27/2023,9/26/2023,10/2/2023,0.427987,,,
2024-03-21,iShares Micro-Cap ETF,,IWC,3/22/2024,3/21/2024,3/27/2024,0.254263,,,
2024-06-11,iShares Micro-Cap ETF,,IWC,6/11/2024,6/11/2024,6/17/2024,0.325860,,,
2024-09-25,iShares Micro-Cap ETF,,IWC,9/25/2024,9/25/2024,9/30/2024,0.418352,,,
2025-03-18,iShares Micro-Cap ETF,,IWC,3/18/2025,3/18/2025,3/21/2025,0.278324,,,
2025-06-16,iShares Micro-Cap ETF,,IWC,6/16/2025,6/16/2025,6/20/2025,0.324129,,,
2025-09-16,iShares Micro-Cap ETF,,IWC,9/16/2025,9/16/2025,9/19/2025,0.397555,,,
2022-03-24,iShares Russell 1000 Value ETF,,IWD,3/25/2022,3/24/2022,3/30/2022,0.702427,,,
2022-06-09,iShares Russell 1000 Value ETF,,IWD,6/10/2022,6/9/2022,6/15/2022,0.643951,,,
2022-09-26,iShares Russell 1000 Value ETF,,IWD,9/27/2022,9/26/2022,9/30/2022,0.932722,,,
2023-03-23,iShares Russell 1000 Value ETF,,IWD,3/24/2023,3/23/2023,3/29/2023,0.763172,,,
2023-06-07,iShares Russell 1000 Value ETF,,IWD,6/8/2023,6/7/2023,6/13/2023,0.626892,,,
2023-09-26,iShares Russell 1000 Value ETF,,IWD,9/27/2023,9/26/2023,10/2/2023,0.985548,,,
2024-03-21,iShares Russell 1000 Value ETF,,IWD,3/22/2024,3/21/2024,3/27/2024,0.769664,,,
2024-06-11,iShares Russell 1000 Value ETF,,IWD,6/11/2024,6/11/2024,6/17/2024,0.698514,,,
2024-09-25,iShares Russell 1000 Value ETF,,IWD,9/25/2024,9/25/2024,9/30/2024,1.023032,,,
2025-03-18,iShares Russell 1000 Value ETF,,IWD,3/18/2025,3/18/2025,3/21/2025,0.801796,,,
2025-06-16,iShares Russell 1000 Value ETF,,IWD,6/16/2025,6/16/2025,6/20/2025,0.836783,,,
2025-09-16,iShares Russell 1000 Value ETF,,IWD,9/16/2025,9/16/2025,9/19/2025,0.901841,,,
2022-03-24,iShares Russell 1000 Growth ETF,,IWF,3/25/2022,3/24/2022,3/30/2022,0.402731,,,
2022-06-09,iShares Russell 1000 Growth ETF,,IWF,6/10/2022,6/9/2022,6/15/2022,0.391342,,,
2022-09-26,iShares Russell 1000 Growth ETF,,IWF,9/27/2022,9/26/2022,9/30/2022,0.582589,,,
2023-03-23,iShares Russell 1000 Growth ETF,,IWF,3/24/2023,3/23/2023,3/29/2023,0.517959,,,
2023-06-07,iShares Russell 1000 Growth ETF,,IWF,6/8/2023,6/7/2023,6/13/2023,0.390843,,,
2023-09-26,iShares Russell 1000 Growth ETF,,IWF,9/27/2023,9/26/2023,10/2/2023,0.513843,,,
2024-03-21,iShares Russell 1000 Growth ETF,,IWF,3/22/2024,3/21/2024,3/27/2024,0.443939,,,
2024-06-11,iShares Russell 1000 Growth ETF,,IWF,6/11/2024,6/11/2024,6/17/2024,0.411452,,,
2024-09-25,iShares Russell 1000 Growth ETF,,IWF,9/25/2024,9/25/2024,9/30/2024,0.557508,,,
2025-03-18,iShares Russell 1000 Growth ETF,,IWF,3/18/2025,3/18/2025,3/21/2025,0.395859,,,
2025-06-16,iShares Russell 1000 Growth ETF,,IWF,6/16/2025,6/16/2025,6/20/2025,0.394351,,,
2025-09-16,iShares Russell 1000 Growth ETF,,IWF,9/16/2025,9/16/2025,9/19/2025,0.431040,,,
2022-06-09,iShares Virtual Work and Life Multisector ETF,,IWFH,6/10/2022,6/9/2022,6/15/2022,0.021167,,,
2023-06-07,iShares Virtual Work and Life Multisector ETF,,IWFH,6/8/2023,6/7/2023,6/13/2023,0.029087,,,
2022-03-24,iShares Russell Top 200 ETF,,IWL,3/25/2022,3/24/2022,3/30/2022,0.307368,,,
2022-06-09,iShares Russell Top 200 ETF,,IWL,6/10/2022,6/9/2022,6/15/2022,0.273273,,,
2022-09-26,iShares Russell Top 200 ETF,,IWL,9/27/2022,9/26/2022,9/30/2022,0.425143,,,
2023-03-23,iShares Russell Top 200 ETF,,IWL,3/24/2023,3/23/2023,3/29/2023,0.361222,,,
2023-06-07,iShares Russell Top 200 ETF,,IWL,6/8/2023,6/7/2023,6/13/2023,0.299597,,,
2023-09-26,iShares Russell Top 200 ETF,,IWL,9/27/2023,9/26/2023,10/2/2023,0.415371,,,
2024-03-21,iShares Russell Top 200 ETF,,IWL,3/22/2024,3/21/2024,3/27/2024,0.335268,,,
2024-06-11,iShares Russell Top 200 ETF,,IWL,6/11/2024,6/11/2024,6/17/2024,0.317745,,,
2024-09-25,iShares Russell Top 200 ETF,,IWL,9/25/2024,9/25/2024,9/30/2024,0.448591,,,
2025-03-18,iShares Russell Top 200 ETF,,IWL,3/18/2025,3/18/2025,3/21/2025,0.351707,,,
2025-06-16,iShares Russell Top 200 ETF,,IWL,6/16/2025,6/16/2025,6/20/2025,0.360696,,,
2025-09-16,iShares Russell Top 200 ETF,,IWL,9/16/2025,9/16/2025,9/19/2025,0.390563,,,
2022-03-24,iShares Russell 2000 ETF,,IWM,3/25/2022,3/24/2022,3/30/2022,0.399649,,,
2022-06-09,iShares Russell 2000 ETF,,IWM,6/10/2022,6/9/2022,6/15/2022,0.494057,,,
2022-09-26,iShares Russell 2000 ETF,,IWM,9/27/2022,9/26/2022,9/30/2022,0.861438,,,
2023-03-23,iShares Russell 2000 ETF,,IWM,3/24/2023,3/23/2023,3/29/2023,0.630667,,,
2023-06-07,iShares Russell 2000 ETF,,IWM,6/8/2023,6/7/2023,6/13/2023,0.508675,,,
2023-09-26,iShares Russell 2000 ETF,,IWM,9/27/2023,9/26/2023,10/2/2023,0.828876,,,
2024-03-21,iShares Russell 2000 ETF,,IWM,3/22/2024,3/21/2024,3/27/2024,0.522126,,,
2024-06-11,iShares Russell 2000 ETF,,IWM,6/11/2024,6/11/2024,6/17/2024,0.562204,,,
2024-09-25,iShares Russell 2000 ETF,,IWM,9/25/2024,9/25/2024,9/30/2024,0.752193,,,
2025-03-18,iShares Russell 2000 ETF,,IWM,3/18/2025,3/18/2025,3/21/2025,0.459853,,,
2025-06-16,iShares Russell 2000 ETF,,IWM,6/16/2025,6/16/2025,6/20/2025,0.575625,,,
2025-09-16,iShares Russell 2000 ETF,,IWM,9/16/2025,9/16/2025,9/19/2025,0.676797,,,
2024-04-02,iShares Russell 2000 BuyWrite ETF,,IWMW,4/3/2024,4/2/2024,4/8/2024,0.089914,,,0.532244
2024-05-02,iShares Russell 2000 BuyWrite ETF,,IWMW,5/3/2024,5/2/2024,5/8/2024,0.112087,,,0.663502
2024-06-04,iShares Russell 2000 BuyWrite ETF,,IWMW,6/4/2024,6/4/2024,6/10/2024,0.073027,,,0.432285
2024-07-02,iShares Russell 2000 BuyWrite ETF,,IWMW,7/2/2024,7/2/2024,7/8/2024,0.091428,,,0.541209
2024-08-02,iShares Russell 2000 BuyWrite ETF,,IWMW,8/2/2024,8/2/2024,8/7/2024,0.075525,,,0.447073
2024-09-04,iShares Russell 2000 BuyWrite ETF,,IWMW,9/4/2024,9/4/2024,9/9/2024,0.134890,,,0.798479
2024-10-02,iShares Russell 2000 BuyWrite ETF,,IWMW,10/2/2024,10/2/2024,10/7/2024,0.092882,,0.279683,0.549816
2024-11-04,iShares Russell 2000 BuyWrite ETF,,IWMW,11/4/2024,11/4/2024,11/7/2024,0.842077,,,
2025-02-04,iShares Russell 2000 BuyWrite ETF,,IWMW,2/4/2025,2/4/2025,2/7/2025,0.308886,,,0.431955
2025-03-04,iShares Russell 2000 BuyWrite ETF,,IWMW,3/4/2025,3/4/2025,3/7/2025,0.156710,,,0.219148
2025-04-02,iShares Russell 2000 BuyWrite ETF,,IWMW,4/2/2025,4/2/2025,4/7/2025,0.263616,,,0.368648
2025-05-02,iShares Russell 2000 BuyWrite ETF,,IWMW,5/2/2025,5/2/2025,5/7/2025,0.298656,,,0.417651
2025-06-03,iShares Russell 2000 BuyWrite ETF,,IWMW,6/3/2025,6/3/2025,6/6/2025,0.268284,,,0.375178
2025-07-02,iShares Russell 2000 BuyWrite ETF,,IWMW,7/2/2025,7/2/2025,7/8/2025,0.357050,,,0.499310
2025-08-04,iShares Russell 2000 BuyWrite ETF,,IWMW,8/4/2025,8/4/2025,8/7/2025,0.356125,,,0.498017
2025-09-03,iShares Russell 2000 BuyWrite ETF,,IWMW,9/3/2025,9/3/2025,9/8/2025,0.067388,,0.158141,0.315388
2025-10-02,iShares Russell 2000 BuyWrite ETF,,IWMW,10/2/2025,10/2/2025,10/7/2025,,,0.340743,0.476505
2025-11-04,iShares Russell 2000 BuyWrite ETF,,IWMW,11/4/2025,11/4/2025,11/7/2025,0.705435,,,
2022-03-24,iShares Russell 2000 Value ETF,,IWN,3/25/2022,3/24/2022,3/30/2022,0.518800,,,
2022-06-09,iShares Russell 2000 Value ETF,,IWN,6/10/2022,6/9/2022,6/15/2022,0.578482,,,
2022-09-26,iShares Russell 2000 Value ETF,,IWN,9/27/2022,9/26/2022,9/30/2022,0.907659,,,
2023-03-23,iShares Russell 2000 Value ETF,,IWN,3/24/2023,3/23/2023,3/29/2023,0.695601,,,
2023-06-07,iShares Russell 2000 Value ETF,,IWN,6/8/2023,6/7/2023,6/13/2023,0.627877,,,
2023-09-26,iShares Russell 2000 Value ETF,,IWN,9/27/2023,9/26/2023,10/2/2023,0.941411,,,
2024-03-21,iShares Russell 2000 Value ETF,,IWN,3/22/2024,3/21/2024,3/27/2024,0.566877,,,
2024-06-11,iShares Russell 2000 Value ETF,,IWN,6/11/2024,6/11/2024,6/17/2024,0.670641,,,
2024-09-25,iShares Russell 2000 Value ETF,,IWN,9/25/2024,9/25/2024,9/30/2024,0.861911,,,
2025-03-18,iShares Russell 2000 Value ETF,,IWN,3/18/2025,3/18/2025,3/21/2025,0.498210,,,
2025-06-16,iShares Russell 2000 Value ETF,,IWN,6/16/2025,6/16/2025,6/20/2025,0.690755,,,
2025-09-16,iShares Russell 2000 Value ETF,,IWN,9/16/2025,9/16/2025,9/19/2025,0.817456,,,
2022-03-24,iShares Russell 2000 Growth ETF,,IWO,3/25/2022,3/24/2022,3/30/2022,0.224231,,,
2022-06-09,iShares Russell 2000 Growth ETF,,IWO,6/10/2022,6/9/2022,6/15/2022,0.246810,,,
2022-09-26,iShares Russell 2000 Growth ETF,,IWO,9/27/2022,9/26/2022,9/30/2022,0.631433,,,
2023-03-23,iShares Russell 2000 Growth ETF,,IWO,3/24/2023,3/23/2023,3/29/2023,0.458828,,,
2023-06-07,iShares Russell 2000 Growth ETF,,IWO,6/8/2023,6/7/2023,6/13/2023,0.349431,,,
2023-09-26,iShares Russell 2000 Growth ETF,,IWO,9/27/2023,9/26/2023,10/2/2023,0.454902,,,
2024-03-21,iShares Russell 2000 Growth ETF,,IWO,3/22/2024,3/21/2024,3/27/2024,0.341694,,,
2024-06-11,iShares Russell 2000 Growth ETF,,IWO,6/11/2024,6/11/2024,6/17/2024,0.370870,,,
2024-09-25,iShares Russell 2000 Growth ETF,,IWO,9/25/2024,9/25/2024,9/30/2024,0.540934,,,
2025-03-18,iShares Russell 2000 Growth ETF,,IWO,3/18/2025,3/18/2025,3/21/2025,0.382099,,,
2025-06-16,iShares Russell 2000 Growth ETF,,IWO,6/16/2025,6/16/2025,6/20/2025,0.320813,,,
2025-09-16,iShares Russell 2000 Growth ETF,,IWO,9/16/2025,9/16/2025,9/19/2025,0.367330,,,
2022-03-24,iShares Russell Mid-Cap Growth ETF,,IWP,3/25/2022,3/24/2022,3/30/2022,0.113710,,,
2022-06-09,iShares Russell Mid-Cap Growth ETF,,IWP,6/10/2022,6/9/2022,6/15/2022,0.111313,,,
2022-09-26,iShares Russell Mid-Cap Growth ETF,,IWP,9/27/2022,9/26/2022,9/30/2022,0.181702,,,
2023-03-23,iShares Russell Mid-Cap Growth ETF,,IWP,3/24/2023,3/23/2023,3/29/2023,0.141293,,,
2023-06-07,iShares Russell Mid-Cap Growth ETF,,IWP,6/8/2023,6/7/2023,6/13/2023,0.085188,,,
2023-09-26,iShares Russell Mid-Cap Growth ETF,,IWP,9/27/2023,9/26/2023,10/2/2023,0.180023,,,
2024-03-21,iShares Russell Mid-Cap Growth ETF,,IWP,3/22/2024,3/21/2024,3/27/2024,0.118046,,,
2024-06-11,iShares Russell Mid-Cap Growth ETF,,IWP,6/11/2024,6/11/2024,6/17/2024,0.105281,,,
2024-09-25,iShares Russell Mid-Cap Growth ETF,,IWP,9/25/2024,9/25/2024,9/30/2024,0.165154,,,
2025-03-18,iShares Russell Mid-Cap Growth ETF,,IWP,3/18/2025,3/18/2025,3/21/2025,0.098970,,,
2025-06-16,iShares Russell Mid-Cap Growth ETF,,IWP,6/16/2025,6/16/2025,6/20/2025,0.133477,,,
2025-09-16,iShares Russell Mid-Cap Growth ETF,,IWP,9/16/2025,9/16/2025,9/19/2025,0.118937,,,
2022-03-24,iShares Russell Mid-Cap ETF,,IWR,3/25/2022,3/24/2022,3/30/2022,0.215031,,,
2022-06-09,iShares Russell Mid-Cap ETF,,IWR,6/10/2022,6/9/2022,6/15/2022,0.205281,,,
2022-09-26,iShares Russell Mid-Cap ETF,,IWR,9/27/2022,9/26/2022,9/30/2022,0.317920,,,
2023-03-23,iShares Russell Mid-Cap ETF,,IWR,3/24/2023,3/23/2023,3/29/2023,0.256445,,,
2023-06-07,iShares Russell Mid-Cap ETF,,IWR,6/8/2023,6/7/2023,6/13/2023,0.187595,,,
2023-09-26,iShares Russell Mid-Cap ETF,,IWR,9/27/2023,9/26/2023,10/2/2023,0.325540,,,
2024-03-21,iShares Russell Mid-Cap ETF,,IWR,3/22/2024,3/21/2024,3/27/2024,0.217953,,,
2024-06-11,iShares Russell Mid-Cap ETF,,IWR,6/11/2024,6/11/2024,6/17/2024,0.211459,,,
2024-09-25,iShares Russell Mid-Cap ETF,,IWR,9/25/2024,9/25/2024,9/30/2024,0.373941,,,
2025-03-18,iShares Russell Mid-Cap ETF,,IWR,3/18/2025,3/18/2025,3/21/2025,0.260935,,,
2025-06-16,iShares Russell Mid-Cap ETF,,IWR,6/16/2025,6/16/2025,6/20/2025,0.263583,,,
2025-09-16,iShares Russell Mid-Cap ETF,,IWR,9/16/2025,9/16/2025,9/19/2025,0.322439,,,
2022-03-24,iShares Russell Mid-Cap Value ETF,,IWS,3/25/2022,3/24/2022,3/30/2022,0.453119,,,
2022-06-09,iShares Russell Mid-Cap Value ETF,,IWS,6/10/2022,6/9/2022,6/15/2022,0.390322,,,
2022-09-26,iShares Russell Mid-Cap Value ETF,,IWS,9/27/2022,9/26/2022,9/30/2022,0.606436,,,
2023-03-23,iShares Russell Mid-Cap Value ETF,,IWS,3/24/2023,3/23/2023,3/29/2023,0.490935,,,
2023-06-07,iShares Russell Mid-Cap Value ETF,,IWS,6/8/2023,6/7/2023,6/13/2023,0.385036,,,
2023-09-26,iShares Russell Mid-Cap Value ETF,,IWS,9/27/2023,9/26/2023,10/2/2023,0.581663,,,
2024-03-21,iShares Russell Mid-Cap Value ETF,,IWS,3/22/2024,3/21/2024,3/27/2024,0.384902,,,
2024-06-11,iShares Russell Mid-Cap Value ETF,,IWS,6/11/2024,6/11/2024,6/17/2024,0.389083,,,
2024-09-25,iShares Russell Mid-Cap Value ETF,,IWS,9/25/2024,9/25/2024,9/30/2024,0.585787,,,
2025-03-18,iShares Russell Mid-Cap Value ETF,,IWS,3/18/2025,3/18/2025,3/21/2025,0.448222,,,
2025-06-16,iShares Russell Mid-Cap Value ETF,,IWS,6/16/2025,6/16/2025,6/20/2025,0.492306,,,
2025-09-16,iShares Russell Mid-Cap Value ETF,,IWS,9/16/2025,9/16/2025,9/19/2025,0.562984,,,
2023-06-07,iShares MSCI Water Management Multisector ETF,,IWTR,6/8/2023,6/7/2023,6/13/2023,0.280841,,,
2024-06-11,iShares MSCI Water Management Multisector ETF,,IWTR,6/11/2024,6/11/2024,6/17/2024,0.258517,,,
2022-03-24,iShares Russell 3000 ETF,,IWV,3/25/2022,3/24/2022,3/30/2022,0.766149,,,
2022-06-09,iShares Russell 3000 ETF,,IWV,6/10/2022,6/9/2022,6/15/2022,0.634041,,,
2022-09-26,iShares Russell 3000 ETF,,IWV,9/27/2022,9/26/2022,9/30/2022,0.976201,,,
2023-03-23,iShares Russell 3000 ETF,,IWV,3/24/2023,3/23/2023,3/29/2023,0.831016,,,
2023-06-07,iShares Russell 3000 ETF,,IWV,6/8/2023,6/7/2023,6/13/2023,0.645511,,,
2023-09-26,iShares Russell 3000 ETF,,IWV,9/27/2023,9/26/2023,10/2/2023,1.008526,,,
2024-03-21,iShares Russell 3000 ETF,,IWV,3/22/2024,3/21/2024,3/27/2024,0.751601,,,
2024-06-11,iShares Russell 3000 ETF,,IWV,6/11/2024,6/11/2024,6/17/2024,0.772609,,,
2024-09-25,iShares Russell 3000 ETF,,IWV,9/25/2024,9/25/2024,9/30/2024,1.077360,,,
2025-03-18,iShares Russell 3000 ETF,,IWV,3/18/2025,3/18/2025,3/21/2025,0.826718,,,
2025-06-16,iShares Russell 3000 ETF,,IWV,6/16/2025,6/16/2025,6/20/2025,0.887673,,,
2025-09-16,iShares Russell 3000 ETF,,IWV,9/16/2025,9/16/2025,9/19/2025,0.939847,,,
2022-03-24,iShares Russell Top 200 Value ETF,,IWX,3/25/2022,3/24/2022,3/30/2022,0.313089,,,
2022-06-09,iShares Russell Top 200 Value ETF,,IWX,6/10/2022,6/9/2022,6/15/2022,0.245941,,,
2022-09-26,iShares Russell Top 200 Value ETF,,IWX,9/27/2022,9/26/2022,9/30/2022,0.406981,,,
2023-03-23,iShares Russell Top 200 Value ETF,,IWX,3/24/2023,3/23/2023,3/29/2023,0.310506,,,
2023-06-07,iShares Russell Top 200 Value ETF,,IWX,6/8/2023,6/7/2023,6/13/2023,0.300933,,,
2023-09-26,iShares Russell Top 200 Value ETF,,IWX,9/27/2023,9/26/2023,10/2/2023,0.433006,,,
2024-03-21,iShares Russell Top 200 Value ETF,,IWX,3/22/2024,3/21/2024,3/27/2024,0.346947,,,
2024-06-11,iShares Russell Top 200 Value ETF,,IWX,6/11/2024,6/11/2024,6/17/2024,0.350003,,,
2024-09-25,iShares Russell Top 200 Value ETF,,IWX,9/25/2024,9/25/2024,9/30/2024,0.342092,,,
2025-03-18,iShares Russell Top 200 Value ETF,,IWX,3/18/2025,3/18/2025,3/21/2025,0.287609,,,
2025-06-16,iShares Russell Top 200 Value ETF,,IWX,6/16/2025,6/16/2025,6/20/2025,0.388188,,,
2025-09-16,iShares Russell Top 200 Value ETF,,IWX,9/16/2025,9/16/2025,9/19/2025,0.390304,,,
2022-03-24,iShares Russell Top 200 Growth ETF,,IWY,3/25/2022,3/24/2022,3/30/2022,0.229372,,,
2022-06-09,iShares Russell Top 200 Growth ETF,,IWY,6/10/2022,6/9/2022,6/15/2022,0.197142,,,
2022-09-26,iShares Russell Top 200 Growth ETF,,IWY,9/27/2022,9/26/2022,9/30/2022,0.334281,,,
2023-03-23,iShares Russell Top 200 Growth ETF,,IWY,3/24/2023,3/23/2023,3/29/2023,0.266655,,,
2023-06-07,iShares Russell Top 200 Growth ETF,,IWY,6/8/2023,6/7/2023,6/13/2023,0.234846,,,
2023-09-26,iShares Russell Top 200 Growth ETF,,IWY,9/27/2023,9/26/2023,10/2/2023,0.297321,,,
2024-03-21,iShares Russell Top 200 Growth ETF,,IWY,3/22/2024,3/21/2024,3/27/2024,0.249476,,,
2024-06-11,iShares Russell Top 200 Growth ETF,,IWY,6/11/2024,6/11/2024,6/17/2024,0.194408,,,
2024-09-25,iShares Russell Top 200 Growth ETF,,IWY,9/25/2024,9/25/2024,9/30/2024,0.303275,,,
2025-03-18,iShares Russell Top 200 Growth ETF,,IWY,3/18/2025,3/18/2025,3/21/2025,0.236731,,,
2025-06-16,iShares Russell Top 200 Growth ETF,,IWY,6/16/2025,6/16/2025,6/20/2025,0.242193,,,
2025-09-16,iShares Russell Top 200 Growth ETF,,IWY,9/16/2025,9/16/2025,9/19/2025,0.260026,,,
2022-06-09,iShares Global Energy ETF,,IXC,6/10/2022,6/9/2022,6/15/2022,0.760743,,,
2023-06-07,iShares Global Energy ETF,,IXC,6/8/2023,6/7/2023,6/13/2023,0.712878,,,
2024-06-11,iShares Global Energy ETF,,IXC,6/11/2024,6/11/2024,6/17/2024,0.897665,,,
2025-06-16,iShares Global Energy ETF,,IXC,6/16/2025,6/16/2025,6/20/2025,0.696557,,,
2022-06-09,iShares Global Financials ETF,,IXG,6/10/2022,6/9/2022,6/15/2022,1.537207,,,
2023-06-07,iShares Global Financials ETF,,IXG,6/8/2023,6/7/2023,6/13/2023,1.131921,,,
2024-06-11,iShares Global Financials ETF,,IXG,6/11/2024,6/11/2024,6/17/2024,1.460083,,,
2025-06-16,iShares Global Financials ETF,,IXG,6/16/2025,6/16/2025,6/20/2025,1.397953,,,
2022-06-09,iShares Global Healthcare ETF,,IXJ,6/10/2022,6/9/2022,6/15/2022,0.550583,,,
2023-06-07,iShares Global Healthcare ETF,,IXJ,6/8/2023,6/7/2023,6/13/2023,0.643601,,,
2024-06-11,iShares Global Healthcare ETF,,IXJ,6/11/2024,6/11/2024,6/17/2024,0.672321,,,
2025-06-16,iShares Global Healthcare ETF,,IXJ,6/16/2025,6/16/2025,6/20/2025,0.762798,,,
2022-06-09,iShares Global Tech ETF,,IXN,6/10/2022,6/9/2022,6/15/2022,0.175358,,,
2023-06-07,iShares Global Tech ETF,,IXN,6/8/2023,6/7/2023,6/13/2023,0.165662,,,
2024-06-11,iShares Global Tech ETF,,IXN,6/11/2024,6/11/2024,6/17/2024,0.159936,,,
2025-06-16,iShares Global Tech ETF,,IXN,6/16/2025,6/16/2025,6/20/2025,0.164471,,,
2022-06-09,iShares Global Comm Services ETF,,IXP,6/10/2022,6/9/2022,6/15/2022,0.588930,,,
2023-06-07,iShares Global Comm Services ETF,,IXP,6/8/2023,6/7/2023,6/13/2023,0.457016,,,
2024-06-11,iShares Global Comm Services ETF,,IXP,6/11/2024,6/11/2024,6/17/2024,0.446103,,,
2025-06-16,iShares Global Comm Services ETF,,IXP,6/16/2025,6/16/2025,6/20/2025,0.497936,,,
2022-06-09,iShares Core MSCI Total International Stock ETF,,IXUS,6/10/2022,6/9/2022,6/15/2022,1.123617,,,
2023-06-07,iShares Core MSCI Total International Stock ETF,,IXUS,6/8/2023,6/7/2023,6/13/2023,1.063259,,,
2024-06-11,iShares Core MSCI Total International Stock ETF,,IXUS,6/11/2024,6/11/2024,6/17/2024,1.090734,,,
2025-06-16,iShares Core MSCI Total International Stock ETF,,IXUS,6/16/2025,6/16/2025,6/20/2025,1.245660,,,
2022-03-24,iShares U.S. Consumer Discretionary ETF,,IYC,3/25/2022,3/24/2022,3/30/2022,0.088785,,,
2022-06-09,iShares U.S. Consumer Discretionary ETF,,IYC,6/10/2022,6/9/2022,6/15/2022,0.093046,,,
2022-09-26,iShares U.S. Consumer Discretionary ETF,,IYC,9/27/2022,9/26/2022,9/30/2022,0.107328,,,
2023-03-23,iShares U.S. Consumer Discretionary ETF,,IYC,3/24/2023,3/23/2023,3/29/2023,0.135640,,,
2023-06-07,iShares U.S. Consumer Discretionary ETF,,IYC,6/8/2023,6/7/2023,6/13/2023,0.092187,,,
2023-09-26,iShares U.S. Consumer Discretionary ETF,,IYC,9/27/2023,9/26/2023,10/2/2023,0.125770,,,
2024-03-21,iShares U.S. Consumer Discretionary ETF,,IYC,3/22/2024,3/21/2024,3/27/2024,0.119008,,,
2024-06-11,iShares U.S. Consumer Discretionary ETF,,IYC,6/11/2024,6/11/2024,6/17/2024,0.105419,,,
2024-09-25,iShares U.S. Consumer Discretionary ETF,,IYC,9/25/2024,9/25/2024,9/30/2024,0.130682,,,
2025-03-18,iShares U.S. Consumer Discretionary ETF,,IYC,3/18/2025,3/18/2025,3/21/2025,0.144820,,,
2025-06-16,iShares U.S. Consumer Discretionary ETF,,IYC,6/16/2025,6/16/2025,6/20/2025,0.138475,,,
2025-09-16,iShares U.S. Consumer Discretionary ETF,,IYC,9/16/2025,9/16/2025,9/19/2025,0.136393,,,
2022-03-24,iShares U.S. Energy ETF,,IYE,3/25/2022,3/24/2022,3/30/2022,0.327190,,,
2022-06-09,iShares U.S. Energy ETF,,IYE,6/10/2022,6/9/2022,6/15/2022,0.342548,,,
2022-09-26,iShares U.S. Energy ETF,,IYE,9/27/2022,9/26/2022,9/30/2022,0.484048,,,
2023-03-23,iShares U.S. Energy ETF,,IYE,3/24/2023,3/23/2023,3/29/2023,0.378404,,,
2023-06-07,iShares U.S. Energy ETF,,IYE,6/8/2023,6/7/2023,6/13/2023,0.251049,,,
2023-09-26,iShares U.S. Energy ETF,,IYE,9/27/2023,9/26/2023,10/2/2023,0.332050,,,
2024-03-21,iShares U.S. Energy ETF,,IYE,3/22/2024,3/21/2024,3/27/2024,0.296285,,,
2024-06-11,iShares U.S. Energy ETF,,IYE,6/11/2024,6/11/2024,6/17/2024,0.301026,,,
2024-09-25,iShares U.S. Energy ETF,,IYE,9/25/2024,9/25/2024,9/30/2024,0.346547,,,
2025-03-18,iShares U.S. Energy ETF,,IYE,3/18/2025,3/18/2025,3/21/2025,0.330351,,,
2025-06-16,iShares U.S. Energy ETF,,IYE,6/16/2025,6/16/2025,6/20/2025,0.300305,,,
2025-09-16,iShares U.S. Energy ETF,,IYE,9/16/2025,9/16/2025,9/19/2025,0.381322,,,
2022-03-24,iShares U.S. Financials ETF,,IYF,3/25/2022,3/24/2022,3/30/2022,0.351132,,,
2022-06-09,iShares U.S. Financials ETF,,IYF,6/10/2022,6/9/2022,6/15/2022,0.283880,,,
2022-09-26,iShares U.S. Financials ETF,,IYF,9/27/2022,9/26/2022,9/30/2022,0.359457,,,
2023-03-23,iShares U.S. Financials ETF,,IYF,3/24/2023,3/23/2023,3/29/2023,0.337824,,,
2023-06-07,iShares U.S. Financials ETF,,IYF,6/8/2023,6/7/2023,6/13/2023,0.285683,,,
2023-09-26,iShares U.S. Financials ETF,,IYF,9/27/2023,9/26/2023,10/2/2023,0.394372,,,
2024-03-21,iShares U.S. Financials ETF,,IYF,3/22/2024,3/21/2024,3/27/2024,0.308212,,,
2024-06-11,iShares U.S. Financials ETF,,IYF,6/11/2024,6/11/2024,6/17/2024,0.300030,,,
2024-09-25,iShares U.S. Financials ETF,,IYF,9/25/2024,9/25/2024,9/30/2024,0.364533,,,
2025-03-18,iShares U.S. Financials ETF,,IYF,3/18/2025,3/18/2025,3/21/2025,0.370503,,,
2025-06-16,iShares U.S. Financials ETF,,IYF,6/16/2025,6/16/2025,6/20/2025,0.371593,,,
2025-09-16,iShares U.S. Financials ETF,,IYF,9/16/2025,9/16/2025,9/19/2025,0.388323,,,
2022-03-24,iShares U.S. Financial Services ETF,,IYG,3/25/2022,3/24/2022,3/30/2022,0.724806,,,
2022-06-09,iShares U.S. Financial Services ETF,,IYG,6/10/2022,6/9/2022,6/15/2022,0.763781,,,
2022-09-26,iShares U.S. Financial Services ETF,,IYG,9/27/2022,9/26/2022,9/30/2022,0.876773,,,
2023-03-23,iShares U.S. Financial Services ETF,,IYG,3/24/2023,3/23/2023,3/29/2023,0.855901,,,
2023-06-07,iShares U.S. Financial Services ETF,,IYG,6/8/2023,6/7/2023,6/13/2023,0.645489,,,
2023-09-26,iShares U.S. Financial Services ETF,,IYG,9/27/2023,9/26/2023,10/2/2023,0.877781,,,
2024-03-21,iShares U.S. Financial Services ETF,,IYG,3/22/2024,3/21/2024,3/27/2024,0.199693,,,
2024-06-11,iShares U.S. Financial Services ETF,,IYG,6/11/2024,6/11/2024,6/17/2024,0.210144,,,
2024-09-25,iShares U.S. Financial Services ETF,,IYG,9/25/2024,9/25/2024,9/30/2024,0.239761,,,
2025-03-18,iShares U.S. Financial Services ETF,,IYG,3/18/2025,3/18/2025,3/21/2025,0.213485,,,
2025-06-16,iShares U.S. Financial Services ETF,,IYG,6/16/2025,6/16/2025,6/20/2025,0.218335,,,
2025-09-16,iShares U.S. Financial Services ETF,,IYG,9/16/2025,9/16/2025,9/19/2025,0.229779,,,
2022-03-24,iShares U.S. Healthcare ETF,,IYH,3/25/2022,3/24/2022,3/30/2022,0.687293,,,
2022-06-09,iShares U.S. Healthcare ETF,,IYH,6/10/2022,6/9/2022,6/15/2022,0.598995,,,
2022-09-26,iShares U.S. Healthcare ETF,,IYH,9/27/2022,9/26/2022,9/30/2022,1.023873,,,
2023-03-23,iShares U.S. Healthcare ETF,,IYH,3/24/2023,3/23/2023,3/29/2023,0.775394,,,
2023-06-07,iShares U.S. Healthcare ETF,,IYH,6/8/2023,6/7/2023,6/13/2023,0.545805,,,
2023-09-26,iShares U.S. Healthcare ETF,,IYH,9/27/2023,9/26/2023,10/2/2023,1.170216,,,
2024-03-21,iShares U.S. Healthcare ETF,,IYH,3/22/2024,3/21/2024,3/27/2024,0.166546,,,
2024-06-11,iShares U.S. Healthcare ETF,,IYH,6/11/2024,6/11/2024,6/17/2024,0.125850,,,
2024-09-25,iShares U.S. Healthcare ETF,,IYH,9/25/2024,9/25/2024,9/30/2024,0.234207,,,
2025-03-18,iShares U.S. Healthcare ETF,,IYH,3/18/2025,3/18/2025,3/21/2025,0.162372,,,
2025-06-16,iShares U.S. Healthcare ETF,,IYH,6/16/2025,6/16/2025,6/20/2025,0.168187,,,
2025-09-16,iShares U.S. Healthcare ETF,,IYH,9/16/2025,9/16/2025,9/19/2025,0.192840,,,
2022-03-24,iShares U.S. Industrials ETF,,IYJ,3/25/2022,3/24/2022,3/30/2022,0.257786,,,
2022-06-09,iShares U.S. Industrials ETF,,IYJ,6/10/2022,6/9/2022,6/15/2022,0.219623,,,
2022-09-26,iShares U.S. Industrials ETF,,IYJ,9/27/2022,9/26/2022,9/30/2022,0.287714,,,
2023-03-23,iShares U.S. Industrials ETF,,IYJ,3/24/2023,3/23/2023,3/29/2023,0.271672,,,
2023-06-07,iShares U.S. Industrials ETF,,IYJ,6/8/2023,6/7/2023,6/13/2023,0.274889,,,
2023-09-26,iShares U.S. Industrials ETF,,IYJ,9/27/2023,9/26/2023,10/2/2023,0.294726,,,
2024-03-21,iShares U.S. Industrials ETF,,IYJ,3/22/2024,3/21/2024,3/27/2024,0.242603,,,
2024-06-11,iShares U.S. Industrials ETF,,IYJ,6/11/2024,6/11/2024,6/17/2024,0.264313,,,
2024-09-25,iShares U.S. Industrials ETF,,IYJ,9/25/2024,9/25/2024,9/30/2024,0.301602,,,
2025-03-18,iShares U.S. Industrials ETF,,IYJ,3/18/2025,3/18/2025,3/21/2025,0.275068,,,
2025-06-16,iShares U.S. Industrials ETF,,IYJ,6/16/2025,6/16/2025,6/20/2025,0.262299,,,
2025-09-16,iShares U.S. Industrials ETF,,IYJ,9/16/2025,9/16/2025,9/19/2025,0.416467,,,
2022-03-24,iShares U.S. Consumer Staples ETF,,IYK,3/25/2022,3/24/2022,3/30/2022,0.769693,,,
2022-06-09,iShares U.S. Consumer Staples ETF,,IYK,6/10/2022,6/9/2022,6/15/2022,0.803414,,,
2022-09-26,iShares U.S. Consumer Staples ETF,,IYK,9/27/2022,9/26/2022,9/30/2022,1.331942,,,
2023-03-23,iShares U.S. Consumer Staples ETF,,IYK,3/24/2023,3/23/2023,3/29/2023,0.868261,,,
2023-06-07,iShares U.S. Consumer Staples ETF,,IYK,6/8/2023,6/7/2023,6/13/2023,1.014718,,,
2023-09-26,iShares U.S. Consumer Staples ETF,,IYK,9/27/2023,9/26/2023,10/2/2023,1.776554,,,
2024-03-21,iShares U.S. Consumer Staples ETF,,IYK,3/22/2024,3/21/2024,3/27/2024,0.286249,,,
2024-06-11,iShares U.S. Consumer Staples ETF,,IYK,6/11/2024,6/11/2024,6/17/2024,0.403246,,,
2024-09-25,iShares U.S. Consumer Staples ETF,,IYK,9/25/2024,9/25/2024,9/30/2024,0.516496,,,
2025-03-18,iShares U.S. Consumer Staples ETF,,IYK,3/18/2025,3/18/2025,3/21/2025,0.287529,,,
2025-06-16,iShares U.S. Consumer Staples ETF,,IYK,6/16/2025,6/16/2025,6/20/2025,0.407465,,,
2025-09-16,iShares U.S. Consumer Staples ETF,,IYK,9/16/2025,9/16/2025,9/19/2025,0.448303,,,
2022-02-02,iShares Morningstar Multi-Asset Income ETF,,IYLD,2/3/2022,2/2/2022,2/8/2022,0.037064,,,
2022-03-02,iShares Morningstar Multi-Asset Income ETF,,IYLD,3/3/2022,3/2/2022,3/8/2022,0.037117,,,
2022-04-04,iShares Morningstar Multi-Asset Income ETF,,IYLD,4/5/2022,4/4/2022,4/8/2022,0.089257,,,
2022-05-03,iShares Morningstar Multi-Asset Income ETF,,IYLD,5/4/2022,5/3/2022,5/9/2022,0.044521,,,
2022-06-02,iShares Morningstar Multi-Asset Income ETF,,IYLD,6/3/2022,6/2/2022,6/8/2022,0.053046,,,
2022-07-05,iShares Morningstar Multi-Asset Income ETF,,IYLD,7/6/2022,7/5/2022,7/11/2022,0.156608,,,
2022-08-02,iShares Morningstar Multi-Asset Income ETF,,IYLD,8/3/2022,8/2/2022,8/8/2022,0.053313,,,
2022-09-02,iShares Morningstar Multi-Asset Income ETF,,IYLD,9/6/2022,9/2/2022,9/9/2022,0.055710,,,
2022-10-04,iShares Morningstar Multi-Asset Income ETF,,IYLD,10/5/2022,10/4/2022,10/11/2022,0.192969,,,
2022-11-02,iShares Morningstar Multi-Asset Income ETF,,IYLD,11/3/2022,11/2/2022,11/8/2022,0.056213,,,
2023-02-02,iShares Morningstar Multi-Asset Income ETF,,IYLD,2/3/2023,2/2/2023,2/8/2023,0.056107,,,
2023-03-02,iShares Morningstar Multi-Asset Income ETF,,IYLD,3/3/2023,3/2/2023,3/8/2023,0.058850,,,
2023-04-04,iShares Morningstar Multi-Asset Income ETF,,IYLD,4/5/2023,4/4/2023,4/10/2023,0.096400,,,
2023-05-02,iShares Morningstar Multi-Asset Income ETF,,IYLD,5/3/2023,5/2/2023,5/8/2023,0.051760,,,
2023-06-02,iShares Morningstar Multi-Asset Income ETF,,IYLD,6/5/2023,6/2/2023,6/8/2023,0.056279,,,
2023-07-05,iShares Morningstar Multi-Asset Income ETF,,IYLD,7/6/2023,7/5/2023,7/11/2023,0.220375,,,
2023-08-02,iShares Morningstar Multi-Asset Income ETF,,IYLD,8/3/2023,8/2/2023,8/8/2023,0.055855,,,
2023-09-05,iShares Morningstar Multi-Asset Income ETF,,IYLD,9/6/2023,9/5/2023,9/11/2023,0.065780,,,
2023-10-03,iShares Morningstar Multi-Asset Income ETF,,IYLD,10/4/2023,10/3/2023,10/10/2023,0.190581,,,
2023-11-02,iShares Morningstar Multi-Asset Income ETF,,IYLD,11/3/2023,11/2/2023,11/8/2023,0.065966,,,
2024-02-02,iShares Morningstar Multi-Asset Income ETF,,IYLD,2/5/2024,2/2/2024,2/8/2024,0.068846,,,
2024-03-04,iShares Morningstar Multi-Asset Income ETF,,IYLD,3/5/2024,3/4/2024,3/8/2024,0.072299,,,
2024-04-02,iShares Morningstar Multi-Asset Income ETF,,IYLD,4/3/2024,4/2/2024,4/8/2024,0.089387,,,
2024-05-02,iShares Morningstar Multi-Asset Income ETF,,IYLD,5/3/2024,5/2/2024,5/8/2024,0.062366,,,
2024-06-04,iShares Morningstar Multi-Asset Income ETF,,IYLD,6/4/2024,6/4/2024,6/10/2024,0.064030,,,
2024-07-02,iShares Morningstar Multi-Asset Income ETF,,IYLD,7/2/2024,7/2/2024,7/8/2024,0.172616,,,
2024-08-02,iShares Morningstar Multi-Asset Income ETF,,IYLD,8/2/2024,8/2/2024,8/7/2024,0.065384,,,
2024-09-04,iShares Morningstar Multi-Asset Income ETF,,IYLD,9/4/2024,9/4/2024,9/9/2024,0.063013,,,
2024-10-02,iShares Morningstar Multi-Asset Income ETF,,IYLD,10/2/2024,10/2/2024,10/7/2024,0.071611,,,
2024-11-04,iShares Morningstar Multi-Asset Income ETF,,IYLD,11/4/2024,11/4/2024,11/7/2024,0.063132,,,
2025-02-04,iShares Morningstar Multi-Asset Income ETF,,IYLD,2/4/2025,2/4/2025,2/7/2025,0.064922,,,
2025-03-04,iShares Morningstar Multi-Asset Income ETF,,IYLD,3/4/2025,3/4/2025,3/7/2025,0.063447,,,
2025-04-02,iShares Morningstar Multi-Asset Income ETF,,IYLD,4/2/2025,4/2/2025,4/7/2025,0.068618,,,
2025-05-02,iShares Morningstar Multi-Asset Income ETF,,IYLD,5/2/2025,5/2/2025,5/7/2025,0.061122,,,
2025-06-03,iShares Morningstar Multi-Asset Income ETF,,IYLD,6/3/2025,6/3/2025,6/6/2025,0.064559,,,
2025-07-02,iShares Morningstar Multi-Asset Income ETF,,IYLD,7/2/2025,7/2/2025,7/8/2025,0.163958,,,
2025-08-04,iShares Morningstar Multi-Asset Income ETF,,IYLD,8/4/2025,8/4/2025,8/7/2025,0.063482,,,
2025-09-03,iShares Morningstar Multi-Asset Income ETF,,IYLD,9/3/2025,9/3/2025,9/8/2025,0.066368,,,
2025-10-02,iShares Morningstar Multi-Asset Income ETF,,IYLD,10/2/2025,10/2/2025,10/7/2025,0.074207,,,
2025-11-04,iShares Morningstar Multi-Asset Income ETF,,IYLD,11/4/2025,11/4/2025,11/7/2025,0.065839,,,
2022-03-24,iShares U.S. Basic Materials ETF,,IYM,3/25/2022,3/24/2022,3/30/2022,0.423995,,,
2022-06-09,iShares U.S. Basic Materials ETF,,IYM,6/10/2022,6/9/2022,6/15/2022,0.825518,,,
2022-09-26,iShares U.S. Basic Materials ETF,,IYM,9/27/2022,9/26/2022,9/30/2022,0.716557,,,
2023-03-23,iShares U.S. Basic Materials ETF,,IYM,3/24/2023,3/23/2023,3/29/2023,0.455557,,,
2023-06-07,iShares U.S. Basic Materials ETF,,IYM,6/8/2023,6/7/2023,6/13/2023,0.527128,,,
2023-09-26,iShares U.S. Basic Materials ETF,,IYM,9/27/2023,9/26/2023,10/2/2023,0.728438,,,
2024-03-21,iShares U.S. Basic Materials ETF,,IYM,3/22/2024,3/21/2024,3/27/2024,0.458591,,,
2024-06-11,iShares U.S. Basic Materials ETF,,IYM,6/11/2024,6/11/2024,6/17/2024,0.502282,,,
2024-09-25,iShares U.S. Basic Materials ETF,,IYM,9/25/2024,9/25/2024,9/30/2024,0.611723,,,
2025-03-18,iShares U.S. Basic Materials ETF,,IYM,3/18/2025,3/18/2025,3/21/2025,0.477874,,,
2025-06-16,iShares U.S. Basic Materials ETF,,IYM,6/16/2025,6/16/2025,6/20/2025,0.474432,,,
2025-09-16,iShares U.S. Basic Materials ETF,,IYM,9/16/2025,9/16/2025,9/19/2025,0.618796,,,
2022-03-24,iShares U.S. Real Estate ETF,,IYR,3/25/2022,3/24/2022,3/30/2022,0.432603,,,
2022-06-09,iShares U.S. Real Estate ETF,,IYR,6/10/2022,6/9/2022,6/15/2022,0.344958,,,
2022-09-26,iShares U.S. Real Estate ETF,,IYR,9/27/2022,9/26/2022,9/30/2022,0.892564,,,
2023-03-23,iShares U.S. Real Estate ETF,,IYR,3/24/2023,3/23/2023,3/29/2023,0.450732,,,
2023-06-07,iShares U.S. Real Estate ETF,,IYR,6/8/2023,6/7/2023,6/13/2023,0.395859,,,
2023-09-26,iShares U.S. Real Estate ETF,,IYR,9/27/2023,9/26/2023,10/2/2023,0.900410,,,
2024-03-21,iShares U.S. Real Estate ETF,,IYR,3/22/2024,3/21/2024,3/27/2024,0.336544,,,
2024-06-11,iShares U.S. Real Estate ETF,,IYR,6/11/2024,6/11/2024,6/17/2024,0.546023,,,
2024-09-25,iShares U.S. Real Estate ETF,,IYR,9/25/2024,9/25/2024,9/30/2024,0.712553,,,
2025-03-18,iShares U.S. Real Estate ETF,,IYR,3/18/2025,3/18/2025,3/21/2025,0.358576,,,
2025-06-16,iShares U.S. Real Estate ETF,,IYR,6/16/2025,6/16/2025,6/20/2025,0.494542,,,
2025-09-16,iShares U.S. Real Estate ETF,,IYR,9/16/2025,9/16/2025,9/19/2025,0.615029,,,
2022-03-24,iShares U.S. Transportation ETF,,IYT,3/25/2022,3/24/2022,3/30/2022,0.710092,,,
2022-06-09,iShares U.S. Transportation ETF,,IYT,6/10/2022,6/9/2022,6/15/2022,0.675255,,,
2022-09-26,iShares U.S. Transportation ETF,,IYT,9/27/2022,9/26/2022,9/30/2022,0.698911,,,
2023-03-23,iShares U.S. Transportation ETF,,IYT,3/24/2023,3/23/2023,3/29/2023,0.804078,,,
2023-06-07,iShares U.S. Transportation ETF,,IYT,6/8/2023,6/7/2023,6/13/2023,0.685324,,,
2023-09-26,iShares U.S. Transportation ETF,,IYT,9/27/2023,9/26/2023,10/2/2023,0.967855,,,
2024-03-21,iShares U.S. Transportation ETF,,IYT,3/22/2024,3/21/2024,3/27/2024,0.186373,,,
2024-06-11,iShares U.S. Transportation ETF,,IYT,6/11/2024,6/11/2024,6/17/2024,0.177666,,,
2024-09-25,iShares U.S. Transportation ETF,,IYT,9/25/2024,9/25/2024,9/30/2024,0.204897,,,
2025-03-18,iShares U.S. Transportation ETF,,IYT,3/18/2025,3/18/2025,3/21/2025,0.213216,,,
2025-06-16,iShares U.S. Transportation ETF,,IYT,6/16/2025,6/16/2025,6/20/2025,0.171362,,,
2025-09-16,iShares U.S. Transportation ETF,,IYT,9/16/2025,9/16/2025,9/19/2025,0.213902,,,
2022-03-24,iShares U.S. Technology ETF,,IYW,3/25/2022,3/24/2022,3/30/2022,0.038644,,,
2022-06-09,iShares U.S. Technology ETF,,IYW,6/10/2022,6/9/2022,6/15/2022,0.075864,,,
2022-09-26,iShares U.S. Technology ETF,,IYW,9/27/2022,9/26/2022,9/30/2022,0.113703,,,
2023-03-23,iShares U.S. Technology ETF,,IYW,3/24/2023,3/23/2023,3/29/2023,0.100958,,,
2023-06-07,iShares U.S. Technology ETF,,IYW,6/8/2023,6/7/2023,6/13/2023,0.067516,,,
2023-09-26,iShares U.S. Technology ETF,,IYW,9/27/2023,9/26/2023,10/2/2023,0.088681,,,
2024-03-21,iShares U.S. Technology ETF,,IYW,3/22/2024,3/21/2024,3/27/2024,0.078730,,,
2024-06-11,iShares U.S. Technology ETF,,IYW,6/11/2024,6/11/2024,6/17/2024,0.079680,,,
2024-09-25,iShares U.S. Technology ETF,,IYW,9/25/2024,9/25/2024,9/30/2024,0.107134,,,
2025-03-18,iShares U.S. Technology ETF,,IYW,3/18/2025,3/18/2025,3/21/2025,0.075357,,,
2025-06-16,iShares U.S. Technology ETF,,IYW,6/16/2025,6/16/2025,6/20/2025,0.085836,,,
2025-09-16,iShares U.S. Technology ETF,,IYW,9/16/2025,9/16/2025,9/19/2025,0.059573,,,
2022-03-24,iShares Dow Jones U.S. ETF,,IYY,3/25/2022,3/24/2022,3/30/2022,0.296394,,,
2022-06-09,iShares Dow Jones U.S. ETF,,IYY,6/10/2022,6/9/2022,6/15/2022,0.269762,,,
2022-09-26,iShares Dow Jones U.S. ETF,,IYY,9/27/2022,9/26/2022,9/30/2022,0.401603,,,
2023-03-23,iShares Dow Jones U.S. ETF,,IYY,3/24/2023,3/23/2023,3/29/2023,0.344794,,,
2023-06-07,iShares Dow Jones U.S. ETF,,IYY,6/8/2023,6/7/2023,6/13/2023,0.272031,,,
2023-09-26,iShares Dow Jones U.S. ETF,,IYY,9/27/2023,9/26/2023,10/2/2023,0.422320,,,
2024-03-21,iShares Dow Jones U.S. ETF,,IYY,3/22/2024,3/21/2024,3/27/2024,0.329755,,,
2024-06-11,iShares Dow Jones U.S. ETF,,IYY,6/11/2024,6/11/2024,6/17/2024,0.315265,,,
2024-09-25,iShares Dow Jones U.S. ETF,,IYY,9/25/2024,9/25/2024,9/30/2024,0.429357,,,
2025-03-18,iShares Dow Jones U.S. ETF,,IYY,3/18/2025,3/18/2025,3/21/2025,0.351039,,,
2025-06-16,iShares Dow Jones U.S. ETF,,IYY,6/16/2025,6/16/2025,6/20/2025,0.349879,,,
2025-09-16,iShares Dow Jones U.S. ETF,,IYY,9/16/2025,9/16/2025,9/19/2025,0.398289,,,
2022-03-24,iShares U.S. Telecommunications ETF,,IYZ,3/25/2022,3/24/2022,3/30/2022,0.156237,,,
2022-06-09,iShares U.S. Telecommunications ETF,,IYZ,6/10/2022,6/9/2022,6/15/2022,0.152874,,,
2022-09-26,iShares U.S. Telecommunications ETF,,IYZ,9/27/2022,9/26/2022,9/30/2022,0.097915,,,
2023-03-23,iShares U.S. Telecommunications ETF,,IYZ,3/24/2023,3/23/2023,3/29/2023,0.164332,,,
2023-06-07,iShares U.S. Telecommunications ETF,,IYZ,6/8/2023,6/7/2023,6/13/2023,0.123930,,,
2023-09-26,iShares U.S. Telecommunications ETF,,IYZ,9/27/2023,9/26/2023,10/2/2023,0.106832,,,
2024-03-21,iShares U.S. Telecommunications ETF,,IYZ,3/22/2024,3/21/2024,3/27/2024,0.146414,,,
2024-06-11,iShares U.S. Telecommunications ETF,,IYZ,6/11/2024,6/11/2024,6/17/2024,0.137936,,,
2024-09-25,iShares U.S. Telecommunications ETF,,IYZ,9/25/2024,9/25/2024,9/30/2024,0.119159,,,
2025-03-18,iShares U.S. Telecommunications ETF,,IYZ,3/18/2025,3/18/2025,3/21/2025,0.170317,,,
2025-06-16,iShares U.S. Telecommunications ETF,,IYZ,6/16/2025,6/16/2025,6/20/2025,0.122207,,,
2025-09-16,iShares U.S. Telecommunications ETF,,IYZ,9/16/2025,9/16/2025,9/19/2025,0.208279,,,
2022-06-09,iShares JPX-Nikkei 400 ETF,,JPXN,6/10/2022,6/9/2022,6/15/2022,0.755557,,,
2023-06-07,iShares JPX-Nikkei 400 ETF,,JPXN,6/8/2023,6/7/2023,6/13/2023,0.499397,,,
2024-06-11,iShares JPX-Nikkei 400 ETF,,JPXN,6/11/2024,6/11/2024,6/17/2024,0.631736,,,
2025-06-16,iShares JPX-Nikkei 400 ETF,,JPXN,6/16/2025,6/16/2025,6/20/2025,0.676707,,,
2022-06-09,iShares Global Utilities ETF,,JXI,6/10/2022,6/9/2022,6/15/2022,0.849083,,,
2023-06-07,iShares Global Utilities ETF,,JXI,6/8/2023,6/7/2023,6/13/2023,0.955724,,,
2024-06-11,iShares Global Utilities ETF,,JXI,6/11/2024,6/11/2024,6/17/2024,0.989386,,,
2025-06-16,iShares Global Utilities ETF,,JXI,6/16/2025,6/16/2025,6/20/2025,1.093714,,,
2022-06-09,iShares MSCI Saudi Arabia ETF,,KSA,6/10/2022,6/9/2022,6/15/2022,0.350973,,,
2023-06-07,iShares MSCI Saudi Arabia ETF,,KSA,6/8/2023,6/7/2023,6/13/2023,0.520549,,,
2024-06-11,iShares MSCI Saudi Arabia ETF,,KSA,6/11/2024,6/11/2024,6/17/2024,0.640757,,,
2025-06-16,iShares MSCI Saudi Arabia ETF,,KSA,6/16/2025,6/16/2025,6/23/2025,0.667418,,,
2022-06-09,iShares MSCI Kuwait ETF,,KWT,6/10/2022,6/9/2022,6/15/2022,0.748725,,,
2023-06-07,iShares MSCI Kuwait ETF,,KWT,6/8/2023,6/7/2023,6/13/2023,0.682803,,,
2024-06-11,iShares MSCI Kuwait ETF,,KWT,6/11/2024,6/11/2024,6/17/2024,1.478079,,,
2025-06-16,iShares MSCI Kuwait ETF,,KWT,6/16/2025,6/16/2025,6/23/2025,0.810473,,,
2022-06-09,iShares Global Consumer Staples ETF,,KXI,6/10/2022,6/9/2022,6/15/2022,0.595175,,,
2023-06-07,iShares Global Consumer Staples ETF,,KXI,6/8/2023,6/7/2023,6/13/2023,0.613575,,,
2024-06-11,iShares Global Consumer Staples ETF,,KXI,6/11/2024,6/11/2024,6/17/2024,0.659257,,,
2025-06-16,iShares Global Consumer Staples ETF,,KXI,6/16/2025,6/16/2025,6/20/2025,0.697022,,,
2022-06-09,BlackRock World ex U.S. Carbon Transition Readiness ETF,,LCTD,6/10/2022,6/9/2022,6/15/2022,0.840742,,,
2023-06-07,BlackRock World ex U.S. Carbon Transition Readiness ETF,,LCTD,6/8/2023,6/7/2023,6/13/2023,0.807868,,,
2024-06-11,BlackRock World ex U.S. Carbon Transition Readiness ETF,,LCTD,6/11/2024,6/11/2024,6/17/2024,0.995708,,,
2025-06-16,BlackRock World ex U.S. Carbon Transition Readiness ETF,,LCTD,6/16/2025,6/16/2025,6/20/2025,1.006824,,,
2022-03-24,BlackRock U.S. Carbon Transition Readiness ETF,,LCTU,3/25/2022,3/24/2022,3/30/2022,0.176200,,,
2022-06-09,BlackRock U.S. Carbon Transition Readiness ETF,,LCTU,6/10/2022,6/9/2022,6/15/2022,0.131062,,,
2022-09-26,BlackRock U.S. Carbon Transition Readiness ETF,,LCTU,9/27/2022,9/26/2022,9/30/2022,0.191499,,,
2023-03-23,BlackRock U.S. Carbon Transition Readiness ETF,,LCTU,3/24/2023,3/23/2023,3/29/2023,0.184354,,,
2023-06-07,BlackRock U.S. Carbon Transition Readiness ETF,,LCTU,6/8/2023,6/7/2023,6/13/2023,0.150552,,,
2023-09-26,BlackRock U.S. Carbon Transition Readiness ETF,,LCTU,9/27/2023,9/26/2023,10/2/2023,0.207849,,,
2024-03-21,BlackRock U.S. Carbon Transition Readiness ETF,,LCTU,3/22/2024,3/21/2024,3/27/2024,0.174448,,,
2024-06-11,BlackRock U.S. Carbon Transition Readiness ETF,,LCTU,6/11/2024,6/11/2024,6/17/2024,0.161636,,,
2024-09-25,BlackRock U.S. Carbon Transition Readiness ETF,,LCTU,9/25/2024,9/25/2024,9/30/2024,0.249607,,,
2025-03-18,BlackRock U.S. Carbon Transition Readiness ETF,,LCTU,3/18/2025,3/18/2025,3/21/2025,0.162711,,,
2025-06-16,BlackRock U.S. Carbon Transition Readiness ETF,,LCTU,6/16/2025,6/16/2025,6/20/2025,0.160095,,,
2025-09-16,BlackRock U.S. Carbon Transition Readiness ETF,,LCTU,9/16/2025,9/16/2025,9/19/2025,0.183558,,,
2022-06-09,iShares ESG MSCI EM Leaders ETF,,LDEM,6/10/2022,6/9/2022,6/15/2022,,,0.407534,
2023-06-07,iShares ESG MSCI EM Leaders ETF,,LDEM,6/8/2023,6/7/2023,6/13/2023,0.399474,,,
2024-06-11,iShares ESG MSCI EM Leaders ETF,,LDEM,6/11/2024,6/11/2024,6/17/2024,0.438145,,,
2025-06-16,iShares ESG MSCI EM Leaders ETF,,LDEM,6/16/2025,6/16/2025,6/20/2025,0.715119,,,
2025-02-04,iShares iBonds 1-5 Year Corporate Ladder ETF,,LDRC,2/4/2025,2/4/2025,2/7/2025,0.094423,,,
2025-03-04,iShares iBonds 1-5 Year Corporate Ladder ETF,,LDRC,3/4/2025,3/4/2025,3/7/2025,0.092221,,,
2025-04-02,iShares iBonds 1-5 Year Corporate Ladder ETF,,LDRC,4/2/2025,4/2/2025,4/7/2025,0.091989,,,
2025-05-02,iShares iBonds 1-5 Year Corporate Ladder ETF,,LDRC,5/2/2025,5/2/2025,5/7/2025,0.093273,,,
2025-06-03,iShares iBonds 1-5 Year Corporate Ladder ETF,,LDRC,6/3/2025,6/3/2025,6/6/2025,0.095218,,,
2025-07-02,iShares iBonds 1-5 Year Corporate Ladder ETF,,LDRC,7/2/2025,7/2/2025,7/8/2025,0.097097,,,
2025-08-04,iShares iBonds 1-5 Year Corporate Ladder ETF,,LDRC,8/4/2025,8/4/2025,8/7/2025,0.094469,,,
2025-09-03,iShares iBonds 1-5 Year Corporate Ladder ETF,,LDRC,9/3/2025,9/3/2025,9/8/2025,0.093457,,,
2025-10-02,iShares iBonds 1-5 Year Corporate Ladder ETF,,LDRC,10/2/2025,10/2/2025,10/7/2025,0.093648,,,
2025-11-04,iShares iBonds 1-5 Year Corporate Ladder ETF,,LDRC,11/4/2025,11/4/2025,11/7/2025,0.093356,,,
2025-04-02,iShares iBonds 1-5 Year TIPS Ladder ETF,,LDRI,4/2/2025,4/2/2025,4/7/2025,0.227929,,,
2025-07-02,iShares iBonds 1-5 Year TIPS Ladder ETF,,LDRI,7/2/2025,7/2/2025,7/8/2025,0.270104,,,
2025-10-02,iShares iBonds 1-5 Year TIPS Ladder ETF,,LDRI,10/2/2025,10/2/2025,10/7/2025,0.260181,,,
2025-02-04,iShares iBonds 1-5 Year Treasury Ladder ETF,,LDRT,2/4/2025,2/4/2025,2/7/2025,0.082839,,,
2025-03-04,iShares iBonds 1-5 Year Treasury Ladder ETF,,LDRT,3/4/2025,3/4/2025,3/7/2025,0.079708,,,
2025-04-02,iShares iBonds 1-5 Year Treasury Ladder ETF,,LDRT,4/2/2025,4/2/2025,4/7/2025,0.085360,,,
2025-05-02,iShares iBonds 1-5 Year Treasury Ladder ETF,,LDRT,5/2/2025,5/2/2025,5/7/2025,0.083784,,,
2025-06-03,iShares iBonds 1-5 Year Treasury Ladder ETF,,LDRT,6/3/2025,6/3/2025,6/6/2025,0.086033,,,
2025-07-02,iShares iBonds 1-5 Year Treasury Ladder ETF,,LDRT,7/2/2025,7/2/2025,7/8/2025,0.083624,,,
2025-08-04,iShares iBonds 1-5 Year Treasury Ladder ETF,,LDRT,8/4/2025,8/4/2025,8/7/2025,0.084242,,,
2025-09-03,iShares iBonds 1-5 Year Treasury Ladder ETF,,LDRT,9/3/2025,9/3/2025,9/8/2025,0.083580,,,
2025-10-02,iShares iBonds 1-5 Year Treasury Ladder ETF,,LDRT,10/2/2025,10/2/2025,10/7/2025,0.080342,,,
2025-11-04,iShares iBonds 1-5 Year Treasury Ladder ETF,,LDRT,11/4/2025,11/4/2025,11/7/2025,0.078424,,,
2025-05-01,iShares Long-Term National Muni Bond ETF,,LMUB,5/1/2025,5/1/2025,5/6/2025,0.004121,,,
2025-06-02,iShares Long-Term National Muni Bond ETF,,LMUB,6/2/2025,6/2/2025,6/5/2025,0.002955,,,
2025-07-01,iShares Long-Term National Muni Bond ETF,,LMUB,7/1/2025,7/1/2025,7/7/2025,0.002962,,,
2025-08-01,iShares Long-Term National Muni Bond ETF,,LMUB,8/1/2025,8/1/2025,8/6/2025,0.002939,,,
2025-09-02,iShares Long-Term National Muni Bond ETF,,LMUB,9/2/2025,9/2/2025,9/5/2025,0.002839,,,
2025-10-01,iShares Long-Term National Muni Bond ETF,,LMUB,10/1/2025,10/1/2025,10/6/2025,0.002811,,,
2025-11-03,iShares Long-Term National Muni Bond ETF,,LMUB,11/3/2025,11/3/2025,11/6/2025,0.002990,,,
2022-02-01,iShares iBoxx $ Investment Grade Corporate Bond ETF,,LQD,2/2/2022,2/1/2022,2/7/2022,0.241952,,,
2022-03-01,iShares iBoxx $ Investment Grade Corporate Bond ETF,,LQD,3/2/2022,3/1/2022,3/7/2022,0.255645,,,
2022-04-01,iShares iBoxx $ Investment Grade Corporate Bond ETF,,LQD,4/4/2022,4/1/2022,4/7/2022,0.254757,,,
2022-05-02,iShares iBoxx $ Investment Grade Corporate Bond ETF,,LQD,5/3/2022,5/2/2022,5/6/2022,0.253598,,,
2022-06-01,iShares iBoxx $ Investment Grade Corporate Bond ETF,,LQD,6/2/2022,6/1/2022,6/7/2022,0.273670,,,
2022-07-01,iShares iBoxx $ Investment Grade Corporate Bond ETF,,LQD,7/5/2022,7/1/2022,7/8/2022,0.297022,,,
2022-08-01,iShares iBoxx $ Investment Grade Corporate Bond ETF,,LQD,8/2/2022,8/1/2022,8/5/2022,0.275879,,,
2022-09-01,iShares iBoxx $ Investment Grade Corporate Bond ETF,,LQD,9/2/2022,9/1/2022,9/8/2022,0.304264,,,
2022-10-03,iShares iBoxx $ Investment Grade Corporate Bond ETF,,LQD,10/4/2022,10/3/2022,10/7/2022,0.339207,,,
2022-11-01,iShares iBoxx $ Investment Grade Corporate Bond ETF,,LQD,11/2/2022,11/1/2022,11/7/2022,0.307073,,,
2023-02-01,iShares iBoxx $ Investment Grade Corporate Bond ETF,,LQD,2/2/2023,2/1/2023,2/7/2023,0.342062,,,
2023-03-01,iShares iBoxx $ Investment Grade Corporate Bond ETF,,LQD,3/2/2023,3/1/2023,3/7/2023,0.371782,,,
2023-04-03,iShares iBoxx $ Investment Grade Corporate Bond ETF,,LQD,4/4/2023,4/3/2023,4/7/2023,0.340481,,,
2023-05-01,iShares iBoxx $ Investment Grade Corporate Bond ETF,,LQD,5/2/2023,5/1/2023,5/5/2023,0.371541,,,
2023-06-01,iShares iBoxx $ Investment Grade Corporate Bond ETF,,LQD,6/2/2023,6/1/2023,6/7/2023,0.348749,,,
2023-07-03,iShares iBoxx $ Investment Grade Corporate Bond ETF,,LQD,7/5/2023,7/3/2023,7/10/2023,0.348214,,,
2023-08-01,iShares iBoxx $ Investment Grade Corporate Bond ETF,,LQD,8/2/2023,8/1/2023,8/7/2023,0.369443,,,
2023-09-01,iShares iBoxx $ Investment Grade Corporate Bond ETF,,LQD,9/5/2023,9/1/2023,9/8/2023,0.377404,,,
2023-10-02,iShares iBoxx $ Investment Grade Corporate Bond ETF,,LQD,10/3/2023,10/2/2023,10/6/2023,0.398993,,,
2023-11-01,iShares iBoxx $ Investment Grade Corporate Bond ETF,,LQD,11/2/2023,11/1/2023,11/7/2023,0.364382,,,
2024-02-01,iShares iBoxx $ Investment Grade Corporate Bond ETF,,LQD,2/2/2024,2/1/2024,2/7/2024,0.388600,,,
2024-03-01,iShares iBoxx $ Investment Grade Corporate Bond ETF,,LQD,3/4/2024,3/1/2024,3/7/2024,0.393216,,,
2024-04-01,iShares iBoxx $ Investment Grade Corporate Bond ETF,,LQD,4/2/2024,4/1/2024,4/5/2024,0.410720,,,
2024-05-01,iShares iBoxx $ Investment Grade Corporate Bond ETF,,LQD,5/2/2024,5/1/2024,5/7/2024,0.414995,,,
2024-06-03,iShares iBoxx $ Investment Grade Corporate Bond ETF,,LQD,6/3/2024,6/3/2024,6/7/2024,0.404508,,,
2024-07-01,iShares iBoxx $ Investment Grade Corporate Bond ETF,,LQD,7/1/2024,7/1/2024,7/5/2024,0.375754,,,
2024-08-01,iShares iBoxx $ Investment Grade Corporate Bond ETF,,LQD,8/1/2024,8/1/2024,8/6/2024,0.392440,,,
2024-09-03,iShares iBoxx $ Investment Grade Corporate Bond ETF,,LQD,9/3/2024,9/3/2024,9/6/2024,0.405248,,,
2024-10-01,iShares iBoxx $ Investment Grade Corporate Bond ETF,,LQD,10/1/2024,10/1/2024,10/4/2024,0.411243,,,
2024-11-01,iShares iBoxx $ Investment Grade Corporate Bond ETF,,LQD,11/1/2024,11/1/2024,11/6/2024,0.385242,,,
2025-02-03,iShares iBoxx $ Investment Grade Corporate Bond ETF,,LQD,2/3/2025,2/3/2025,2/6/2025,0.388977,,,
2025-03-03,iShares iBoxx $ Investment Grade Corporate Bond ETF,,LQD,3/3/2025,3/3/2025,3/6/2025,0.414742,,,
2025-04-01,iShares iBoxx $ Investment Grade Corporate Bond ETF,,LQD,4/1/2025,4/1/2025,4/4/2025,0.416781,,,
2025-05-01,iShares iBoxx $ Investment Grade Corporate Bond ETF,,LQD,5/1/2025,5/1/2025,5/6/2025,0.431941,,,
2025-06-02,iShares iBoxx $ Investment Grade Corporate Bond ETF,,LQD,6/2/2025,6/2/2025,6/5/2025,0.396319,,,
2025-07-01,iShares iBoxx $ Investment Grade Corporate Bond ETF,,LQD,7/1/2025,7/1/2025,7/7/2025,0.401927,,,
2025-08-01,iShares iBoxx $ Investment Grade Corporate Bond ETF,,LQD,8/1/2025,8/1/2025,8/6/2025,0.444155,,,
2025-09-02,iShares iBoxx $ Investment Grade Corporate Bond ETF,,LQD,9/2/2025,9/2/2025,9/5/2025,0.384434,,,
2025-10-01,iShares iBoxx $ Investment Grade Corporate Bond ETF,,LQD,10/1/2025,10/1/2025,10/6/2025,0.406036,,,
2025-11-03,iShares iBoxx $ Investment Grade Corporate Bond ETF,,LQD,11/3/2025,11/3/2025,11/6/2025,0.402445,,,
2022-02-01,iShares BBB Rated Corporate Bond ETF,,LQDB,2/2/2022,2/1/2022,2/7/2022,0.185991,,,
2022-03-01,iShares BBB Rated Corporate Bond ETF,,LQDB,3/2/2022,3/1/2022,3/7/2022,0.196166,,,
2022-04-01,iShares BBB Rated Corporate Bond ETF,,LQDB,4/4/2022,4/1/2022,4/7/2022,0.199789,,,
2022-05-02,iShares BBB Rated Corporate Bond ETF,,LQDB,5/3/2022,5/2/2022,5/6/2022,0.200401,,,
2022-06-01,iShares BBB Rated Corporate Bond ETF,,LQDB,6/2/2022,6/1/2022,6/7/2022,0.202070,,,
2022-07-01,iShares BBB Rated Corporate Bond ETF,,LQDB,7/5/2022,7/1/2022,7/8/2022,0.203515,,,
2022-08-01,iShares BBB Rated Corporate Bond ETF,,LQDB,8/2/2022,8/1/2022,8/5/2022,0.209736,,,
2022-09-01,iShares BBB Rated Corporate Bond ETF,,LQDB,9/2/2022,9/1/2022,9/8/2022,0.211138,,,
2022-10-03,iShares BBB Rated Corporate Bond ETF,,LQDB,10/4/2022,10/3/2022,10/7/2022,0.291474,,,
2022-11-01,iShares BBB Rated Corporate Bond ETF,,LQDB,11/2/2022,11/1/2022,11/7/2022,0.361470,,,
2023-02-01,iShares BBB Rated Corporate Bond ETF,,LQDB,2/2/2023,2/1/2023,2/7/2023,0.219395,,,
2023-03-01,iShares BBB Rated Corporate Bond ETF,,LQDB,3/2/2023,3/1/2023,3/7/2023,0.233728,,,
2023-04-03,iShares BBB Rated Corporate Bond ETF,,LQDB,4/4/2023,4/3/2023,4/7/2023,0.301626,,,
2023-05-01,iShares BBB Rated Corporate Bond ETF,,LQDB,5/2/2023,5/1/2023,5/5/2023,0.307056,,,
2023-06-01,iShares BBB Rated Corporate Bond ETF,,LQDB,6/2/2023,6/1/2023,6/7/2023,0.281832,,,
2023-07-03,iShares BBB Rated Corporate Bond ETF,,LQDB,7/5/2023,7/3/2023,7/10/2023,0.287724,,,
2023-08-01,iShares BBB Rated Corporate Bond ETF,,LQDB,8/2/2023,8/1/2023,8/7/2023,0.288050,,,
2023-09-01,iShares BBB Rated Corporate Bond ETF,,LQDB,9/5/2023,9/1/2023,9/8/2023,0.280313,,,
2023-10-02,iShares BBB Rated Corporate Bond ETF,,LQDB,10/3/2023,10/2/2023,10/6/2023,0.281889,,,
2023-11-01,iShares BBB Rated Corporate Bond ETF,,LQDB,11/2/2023,11/1/2023,11/7/2023,0.288245,,,
2024-02-01,iShares BBB Rated Corporate Bond ETF,,LQDB,2/2/2024,2/1/2024,2/7/2024,0.307707,,,
2024-03-01,iShares BBB Rated Corporate Bond ETF,,LQDB,3/4/2024,3/1/2024,3/7/2024,0.305048,,,
2024-04-01,iShares BBB Rated Corporate Bond ETF,,LQDB,4/2/2024,4/1/2024,4/5/2024,0.320105,,,
2024-05-01,iShares BBB Rated Corporate Bond ETF,,LQDB,5/2/2024,5/1/2024,5/7/2024,0.321571,,,
2024-06-03,iShares BBB Rated Corporate Bond ETF,,LQDB,6/3/2024,6/3/2024,6/7/2024,0.316216,,,
2024-07-01,iShares BBB Rated Corporate Bond ETF,,LQDB,7/1/2024,7/1/2024,7/5/2024,0.324329,,,
2024-08-01,iShares BBB Rated Corporate Bond ETF,,LQDB,8/1/2024,8/1/2024,8/6/2024,0.324699,,,
2024-09-03,iShares BBB Rated Corporate Bond ETF,,LQDB,9/3/2024,9/3/2024,9/6/2024,0.325956,,,
2024-10-01,iShares BBB Rated Corporate Bond ETF,,LQDB,10/1/2024,10/1/2024,10/4/2024,0.314295,,,
2024-11-01,iShares BBB Rated Corporate Bond ETF,,LQDB,11/1/2024,11/1/2024,11/6/2024,0.329137,,,
2025-02-03,iShares BBB Rated Corporate Bond ETF,,LQDB,2/3/2025,2/3/2025,2/6/2025,0.351798,,,
2025-03-03,iShares BBB Rated Corporate Bond ETF,,LQDB,3/3/2025,3/3/2025,3/6/2025,0.349436,,,
2025-04-01,iShares BBB Rated Corporate Bond ETF,,LQDB,4/1/2025,4/1/2025,4/4/2025,0.352743,,,
2025-05-01,iShares BBB Rated Corporate Bond ETF,,LQDB,5/1/2025,5/1/2025,5/6/2025,0.319197,,,
2025-06-02,iShares BBB Rated Corporate Bond ETF,,LQDB,6/2/2025,6/2/2025,6/5/2025,0.322021,,,
2025-07-01,iShares BBB Rated Corporate Bond ETF,,LQDB,7/1/2025,7/1/2025,7/7/2025,0.331908,,,
2025-08-01,iShares BBB Rated Corporate Bond ETF,,LQDB,8/1/2025,8/1/2025,8/6/2025,0.339965,,,
2025-09-02,iShares BBB Rated Corporate Bond ETF,,LQDB,9/2/2025,9/2/2025,9/5/2025,0.340088,,,
2025-10-01,iShares BBB Rated Corporate Bond ETF,,LQDB,10/1/2025,10/1/2025,10/6/2025,0.339759,,,
2025-11-03,iShares BBB Rated Corporate Bond ETF,,LQDB,11/3/2025,11/3/2025,11/6/2025,0.314739,,,
2022-02-02,iShares Interest Rate Hedged Corporate Bond ETF,,LQDH,2/3/2022,2/2/2022,2/8/2022,0.102570,,,
2022-03-02,iShares Interest Rate Hedged Corporate Bond ETF,,LQDH,3/3/2022,3/2/2022,3/8/2022,0.120519,,,
2022-04-04,iShares Interest Rate Hedged Corporate Bond ETF,,LQDH,4/5/2022,4/4/2022,4/8/2022,0.131626,,,
2022-05-03,iShares Interest Rate Hedged Corporate Bond ETF,,LQDH,5/4/2022,5/3/2022,5/9/2022,0.153096,,,
2022-06-02,iShares Interest Rate Hedged Corporate Bond ETF,,LQDH,6/3/2022,6/2/2022,6/8/2022,0.177585,,,
2022-07-05,iShares Interest Rate Hedged Corporate Bond ETF,,LQDH,7/6/2022,7/5/2022,7/11/2022,0.220988,,,
2022-08-02,iShares Interest Rate Hedged Corporate Bond ETF,,LQDH,8/3/2022,8/2/2022,8/8/2022,0.265641,,,
2022-09-02,iShares Interest Rate Hedged Corporate Bond ETF,,LQDH,9/6/2022,9/2/2022,9/9/2022,0.327634,,,
2022-10-04,iShares Interest Rate Hedged Corporate Bond ETF,,LQDH,10/5/2022,10/4/2022,10/11/2022,0.365215,,,
2022-11-02,iShares Interest Rate Hedged Corporate Bond ETF,,LQDH,11/3/2022,11/2/2022,11/8/2022,0.365369,,,
2023-02-02,iShares Interest Rate Hedged Corporate Bond ETF,,LQDH,2/3/2023,2/2/2023,2/8/2023,0.516663,,,
2023-03-02,iShares Interest Rate Hedged Corporate Bond ETF,,LQDH,3/3/2023,3/2/2023,3/8/2023,0.485554,,,
2023-04-04,iShares Interest Rate Hedged Corporate Bond ETF,,LQDH,4/5/2023,4/4/2023,4/10/2023,0.412463,,,
2023-05-02,iShares Interest Rate Hedged Corporate Bond ETF,,LQDH,5/3/2023,5/2/2023,5/8/2023,0.437904,,,
2023-06-02,iShares Interest Rate Hedged Corporate Bond ETF,,LQDH,6/5/2023,6/2/2023,6/8/2023,0.430601,,,
2023-07-05,iShares Interest Rate Hedged Corporate Bond ETF,,LQDH,7/6/2023,7/5/2023,7/11/2023,0.466597,,,
2023-08-02,iShares Interest Rate Hedged Corporate Bond ETF,,LQDH,8/3/2023,8/2/2023,8/8/2023,0.587731,,,
2023-09-05,iShares Interest Rate Hedged Corporate Bond ETF,,LQDH,9/6/2023,9/5/2023,9/11/2023,0.743414,,,
2023-10-03,iShares Interest Rate Hedged Corporate Bond ETF,,LQDH,10/4/2023,10/3/2023,10/10/2023,0.747385,,,
2023-11-02,iShares Interest Rate Hedged Corporate Bond ETF,,LQDH,11/3/2023,11/2/2023,11/8/2023,0.768610,,,
2024-02-02,iShares Interest Rate Hedged Corporate Bond ETF,,LQDH,2/5/2024,2/2/2024,2/8/2024,0.665465,,,
2024-03-04,iShares Interest Rate Hedged Corporate Bond ETF,,LQDH,3/5/2024,3/4/2024,3/8/2024,0.605852,,,
2024-04-02,iShares Interest Rate Hedged Corporate Bond ETF,,LQDH,4/3/2024,4/2/2024,4/8/2024,0.574137,,,
2024-05-02,iShares Interest Rate Hedged Corporate Bond ETF,,LQDH,5/3/2024,5/2/2024,5/8/2024,0.639196,,,
2024-06-04,iShares Interest Rate Hedged Corporate Bond ETF,,LQDH,6/4/2024,6/4/2024,6/10/2024,0.611286,,,
2024-07-02,iShares Interest Rate Hedged Corporate Bond ETF,,LQDH,7/2/2024,7/2/2024,7/8/2024,0.540687,,,
2024-08-02,iShares Interest Rate Hedged Corporate Bond ETF,,LQDH,8/2/2024,8/2/2024,8/7/2024,0.595514,,,
2024-09-04,iShares Interest Rate Hedged Corporate Bond ETF,,LQDH,9/4/2024,9/4/2024,9/9/2024,0.576117,,,
2024-10-02,iShares Interest Rate Hedged Corporate Bond ETF,,LQDH,10/2/2024,10/2/2024,10/7/2024,0.564242,,,
2024-11-04,iShares Interest Rate Hedged Corporate Bond ETF,,LQDH,11/4/2024,11/4/2024,11/7/2024,0.545827,,,
2025-02-04,iShares Interest Rate Hedged Corporate Bond ETF,,LQDH,2/4/2025,2/4/2025,2/7/2025,0.417737,,,
2025-03-04,iShares Interest Rate Hedged Corporate Bond ETF,,LQDH,3/4/2025,3/4/2025,3/7/2025,0.445271,,,
2025-04-02,iShares Interest Rate Hedged Corporate Bond ETF,,LQDH,4/2/2025,4/2/2025,4/7/2025,0.482639,,,
2025-05-02,iShares Interest Rate Hedged Corporate Bond ETF,,LQDH,5/2/2025,5/2/2025,5/7/2025,0.519333,,,
2025-06-03,iShares Interest Rate Hedged Corporate Bond ETF,,LQDH,6/3/2025,6/3/2025,6/6/2025,0.489524,,,
2025-07-02,iShares Interest Rate Hedged Corporate Bond ETF,,LQDH,7/2/2025,7/2/2025,7/8/2025,0.480150,,,
2025-08-04,iShares Interest Rate Hedged Corporate Bond ETF,,LQDH,8/4/2025,8/4/2025,8/7/2025,0.524930,,,
2025-09-03,iShares Interest Rate Hedged Corporate Bond ETF,,LQDH,9/3/2025,9/3/2025,9/8/2025,0.472874,,,
2025-10-02,iShares Interest Rate Hedged Corporate Bond ETF,,LQDH,10/2/2025,10/2/2025,10/7/2025,0.486139,,,
2025-11-04,iShares Interest Rate Hedged Corporate Bond ETF,,LQDH,11/4/2025,11/4/2025,11/7/2025,0.457651,,,
2022-02-02,iShares Inflation Hedged Corporate Bond ETF,,LQDI,2/3/2022,2/2/2022,2/8/2022,0.054920,,,
2022-03-02,iShares Inflation Hedged Corporate Bond ETF,,LQDI,3/3/2022,3/2/2022,3/8/2022,0.060970,,,
2022-04-04,iShares Inflation Hedged Corporate Bond ETF,,LQDI,4/5/2022,4/4/2022,4/8/2022,0.061790,,,
2022-05-03,iShares Inflation Hedged Corporate Bond ETF,,LQDI,5/4/2022,5/3/2022,5/9/2022,0.064640,,,
2022-06-02,iShares Inflation Hedged Corporate Bond ETF,,LQDI,6/3/2022,6/2/2022,6/8/2022,0.066290,,,
2022-07-05,iShares Inflation Hedged Corporate Bond ETF,,LQDI,7/6/2022,7/5/2022,7/11/2022,0.070387,,,
2022-08-02,iShares Inflation Hedged Corporate Bond ETF,,LQDI,8/3/2022,8/2/2022,8/8/2022,0.062847,,,
2022-09-02,iShares Inflation Hedged Corporate Bond ETF,,LQDI,9/6/2022,9/2/2022,9/9/2022,0.068748,,,
2022-10-04,iShares Inflation Hedged Corporate Bond ETF,,LQDI,10/5/2022,10/4/2022,10/11/2022,0.076201,,,
2022-11-02,iShares Inflation Hedged Corporate Bond ETF,,LQDI,11/3/2022,11/2/2022,11/8/2022,0.074020,,,
2023-02-02,iShares Inflation Hedged Corporate Bond ETF,,LQDI,2/3/2023,2/2/2023,2/8/2023,0.074655,,,
2023-03-02,iShares Inflation Hedged Corporate Bond ETF,,LQDI,3/3/2023,3/2/2023,3/8/2023,0.085224,,,
2023-04-04,iShares Inflation Hedged Corporate Bond ETF,,LQDI,4/5/2023,4/4/2023,4/10/2023,0.079565,,,
2023-05-02,iShares Inflation Hedged Corporate Bond ETF,,LQDI,5/3/2023,5/2/2023,5/8/2023,0.084556,,,
2023-06-02,iShares Inflation Hedged Corporate Bond ETF,,LQDI,6/5/2023,6/2/2023,6/8/2023,0.080738,,,
2023-07-05,iShares Inflation Hedged Corporate Bond ETF,,LQDI,7/6/2023,7/5/2023,7/11/2023,0.080873,,,
2023-08-02,iShares Inflation Hedged Corporate Bond ETF,,LQDI,8/3/2023,8/2/2023,8/8/2023,0.085069,,,
2023-09-05,iShares Inflation Hedged Corporate Bond ETF,,LQDI,9/6/2023,9/5/2023,9/11/2023,0.088553,,,
2023-10-03,iShares Inflation Hedged Corporate Bond ETF,,LQDI,10/4/2023,10/3/2023,10/10/2023,0.095683,,,
2023-11-02,iShares Inflation Hedged Corporate Bond ETF,,LQDI,11/3/2023,11/2/2023,11/8/2023,0.097957,,,
2024-02-02,iShares Inflation Hedged Corporate Bond ETF,,LQDI,2/5/2024,2/2/2024,2/8/2024,0.107997,,,
2024-03-04,iShares Inflation Hedged Corporate Bond ETF,,LQDI,3/5/2024,3/4/2024,3/8/2024,0.098111,,,
2024-04-02,iShares Inflation Hedged Corporate Bond ETF,,LQDI,4/3/2024,4/2/2024,4/8/2024,0.096825,,,
2024-05-02,iShares Inflation Hedged Corporate Bond ETF,,LQDI,5/3/2024,5/2/2024,5/8/2024,0.100621,,,
2024-06-04,iShares Inflation Hedged Corporate Bond ETF,,LQDI,6/4/2024,6/4/2024,6/10/2024,0.099999,,,
2024-07-02,iShares Inflation Hedged Corporate Bond ETF,,LQDI,7/2/2024,7/2/2024,7/8/2024,0.092234,,,
2024-08-02,iShares Inflation Hedged Corporate Bond ETF,,LQDI,8/2/2024,8/2/2024,8/7/2024,0.093283,,,
2024-09-04,iShares Inflation Hedged Corporate Bond ETF,,LQDI,9/4/2024,9/4/2024,9/9/2024,0.096127,,,
2024-10-02,iShares Inflation Hedged Corporate Bond ETF,,LQDI,10/2/2024,10/2/2024,10/7/2024,0.098255,,,
2024-11-04,iShares Inflation Hedged Corporate Bond ETF,,LQDI,11/4/2024,11/4/2024,11/7/2024,0.100188,,,
2025-02-04,iShares Inflation Hedged Corporate Bond ETF,,LQDI,2/4/2025,2/4/2025,2/7/2025,0.090584,,,
2025-03-04,iShares Inflation Hedged Corporate Bond ETF,,LQDI,3/4/2025,3/4/2025,3/7/2025,0.099173,,,
2025-04-02,iShares Inflation Hedged Corporate Bond ETF,,LQDI,4/2/2025,4/2/2025,4/7/2025,0.098666,,,
2025-05-02,iShares Inflation Hedged Corporate Bond ETF,,LQDI,5/2/2025,5/2/2025,5/7/2025,0.104801,,,
2025-06-03,iShares Inflation Hedged Corporate Bond ETF,,LQDI,6/3/2025,6/3/2025,6/6/2025,0.097544,,,
2025-07-02,iShares Inflation Hedged Corporate Bond ETF,,LQDI,7/2/2025,7/2/2025,7/8/2025,0.095927,,,
2025-08-04,iShares Inflation Hedged Corporate Bond ETF,,LQDI,8/4/2025,8/4/2025,8/7/2025,0.106234,,,
2025-09-03,iShares Inflation Hedged Corporate Bond ETF,,LQDI,9/3/2025,9/3/2025,9/8/2025,0.094815,,,
2025-10-02,iShares Inflation Hedged Corporate Bond ETF,,LQDI,10/2/2025,10/2/2025,10/7/2025,0.096321,,,
2025-11-04,iShares Inflation Hedged Corporate Bond ETF,,LQDI,11/4/2025,11/4/2025,11/7/2025,0.095227,,,
2022-09-02,iShares Investment Grade Corporate Bond BuyWrite Strategy ETF,,LQDW,9/6/2022,9/2/2022,9/9/2022,0.479492,,,0.072884
2022-10-04,iShares Investment Grade Corporate Bond BuyWrite Strategy ETF,,LQDW,10/5/2022,10/4/2022,10/11/2022,0.377957,,,0.057450
2022-11-02,iShares Investment Grade Corporate Bond BuyWrite Strategy ETF,,LQDW,11/3/2022,11/2/2022,11/8/2022,0.975281,,,
2023-02-02,iShares Investment Grade Corporate Bond BuyWrite Strategy ETF,,LQDW,2/3/2023,2/2/2023,2/8/2023,0.327025,,,0.281105
2023-03-02,iShares Investment Grade Corporate Bond BuyWrite Strategy ETF,,LQDW,3/3/2023,3/2/2023,3/8/2023,0.250335,,,0.215183
2023-04-04,iShares Investment Grade Corporate Bond BuyWrite Strategy ETF,,LQDW,4/5/2023,4/4/2023,4/10/2023,0.293392,,,0.252194
2023-05-02,iShares Investment Grade Corporate Bond BuyWrite Strategy ETF,,LQDW,5/3/2023,5/2/2023,5/8/2023,0.240007,,,0.206305
2023-06-02,iShares Investment Grade Corporate Bond BuyWrite Strategy ETF,,LQDW,6/5/2023,6/2/2023,6/8/2023,0.224940,,,0.193355
2023-07-05,iShares Investment Grade Corporate Bond BuyWrite Strategy ETF,,LQDW,7/6/2023,7/5/2023,7/11/2023,0.332401,,,0.285726
2023-08-02,iShares Investment Grade Corporate Bond BuyWrite Strategy ETF,,LQDW,8/3/2023,8/2/2023,8/8/2023,0.121307,,,0.104273
2023-09-05,iShares Investment Grade Corporate Bond BuyWrite Strategy ETF,,LQDW,9/6/2023,9/5/2023,9/11/2023,0.208618,,,0.179324
2023-10-03,iShares Investment Grade Corporate Bond BuyWrite Strategy ETF,,LQDW,10/4/2023,10/3/2023,10/10/2023,0.217133,,,0.186643
2023-11-02,iShares Investment Grade Corporate Bond BuyWrite Strategy ETF,,LQDW,11/3/2023,11/2/2023,11/8/2023,0.421322,,,
2024-02-02,iShares Investment Grade Corporate Bond BuyWrite Strategy ETF,,LQDW,2/5/2024,2/2/2024,2/8/2024,,,,0.409878
2024-03-04,iShares Investment Grade Corporate Bond BuyWrite Strategy ETF,,LQDW,3/5/2024,3/4/2024,3/8/2024,,,,0.471870
2024-04-02,iShares Investment Grade Corporate Bond BuyWrite Strategy ETF,,LQDW,4/3/2024,4/2/2024,4/8/2024,,,,0.245909
2024-05-02,iShares Investment Grade Corporate Bond BuyWrite Strategy ETF,,LQDW,5/3/2024,5/2/2024,5/8/2024,,,,0.364682
2024-06-04,iShares Investment Grade Corporate Bond BuyWrite Strategy ETF,,LQDW,6/4/2024,6/4/2024,6/10/2024,,,,0.263490
2024-07-02,iShares Investment Grade Corporate Bond BuyWrite Strategy ETF,,LQDW,7/2/2024,7/2/2024,7/8/2024,,,,0.323218
2024-08-02,iShares Investment Grade Corporate Bond BuyWrite Strategy ETF,,LQDW,8/2/2024,8/2/2024,8/7/2024,,,,0.302302
2024-09-04,iShares Investment Grade Corporate Bond BuyWrite Strategy ETF,,LQDW,9/4/2024,9/4/2024,9/9/2024,,,,0.341092
2024-10-02,iShares Investment Grade Corporate Bond BuyWrite Strategy ETF,,LQDW,10/2/2024,10/2/2024,10/7/2024,,,,0.345510
2024-11-04,iShares Investment Grade Corporate Bond BuyWrite Strategy ETF,,LQDW,11/4/2024,11/4/2024,11/7/2024,0.077701,,,0.148546
2025-02-04,iShares Investment Grade Corporate Bond BuyWrite Strategy ETF,,LQDW,2/4/2025,2/4/2025,2/7/2025,0.109553,,,0.323848
2025-03-04,iShares Investment Grade Corporate Bond BuyWrite Strategy ETF,,LQDW,3/4/2025,3/4/2025,3/7/2025,0.065709,,,0.194240
2025-04-02,iShares Investment Grade Corporate Bond BuyWrite Strategy ETF,,LQDW,4/2/2025,4/2/2025,4/7/2025,0.069489,,,0.205416
2025-05-02,iShares Investment Grade Corporate Bond BuyWrite Strategy ETF,,LQDW,5/2/2025,5/2/2025,5/7/2025,0.141137,,,0.417213
2025-06-03,iShares Investment Grade Corporate Bond BuyWrite Strategy ETF,,LQDW,6/3/2025,6/3/2025,6/6/2025,0.112801,,,0.333449
2025-07-02,iShares Investment Grade Corporate Bond BuyWrite Strategy ETF,,LQDW,7/2/2025,7/2/2025,7/8/2025,0.074279,,,0.219574
2025-08-04,iShares Investment Grade Corporate Bond BuyWrite Strategy ETF,,LQDW,8/4/2025,8/4/2025,8/7/2025,0.079545,,,0.235142
2025-09-03,iShares Investment Grade Corporate Bond BuyWrite Strategy ETF,,LQDW,9/3/2025,9/3/2025,9/8/2025,0.061691,,,0.182363
2025-10-02,iShares Investment Grade Corporate Bond BuyWrite Strategy ETF,,LQDW,10/2/2025,10/2/2025,10/7/2025,0.059730,,,0.176566
2025-11-04,iShares Investment Grade Corporate Bond BuyWrite Strategy ETF,,LQDW,11/4/2025,11/4/2025,11/7/2025,0.339004,,,
2022-03-24,iShares MSCI USA Multifactor ETF,,LRGF,3/25/2022,3/24/2022,3/30/2022,0.166390,,,
2022-06-09,iShares MSCI USA Multifactor ETF,,LRGF,6/10/2022,6/9/2022,6/15/2022,0.150211,,,
2022-09-26,iShares MSCI USA Multifactor ETF,,LRGF,9/27/2022,9/26/2022,9/30/2022,0.196392,,,
2023-03-23,iShares MSCI USA Multifactor ETF,,LRGF,3/24/2023,3/23/2023,3/29/2023,0.180840,,,
2023-06-07,iShares MSCI USA Multifactor ETF,,LRGF,6/8/2023,6/7/2023,6/13/2023,0.152166,,,
2023-09-26,iShares MSCI USA Multifactor ETF,,LRGF,9/27/2023,9/26/2023,10/2/2023,0.192715,,,
2024-03-21,iShares MSCI USA Multifactor ETF,,LRGF,3/22/2024,3/21/2024,3/27/2024,0.172293,,,
2024-06-11,iShares MSCI USA Multifactor ETF,,LRGF,6/11/2024,6/11/2024,6/17/2024,0.147998,,,
2024-09-25,iShares MSCI USA Multifactor ETF,,LRGF,9/25/2024,9/25/2024,9/30/2024,0.216360,,,
2025-03-18,iShares MSCI USA Multifactor ETF,,LRGF,3/18/2025,3/18/2025,3/21/2025,0.167318,,,
2025-06-16,iShares MSCI USA Multifactor ETF,,LRGF,6/16/2025,6/16/2025,6/20/2025,0.185000,,,
2025-09-16,iShares MSCI USA Multifactor ETF,,LRGF,9/16/2025,9/16/2025,9/19/2025,0.197150,,,
2024-09-25,iShares U.S. Manufacturing ETF,,MADE,9/25/2024,9/25/2024,9/30/2024,0.049379,,,
2025-03-18,iShares U.S. Manufacturing ETF,,MADE,3/18/2025,3/18/2025,3/21/2025,0.062911,,,
2025-06-16,iShares U.S. Manufacturing ETF,,MADE,6/16/2025,6/16/2025,6/20/2025,0.052983,,,
2025-09-16,iShares U.S. Manufacturing ETF,,MADE,9/16/2025,9/16/2025,9/19/2025,0.085238,,,
2022-02-01,iShares MBS ETF,,MBB,2/2/2022,2/1/2022,2/7/2022,0.166210,,,
2022-03-01,iShares MBS ETF,,MBB,3/2/2022,3/1/2022,3/7/2022,0.136613,,,
2022-04-01,iShares MBS ETF,,MBB,4/4/2022,4/1/2022,4/7/2022,0.136087,,,
2022-05-02,iShares MBS ETF,,MBB,5/3/2022,5/2/2022,5/6/2022,0.148459,,,
2022-06-01,iShares MBS ETF,,MBB,6/2/2022,6/1/2022,6/7/2022,0.162278,,,
2022-07-01,iShares MBS ETF,,MBB,7/5/2022,7/1/2022,7/8/2022,0.149701,,,
2022-08-01,iShares MBS ETF,,MBB,8/2/2022,8/1/2022,8/5/2022,0.184050,,,
2022-09-01,iShares MBS ETF,,MBB,9/2/2022,9/1/2022,9/8/2022,0.196823,,,
2022-10-03,iShares MBS ETF,,MBB,10/4/2022,10/3/2022,10/7/2022,0.198386,,,
2022-11-01,iShares MBS ETF,,MBB,11/2/2022,11/1/2022,11/7/2022,0.196314,,,
2023-02-01,iShares MBS ETF,,MBB,2/2/2023,2/1/2023,2/7/2023,0.243076,,,
2023-03-01,iShares MBS ETF,,MBB,3/2/2023,3/1/2023,3/7/2023,0.250495,,,
2023-04-03,iShares MBS ETF,,MBB,4/4/2023,4/3/2023,4/7/2023,0.251347,,,
2023-05-01,iShares MBS ETF,,MBB,5/2/2023,5/1/2023,5/5/2023,0.259806,,,
2023-06-01,iShares MBS ETF,,MBB,6/2/2023,6/1/2023,6/7/2023,0.269256,,,
2023-07-03,iShares MBS ETF,,MBB,7/5/2023,7/3/2023,7/10/2023,0.264112,,,
2023-08-01,iShares MBS ETF,,MBB,8/2/2023,8/1/2023,8/7/2023,0.275881,,,
2023-09-01,iShares MBS ETF,,MBB,9/5/2023,9/1/2023,9/8/2023,0.264039,,,
2023-10-02,iShares MBS ETF,,MBB,10/3/2023,10/2/2023,10/6/2023,0.290368,,,
2023-11-01,iShares MBS ETF,,MBB,11/2/2023,11/1/2023,11/7/2023,0.273535,,,
2024-02-01,iShares MBS ETF,,MBB,2/2/2024,2/1/2024,2/7/2024,0.296844,,,
2024-03-01,iShares MBS ETF,,MBB,3/4/2024,3/1/2024,3/7/2024,0.292058,,,
2024-04-01,iShares MBS ETF,,MBB,4/2/2024,4/1/2024,4/5/2024,0.282729,,,
2024-05-01,iShares MBS ETF,,MBB,5/2/2024,5/1/2024,5/7/2024,0.282324,,,
2024-06-03,iShares MBS ETF,,MBB,6/3/2024,6/3/2024,6/7/2024,0.300202,,,
2024-07-01,iShares MBS ETF,,MBB,7/1/2024,7/1/2024,7/5/2024,0.305332,,,
2024-08-01,iShares MBS ETF,,MBB,8/1/2024,8/1/2024,8/6/2024,0.308631,,,
2024-09-03,iShares MBS ETF,,MBB,9/3/2024,9/3/2024,9/6/2024,0.317721,,,
2024-10-01,iShares MBS ETF,,MBB,10/1/2024,10/1/2024,10/4/2024,0.311315,,,
2024-11-01,iShares MBS ETF,,MBB,11/1/2024,11/1/2024,11/6/2024,0.309924,,,
2025-02-03,iShares MBS ETF,,MBB,2/3/2025,2/3/2025,2/6/2025,0.341415,,,
2025-03-03,iShares MBS ETF,,MBB,3/3/2025,3/3/2025,3/6/2025,0.320382,,,
2025-04-01,iShares MBS ETF,,MBB,4/1/2025,4/1/2025,4/4/2025,0.330873,,,
2025-05-01,iShares MBS ETF,,MBB,5/1/2025,5/1/2025,5/6/2025,0.325474,,,
2025-06-02,iShares MBS ETF,,MBB,6/2/2025,6/2/2025,6/5/2025,0.325118,,,
2025-07-01,iShares MBS ETF,,MBB,7/1/2025,7/1/2025,7/7/2025,0.332235,,,
2025-08-01,iShares MBS ETF,,MBB,8/1/2025,8/1/2025,8/6/2025,0.331855,,,
2025-09-02,iShares MBS ETF,,MBB,9/2/2025,9/2/2025,9/5/2025,0.338339,,,
2025-10-01,iShares MBS ETF,,MBB,10/1/2025,10/1/2025,10/6/2025,0.336276,,,
2025-11-03,iShares MBS ETF,,MBB,11/3/2025,11/3/2025,11/6/2025,0.341959,,,
2022-06-09,iShares MSCI China ETF,,MCHI,6/10/2022,6/9/2022,6/15/2022,0.336071,,,
2023-06-07,iShares MSCI China ETF,,MCHI,6/8/2023,6/7/2023,6/13/2023,0.456134,,,
2024-06-11,iShares MSCI China ETF,,MCHI,6/11/2024,6/11/2024,6/17/2024,0.206339,,,
2025-06-16,iShares MSCI China ETF,,MCHI,6/16/2025,6/16/2025,6/20/2025,0.568132,,,
2023-02-01,BlackRock Short Maturity Municipal Bond ETF,,MEAR,2/2/2023,2/1/2023,2/7/2023,0.000169,,,
2023-03-01,BlackRock Short Maturity Municipal Bond ETF,,MEAR,3/2/2023,3/1/2023,3/7/2023,0.000125,,,
2023-04-03,BlackRock Short Maturity Municipal Bond ETF,,MEAR,4/4/2023,4/3/2023,4/7/2023,0.000145,,,
2023-05-01,BlackRock Short Maturity Municipal Bond ETF,,MEAR,5/2/2023,5/1/2023,5/5/2023,0.000125,,,
2023-06-01,BlackRock Short Maturity Municipal Bond ETF,,MEAR,6/2/2023,6/1/2023,6/7/2023,0.000143,,,
2023-07-03,BlackRock Short Maturity Municipal Bond ETF,,MEAR,7/5/2023,7/3/2023,7/10/2023,0.000147,,,
2023-08-01,BlackRock Short Maturity Municipal Bond ETF,,MEAR,8/2/2023,8/1/2023,8/7/2023,0.000141,,,
2023-09-01,BlackRock Short Maturity Municipal Bond ETF,,MEAR,9/5/2023,9/1/2023,9/8/2023,0.000142,,,
2023-10-02,BlackRock Short Maturity Municipal Bond ETF,,MEAR,10/3/2023,10/2/2023,10/6/2023,0.000159,,,
2023-11-01,BlackRock Short Maturity Municipal Bond ETF,,MEAR,11/2/2023,11/1/2023,11/7/2023,0.000018,,,
2024-02-01,BlackRock Short Maturity Municipal Bond ETF,,MEAR,2/2/2024,2/1/2024,2/7/2024,0.000084,,,
2024-03-01,BlackRock Short Maturity Municipal Bond ETF,,MEAR,3/4/2024,3/1/2024,3/7/2024,0.000080,,,
2024-04-01,BlackRock Short Maturity Municipal Bond ETF,,MEAR,4/2/2024,4/1/2024,4/5/2024,0.000089,,,
2024-05-01,BlackRock Short Maturity Municipal Bond ETF,,MEAR,5/2/2024,5/1/2024,5/7/2024,0.000092,,,
2024-06-03,BlackRock Short Maturity Municipal Bond ETF,,MEAR,6/3/2024,6/3/2024,6/7/2024,0.000087,,,
2024-07-01,BlackRock Short Maturity Municipal Bond ETF,,MEAR,7/1/2024,7/1/2024,7/5/2024,0.000083,,,
2024-08-01,BlackRock Short Maturity Municipal Bond ETF,,MEAR,8/1/2024,8/1/2024,8/6/2024,0.000078,,,
2024-09-03,BlackRock Short Maturity Municipal Bond ETF,,MEAR,9/3/2024,9/3/2024,9/6/2024,0.000081,,,
2024-10-01,BlackRock Short Maturity Municipal Bond ETF,,MEAR,10/1/2024,10/1/2024,10/4/2024,0.000083,,,
2022-03-24,iShares MSCI USA Mid-Cap Multifactor ETF,,MIDF,3/25/2022,3/24/2022,3/30/2022,0.154115,,,
2022-03-24,iShares MSCI USA Momentum Factor ETF,,MTUM,3/25/2022,3/24/2022,3/30/2022,0.377381,,,
2022-06-09,iShares MSCI USA Momentum Factor ETF,,MTUM,6/10/2022,6/9/2022,6/15/2022,0.372886,,,
2022-09-26,iShares MSCI USA Momentum Factor ETF,,MTUM,9/27/2022,9/26/2022,9/30/2022,1.027535,,,
2023-03-23,iShares MSCI USA Momentum Factor ETF,,MTUM,3/24/2023,3/23/2023,3/29/2023,0.803620,,,
2023-06-07,iShares MSCI USA Momentum Factor ETF,,MTUM,6/8/2023,6/7/2023,6/13/2023,0.540462,,,
2023-09-26,iShares MSCI USA Momentum Factor ETF,,MTUM,9/27/2023,9/26/2023,10/2/2023,0.408812,,,
2024-03-21,iShares MSCI USA Momentum Factor ETF,,MTUM,3/22/2024,3/21/2024,3/27/2024,0.162291,,,
2024-06-11,iShares MSCI USA Momentum Factor ETF,,MTUM,6/11/2024,6/11/2024,6/17/2024,0.197786,,,
2024-09-25,iShares MSCI USA Momentum Factor ETF,,MTUM,9/25/2024,9/25/2024,9/30/2024,0.440055,,,
2025-03-18,iShares MSCI USA Momentum Factor ETF,,MTUM,3/18/2025,3/18/2025,3/21/2025,0.527217,,,
2025-06-16,iShares MSCI USA Momentum Factor ETF,,MTUM,6/16/2025,6/16/2025,6/20/2025,0.470985,,,
2025-09-16,iShares MSCI USA Momentum Factor ETF,,MTUM,9/16/2025,9/16/2025,9/19/2025,0.603501,,,
2022-02-01,iShares National Muni Bond ETF,,MUB,2/2/2022,2/1/2022,2/7/2022,0.000182,,,
2022-03-01,iShares National Muni Bond ETF,,MUB,3/2/2022,3/1/2022,3/7/2022,0.000182,,,
2022-04-01,iShares National Muni Bond ETF,,MUB,4/4/2022,4/1/2022,4/7/2022,0.000172,,,
2022-05-02,iShares National Muni Bond ETF,,MUB,5/3/2022,5/2/2022,5/6/2022,0.000180,,,
2022-06-01,iShares National Muni Bond ETF,,MUB,6/2/2022,6/1/2022,6/7/2022,0.000169,,,
2022-07-01,iShares National Muni Bond ETF,,MUB,7/5/2022,7/1/2022,7/8/2022,0.000194,,,
2022-08-01,iShares National Muni Bond ETF,,MUB,8/2/2022,8/1/2022,8/5/2022,0.000194,,,
2022-09-01,iShares National Muni Bond ETF,,MUB,9/2/2022,9/1/2022,9/8/2022,0.000207,,,
2022-10-03,iShares National Muni Bond ETF,,MUB,10/4/2022,10/3/2022,10/7/2022,0.000211,,,
2022-11-01,iShares National Muni Bond ETF,,MUB,11/2/2022,11/1/2022,11/7/2022,0.000207,,,
2023-02-01,iShares National Muni Bond ETF,,MUB,2/2/2023,2/1/2023,2/7/2023,0.001695,,,
2023-03-01,iShares National Muni Bond ETF,,MUB,3/2/2023,3/1/2023,3/7/2023,0.000927,,,
2023-04-03,iShares National Muni Bond ETF,,MUB,4/4/2023,4/3/2023,4/7/2023,0.000867,,,
2023-05-01,iShares National Muni Bond ETF,,MUB,5/2/2023,5/1/2023,5/5/2023,0.000890,,,
2023-06-01,iShares National Muni Bond ETF,,MUB,6/2/2023,6/1/2023,6/7/2023,0.000879,,,
2023-07-03,iShares National Muni Bond ETF,,MUB,7/5/2023,7/3/2023,7/10/2023,0.000914,,,
2023-08-01,iShares National Muni Bond ETF,,MUB,8/2/2023,8/1/2023,8/7/2023,0.000900,,,
2023-09-01,iShares National Muni Bond ETF,,MUB,9/5/2023,9/1/2023,9/8/2023,0.000890,,,
2023-10-02,iShares National Muni Bond ETF,,MUB,10/3/2023,10/2/2023,10/6/2023,0.000921,,,
2023-11-01,iShares National Muni Bond ETF,,MUB,11/2/2023,11/1/2023,11/7/2023,0.000961,,,
2024-02-01,iShares National Muni Bond ETF,,MUB,2/2/2024,2/1/2024,2/7/2024,0.002360,,,
2024-03-01,iShares National Muni Bond ETF,,MUB,3/4/2024,3/1/2024,3/7/2024,0.001171,,,
2024-04-01,iShares National Muni Bond ETF,,MUB,4/2/2024,4/1/2024,4/5/2024,0.001135,,,
2024-05-01,iShares National Muni Bond ETF,,MUB,5/2/2024,5/1/2024,5/7/2024,0.001141,,,
2024-06-03,iShares National Muni Bond ETF,,MUB,6/3/2024,6/3/2024,6/7/2024,0.001214,,,
2024-07-01,iShares National Muni Bond ETF,,MUB,7/1/2024,7/1/2024,7/5/2024,0.001137,,,
2024-08-01,iShares National Muni Bond ETF,,MUB,8/1/2024,8/1/2024,8/6/2024,0.001154,,,
2024-09-03,iShares National Muni Bond ETF,,MUB,9/3/2024,9/3/2024,9/6/2024,0.001171,,,
2024-10-01,iShares National Muni Bond ETF,,MUB,10/1/2024,10/1/2024,10/4/2024,0.001204,,,
2024-11-01,iShares National Muni Bond ETF,,MUB,11/1/2024,11/1/2024,11/6/2024,0.001170,,,
2025-02-03,iShares National Muni Bond ETF,,MUB,2/3/2025,2/3/2025,2/6/2025,0.002501,,,
2025-03-03,iShares National Muni Bond ETF,,MUB,3/3/2025,3/3/2025,3/6/2025,0.001435,,,
2025-04-01,iShares National Muni Bond ETF,,MUB,4/1/2025,4/1/2025,4/4/2025,0.001413,,,
2025-05-01,iShares National Muni Bond ETF,,MUB,5/1/2025,5/1/2025,5/6/2025,0.001451,,,
2025-06-02,iShares National Muni Bond ETF,,MUB,6/2/2025,6/2/2025,6/5/2025,0.001402,,,
2025-07-01,iShares National Muni Bond ETF,,MUB,7/1/2025,7/1/2025,7/7/2025,0.001430,,,
2025-08-01,iShares National Muni Bond ETF,,MUB,8/1/2025,8/1/2025,8/6/2025,0.001414,,,
2025-09-02,iShares National Muni Bond ETF,,MUB,9/2/2025,9/2/2025,9/5/2025,0.001429,,,
2025-10-01,iShares National Muni Bond ETF,,MUB,10/1/2025,10/1/2025,10/6/2025,0.001464,,,
2025-11-03,iShares National Muni Bond ETF,,MUB,11/3/2025,11/3/2025,11/6/2025,0.001402,,,
2022-06-09,iShares Global Materials ETF,,MXI,6/10/2022,6/9/2022,6/15/2022,2.355739,,,
2023-06-07,iShares Global Materials ETF,,MXI,6/8/2023,6/7/2023,6/13/2023,1.534943,,,
2024-06-11,iShares Global Materials ETF,,MXI,6/11/2024,6/11/2024,6/17/2024,1.210701,,,
2025-06-16,iShares Global Materials ETF,,MXI,6/16/2025,6/16/2025,6/20/2025,1.293526,,,
2022-02-01,BlackRock Short Maturity Bond ETF,,NEAR,2/2/2022,2/1/2022,2/7/2022,0.027944,,,
2022-03-01,BlackRock Short Maturity Bond ETF,,NEAR,3/2/2022,3/1/2022,3/7/2022,0.027156,,,
2022-04-01,BlackRock Short Maturity Bond ETF,,NEAR,4/4/2022,4/1/2022,4/7/2022,0.030958,,,
2022-05-02,BlackRock Short Maturity Bond ETF,,NEAR,5/3/2022,5/2/2022,5/6/2022,0.036041,,,
2022-06-01,BlackRock Short Maturity Bond ETF,,NEAR,6/2/2022,6/1/2022,6/7/2022,0.041546,,,
2022-07-01,BlackRock Short Maturity Bond ETF,,NEAR,7/5/2022,7/1/2022,7/8/2022,0.058063,,,
2022-08-01,BlackRock Short Maturity Bond ETF,,NEAR,8/2/2022,8/1/2022,8/5/2022,0.067005,,,
2022-09-01,BlackRock Short Maturity Bond ETF,,NEAR,9/2/2022,9/1/2022,9/8/2022,0.082548,,,
2022-10-03,BlackRock Short Maturity Bond ETF,,NEAR,10/4/2022,10/3/2022,10/7/2022,0.090614,,,
2022-11-01,BlackRock Short Maturity Bond ETF,,NEAR,11/2/2022,11/1/2022,11/7/2022,0.132248,,,
2023-02-01,BlackRock Short Maturity Bond ETF,,NEAR,2/2/2023,2/1/2023,2/7/2023,0.131408,,,
2023-03-01,BlackRock Short Maturity Bond ETF,,NEAR,3/2/2023,3/1/2023,3/7/2023,0.145978,,,
2023-04-03,BlackRock Short Maturity Bond ETF,,NEAR,4/4/2023,4/3/2023,4/7/2023,0.160993,,,
2023-05-01,BlackRock Short Maturity Bond ETF,,NEAR,5/2/2023,5/1/2023,5/5/2023,0.183638,,,
2023-06-01,BlackRock Short Maturity Bond ETF,,NEAR,6/2/2023,6/1/2023,6/7/2023,0.175107,,,
2023-07-03,BlackRock Short Maturity Bond ETF,,NEAR,7/5/2023,7/3/2023,7/10/2023,0.184419,,,
2023-08-01,BlackRock Short Maturity Bond ETF,,NEAR,8/2/2023,8/1/2023,8/7/2023,0.182187,,,
2023-09-01,BlackRock Short Maturity Bond ETF,,NEAR,9/5/2023,9/1/2023,9/8/2023,0.194142,,,
2023-10-02,BlackRock Short Maturity Bond ETF,,NEAR,10/3/2023,10/2/2023,10/6/2023,0.197906,,,
2023-11-01,BlackRock Short Maturity Bond ETF,,NEAR,11/2/2023,11/1/2023,11/7/2023,0.207677,,,
2024-02-01,BlackRock Short Maturity Bond ETF,,NEAR,2/2/2024,2/1/2024,2/7/2024,0.211310,,,
2024-03-01,BlackRock Short Maturity Bond ETF,,NEAR,3/4/2024,3/1/2024,3/7/2024,0.195426,,,
2024-04-01,BlackRock Short Maturity Bond ETF,,NEAR,4/2/2024,4/1/2024,4/5/2024,0.198653,,,
2024-05-01,BlackRock Short Maturity Bond ETF,,NEAR,5/2/2024,5/1/2024,5/7/2024,0.199856,,,
2024-06-03,BlackRock Short Maturity Bond ETF,,NEAR,6/3/2024,6/3/2024,6/7/2024,0.203520,,,
2024-07-01,BlackRock Short Maturity Bond ETF,,NEAR,7/1/2024,7/1/2024,7/5/2024,0.213243,,,
2024-08-01,BlackRock Short Maturity Bond ETF,,NEAR,8/1/2024,8/1/2024,8/6/2024,0.225754,,,
2024-09-03,BlackRock Short Maturity Bond ETF,,NEAR,9/3/2024,9/3/2024,9/6/2024,0.209888,,,
2024-10-01,BlackRock Short Maturity Bond ETF,,NEAR,10/1/2024,10/1/2024,10/4/2024,0.207172,,,
2024-11-01,BlackRock Short Maturity Bond ETF,,NEAR,11/1/2024,11/1/2024,11/6/2024,0.192372,,,
2025-02-03,BlackRock Short Maturity Bond ETF,,NEAR,2/3/2025,2/3/2025,2/6/2025,0.195336,,,
2025-03-03,BlackRock Short Maturity Bond ETF,,NEAR,3/3/2025,3/3/2025,3/6/2025,0.180222,,,
2025-04-01,BlackRock Short Maturity Bond ETF,,NEAR,4/1/2025,4/1/2025,4/4/2025,0.196329,,,
2025-05-01,BlackRock Short Maturity Bond ETF,,NEAR,5/1/2025,5/1/2025,5/6/2025,0.193307,,,
2025-06-02,BlackRock Short Maturity Bond ETF,,NEAR,6/2/2025,6/2/2025,6/5/2025,0.200627,,,
2025-07-01,BlackRock Short Maturity Bond ETF,,NEAR,7/1/2025,7/1/2025,7/7/2025,0.184567,,,
2025-08-01,BlackRock Short Maturity Bond ETF,,NEAR,8/1/2025,8/1/2025,8/6/2025,0.181549,,,
2025-09-02,BlackRock Short Maturity Bond ETF,,NEAR,9/2/2025,9/2/2025,9/5/2025,0.182282,,,
2025-10-01,BlackRock Short Maturity Bond ETF,,NEAR,10/1/2025,10/1/2025,10/6/2025,0.175963,,,
2025-11-03,BlackRock Short Maturity Bond ETF,,NEAR,11/3/2025,11/3/2025,11/6/2025,0.176560,,,
2022-02-01,iShares New York Muni Bond ETF,,NYF,2/2/2022,2/1/2022,2/7/2022,0.000752,,,
2022-03-01,iShares New York Muni Bond ETF,,NYF,3/2/2022,3/1/2022,3/7/2022,0.000148,,,
2022-04-01,iShares New York Muni Bond ETF,,NYF,4/4/2022,4/1/2022,4/7/2022,0.000149,,,
2022-05-02,iShares New York Muni Bond ETF,,NYF,5/3/2022,5/2/2022,5/6/2022,0.000149,,,
2022-06-01,iShares New York Muni Bond ETF,,NYF,6/2/2022,6/1/2022,6/7/2022,0.000148,,,
2022-07-01,iShares New York Muni Bond ETF,,NYF,7/5/2022,7/1/2022,7/8/2022,0.000155,,,
2022-08-01,iShares New York Muni Bond ETF,,NYF,8/2/2022,8/1/2022,8/5/2022,0.000153,,,
2022-09-01,iShares New York Muni Bond ETF,,NYF,9/2/2022,9/1/2022,9/8/2022,0.000151,,,
2022-10-03,iShares New York Muni Bond ETF,,NYF,10/4/2022,10/3/2022,10/7/2022,0.000158,,,
2022-11-01,iShares New York Muni Bond ETF,,NYF,11/2/2022,11/1/2022,11/7/2022,0.000155,,,
2023-02-01,iShares New York Muni Bond ETF,,NYF,2/2/2023,2/1/2023,2/7/2023,0.001160,,,
2023-03-01,iShares New York Muni Bond ETF,,NYF,3/2/2023,3/1/2023,3/7/2023,0.000422,,,
2023-04-03,iShares New York Muni Bond ETF,,NYF,4/4/2023,4/3/2023,4/7/2023,0.000400,,,
2023-05-01,iShares New York Muni Bond ETF,,NYF,5/2/2023,5/1/2023,5/5/2023,0.000407,,,
2023-06-01,iShares New York Muni Bond ETF,,NYF,6/2/2023,6/1/2023,6/7/2023,0.000391,,,
2023-07-03,iShares New York Muni Bond ETF,,NYF,7/5/2023,7/3/2023,7/10/2023,0.000398,,,
2023-08-01,iShares New York Muni Bond ETF,,NYF,8/2/2023,8/1/2023,8/7/2023,0.000425,,,
2023-09-01,iShares New York Muni Bond ETF,,NYF,9/5/2023,9/1/2023,9/8/2023,0.000415,,,
2023-10-02,iShares New York Muni Bond ETF,,NYF,10/3/2023,10/2/2023,10/6/2023,0.000412,,,
2023-11-01,iShares New York Muni Bond ETF,,NYF,11/2/2023,11/1/2023,11/7/2023,0.000457,,,
2024-02-01,iShares New York Muni Bond ETF,,NYF,2/2/2024,2/1/2024,2/7/2024,0.001067,,,
2024-03-01,iShares New York Muni Bond ETF,,NYF,3/4/2024,3/1/2024,3/7/2024,0.000342,,,
2024-04-01,iShares New York Muni Bond ETF,,NYF,4/2/2024,4/1/2024,4/5/2024,0.000329,,,
2024-05-01,iShares New York Muni Bond ETF,,NYF,5/2/2024,5/1/2024,5/7/2024,0.000334,,,
2024-06-03,iShares New York Muni Bond ETF,,NYF,6/3/2024,6/3/2024,6/7/2024,0.000350,,,
2024-07-01,iShares New York Muni Bond ETF,,NYF,7/1/2024,7/1/2024,7/5/2024,0.000344,,,
2024-08-01,iShares New York Muni Bond ETF,,NYF,8/1/2024,8/1/2024,8/6/2024,0.000344,,,
2024-09-03,iShares New York Muni Bond ETF,,NYF,9/3/2024,9/3/2024,9/6/2024,0.000346,,,
2024-10-01,iShares New York Muni Bond ETF,,NYF,10/1/2024,10/1/2024,10/4/2024,0.000349,,,
2024-11-01,iShares New York Muni Bond ETF,,NYF,11/1/2024,11/1/2024,11/6/2024,0.000342,,,
2025-02-03,iShares New York Muni Bond ETF,,NYF,2/3/2025,2/3/2025,2/6/2025,0.000736,,,
2025-03-03,iShares New York Muni Bond ETF,,NYF,3/3/2025,3/3/2025,3/6/2025,0.000707,,,
2025-04-01,iShares New York Muni Bond ETF,,NYF,4/1/2025,4/1/2025,4/4/2025,0.000678,,,
2025-05-01,iShares New York Muni Bond ETF,,NYF,5/1/2025,5/1/2025,5/6/2025,0.000710,,,
2025-06-02,iShares New York Muni Bond ETF,,NYF,6/2/2025,6/2/2025,6/5/2025,0.000690,,,
2025-07-01,iShares New York Muni Bond ETF,,NYF,7/1/2025,7/1/2025,7/7/2025,0.000713,,,
2025-08-01,iShares New York Muni Bond ETF,,NYF,8/1/2025,8/1/2025,8/6/2025,0.000707,,,
2025-09-02,iShares New York Muni Bond ETF,,NYF,9/2/2025,9/2/2025,9/5/2025,0.000742,,,
2025-10-01,iShares New York Muni Bond ETF,,NYF,10/1/2025,10/1/2025,10/6/2025,0.000748,,,
2025-11-03,iShares New York Muni Bond ETF,,NYF,11/3/2025,11/3/2025,11/6/2025,0.000737,,,
2022-03-24,iShares S&P 100 ETF,,OEF,3/25/2022,3/24/2022,3/30/2022,0.612980,,,
2022-06-09,iShares S&P 100 ETF,,OEF,6/10/2022,6/9/2022,6/15/2022,0.568993,,,
2022-09-26,iShares S&P 100 ETF,,OEF,9/27/2022,9/26/2022,9/30/2022,0.725148,,,
2023-03-23,iShares S&P 100 ETF,,OEF,3/24/2023,3/23/2023,3/29/2023,0.656576,,,
2023-06-07,iShares S&P 100 ETF,,OEF,6/8/2023,6/7/2023,6/13/2023,0.595156,,,
2023-09-26,iShares S&P 100 ETF,,OEF,9/27/2023,9/26/2023,10/2/2023,0.735839,,,
2024-03-21,iShares S&P 100 ETF,,OEF,3/22/2024,3/21/2024,3/27/2024,0.743611,,,
2024-06-11,iShares S&P 100 ETF,,OEF,6/11/2024,6/11/2024,6/17/2024,0.629311,,,
2024-09-25,iShares S&P 100 ETF,,OEF,9/25/2024,9/25/2024,9/30/2024,0.833021,,,
2025-03-18,iShares S&P 100 ETF,,OEF,3/18/2025,3/18/2025,3/21/2025,0.577200,,,
2025-06-16,iShares S&P 100 ETF,,OEF,6/16/2025,6/16/2025,6/20/2025,0.638406,,,
2025-09-16,iShares S&P 100 ETF,,OEF,9/16/2025,9/16/2025,9/19/2025,0.720086,,,
2024-06-11,iShares Paris-Aligned Climate MSCI World ex USA ETF,,PABD,6/11/2024,6/11/2024,6/17/2024,0.765616,,,
2025-06-16,iShares Paris-Aligned Climate MSCI World ex USA ETF,,PABD,6/16/2025,6/16/2025,6/20/2025,0.746937,,,
2022-03-24,iShares Paris-Aligned Climate MSCI USA ETF,,PABU,3/25/2022,3/24/2022,3/30/2022,0.060509,,,
2022-06-09,iShares Paris-Aligned Climate MSCI USA ETF,,PABU,6/10/2022,6/9/2022,6/15/2022,0.112463,,,
2022-09-26,iShares Paris-Aligned Climate MSCI USA ETF,,PABU,9/27/2022,9/26/2022,9/30/2022,0.145466,,,
2023-03-23,iShares Paris-Aligned Climate MSCI USA ETF,,PABU,3/24/2023,3/23/2023,3/29/2023,0.128690,,,
2023-06-07,iShares Paris-Aligned Climate MSCI USA ETF,,PABU,6/8/2023,6/7/2023,6/13/2023,0.090665,,,
2023-09-26,iShares Paris-Aligned Climate MSCI USA ETF,,PABU,9/27/2023,9/26/2023,10/2/2023,0.164096,,,
2024-03-21,iShares Paris-Aligned Climate MSCI USA ETF,,PABU,3/22/2024,3/21/2024,3/27/2024,0.134705,,,
2024-06-11,iShares Paris-Aligned Climate MSCI USA ETF,,PABU,6/11/2024,6/11/2024,6/17/2024,0.107825,,,
2024-09-25,iShares Paris-Aligned Climate MSCI USA ETF,,PABU,9/25/2024,9/25/2024,9/30/2024,0.201263,,,
2025-03-18,iShares Paris-Aligned Climate MSCI USA ETF,,PABU,3/18/2025,3/18/2025,3/21/2025,0.111008,,,
2025-06-16,iShares Paris-Aligned Climate MSCI USA ETF,,PABU,6/16/2025,6/16/2025,6/20/2025,0.140114,,,
2025-09-16,iShares Paris-Aligned Climate MSCI USA ETF,,PABU,9/16/2025,9/16/2025,9/19/2025,0.158012,,,
2022-02-01,iShares Preferred and Income Securities ETF,,PFF,2/2/2022,2/1/2022,2/7/2022,0.112243,,,
2022-03-01,iShares Preferred and Income Securities ETF,,PFF,3/2/2022,3/1/2022,3/7/2022,0.121823,,,
2022-04-01,iShares Preferred and Income Securities ETF,,PFF,4/4/2022,4/1/2022,4/7/2022,0.136291,,,
2022-05-02,iShares Preferred and Income Securities ETF,,PFF,5/3/2022,5/2/2022,5/6/2022,0.122512,,,
2022-06-01,iShares Preferred and Income Securities ETF,,PFF,6/2/2022,6/1/2022,6/7/2022,0.146029,,,
2022-07-01,iShares Preferred and Income Securities ETF,,PFF,7/5/2022,7/1/2022,7/8/2022,0.132590,,,
2022-08-01,iShares Preferred and Income Securities ETF,,PFF,8/2/2022,8/1/2022,8/5/2022,0.164128,,,
2022-09-01,iShares Preferred and Income Securities ETF,,PFF,9/2/2022,9/1/2022,9/8/2022,0.150867,,,
2022-10-03,iShares Preferred and Income Securities ETF,,PFF,10/4/2022,10/3/2022,10/7/2022,0.169358,,,
2022-11-01,iShares Preferred and Income Securities ETF,,PFF,11/2/2022,11/1/2022,11/7/2022,0.169962,,,
2023-02-01,iShares Preferred and Income Securities ETF,,PFF,2/2/2023,2/1/2023,2/7/2023,0.186147,,,
2023-03-01,iShares Preferred and Income Securities ETF,,PFF,3/2/2023,3/1/2023,3/7/2023,0.189974,,,
2023-04-03,iShares Preferred and Income Securities ETF,,PFF,4/4/2023,4/3/2023,4/7/2023,0.185176,,,
2023-05-01,iShares Preferred and Income Securities ETF,,PFF,5/2/2023,5/1/2023,5/5/2023,0.170587,,,
2023-06-01,iShares Preferred and Income Securities ETF,,PFF,6/2/2023,6/1/2023,6/7/2023,0.165070,,,
2023-07-03,iShares Preferred and Income Securities ETF,,PFF,7/5/2023,7/3/2023,7/10/2023,0.158307,,,
2023-08-01,iShares Preferred and Income Securities ETF,,PFF,8/2/2023,8/1/2023,8/7/2023,0.157180,,,
2023-09-01,iShares Preferred and Income Securities ETF,,PFF,9/5/2023,9/1/2023,9/8/2023,0.154028,,,
2023-10-02,iShares Preferred and Income Securities ETF,,PFF,10/3/2023,10/2/2023,10/6/2023,0.160787,,,
2023-11-01,iShares Preferred and Income Securities ETF,,PFF,11/2/2023,11/1/2023,11/7/2023,0.173026,,,
2024-02-01,iShares Preferred and Income Securities ETF,,PFF,2/2/2024,2/1/2024,2/7/2024,0.176477,,,
2024-03-01,iShares Preferred and Income Securities ETF,,PFF,3/4/2024,3/1/2024,3/7/2024,0.170312,,,
2024-04-01,iShares Preferred and Income Securities ETF,,PFF,4/2/2024,4/1/2024,4/5/2024,0.156147,,,
2024-05-01,iShares Preferred and Income Securities ETF,,PFF,5/2/2024,5/1/2024,5/7/2024,0.159647,,,
2024-06-03,iShares Preferred and Income Securities ETF,,PFF,6/3/2024,6/3/2024,6/7/2024,0.163415,,,
2024-07-01,iShares Preferred and Income Securities ETF,,PFF,7/1/2024,7/1/2024,7/5/2024,0.163994,,,
2024-08-01,iShares Preferred and Income Securities ETF,,PFF,8/1/2024,8/1/2024,8/7/2024,0.160613,,,
2024-09-03,iShares Preferred and Income Securities ETF,,PFF,9/3/2024,9/3/2024,9/6/2024,0.163213,,,
2024-10-01,iShares Preferred and Income Securities ETF,,PFF,10/1/2024,10/1/2024,10/4/2024,0.165454,,,
2024-11-01,iShares Preferred and Income Securities ETF,,PFF,11/1/2024,11/1/2024,11/6/2024,0.165327,,,
2025-02-03,iShares Preferred and Income Securities ETF,,PFF,2/3/2025,2/3/2025,2/6/2025,0.175461,,,
2025-03-03,iShares Preferred and Income Securities ETF,,PFF,3/3/2025,3/3/2025,3/6/2025,0.173071,,,
2025-04-01,iShares Preferred and Income Securities ETF,,PFF,4/1/2025,4/1/2025,4/4/2025,0.172497,,,
2025-05-01,iShares Preferred and Income Securities ETF,,PFF,5/1/2025,5/1/2025,5/6/2025,0.174129,,,
2025-06-02,iShares Preferred and Income Securities ETF,,PFF,6/2/2025,6/2/2025,6/5/2025,0.174575,,,
2025-07-01,iShares Preferred and Income Securities ETF,,PFF,7/1/2025,7/1/2025,7/7/2025,0.173694,,,
2025-08-01,iShares Preferred and Income Securities ETF,,PFF,8/1/2025,8/1/2025,8/6/2025,0.162132,,,
2025-09-02,iShares Preferred and Income Securities ETF,,PFF,9/2/2025,9/2/2025,9/5/2025,0.160736,,,
2025-10-01,iShares Preferred and Income Securities ETF,,PFF,10/1/2025,10/1/2025,10/6/2025,0.170733,,,
2025-11-03,iShares Preferred and Income Securities ETF,,PFF,11/3/2025,11/3/2025,11/6/2025,0.170708,,,
2022-06-09,iShares MSCI Global Metals & Mining Producers ETF,,PICK,6/10/2022,6/9/2022,6/15/2022,1.846780,,,
2023-06-07,iShares MSCI Global Metals & Mining Producers ETF,,PICK,6/8/2023,6/7/2023,6/13/2023,0.825903,,,
2024-06-11,iShares MSCI Global Metals & Mining Producers ETF,,PICK,6/11/2024,6/11/2024,6/17/2024,0.552576,,,
2025-06-16,iShares MSCI Global Metals & Mining Producers ETF,,PICK,6/16/2025,6/16/2025,6/20/2025,0.738804,,,
2025-03-03,iShares Prime Money Market ETF,,PMMF,3/3/2025,3/3/2025,3/6/2025,0.264777,,,
2025-04-01,iShares Prime Money Market ETF,,PMMF,4/1/2025,4/1/2025,4/4/2025,0.313033,,,
2025-05-01,iShares Prime Money Market ETF,,PMMF,5/1/2025,5/1/2025,5/6/2025,0.329464,,,
2025-06-02,iShares Prime Money Market ETF,,PMMF,6/2/2025,6/2/2025,6/5/2025,0.337116,,,
2025-07-01,iShares Prime Money Market ETF,,PMMF,7/1/2025,7/1/2025,7/7/2025,0.323549,,,
2025-08-01,iShares Prime Money Market ETF,,PMMF,8/1/2025,8/1/2025,8/6/2025,0.371293,,,
2025-09-02,iShares Prime Money Market ETF,,PMMF,9/2/2025,9/2/2025,9/5/2025,0.348522,,,
2025-10-01,iShares Prime Money Market ETF,,PMMF,10/1/2025,10/1/2025,10/6/2025,0.327674,,,
2025-11-03,iShares Prime Money Market ETF,,PMMF,11/3/2025,11/3/2025,11/6/2025,0.336255,,,
2025-06-16,iShares U.S. Power Infrastructure ETF,,POWR,6/16/2025,6/16/2025,6/20/2025,0.425689,,,
2022-06-09,iShares MSCI Qatar ETF,,QAT,6/10/2022,6/9/2022,6/15/2022,0.755272,,,
2024-06-11,iShares MSCI Qatar ETF,,QAT,6/11/2024,6/11/2024,6/17/2024,0.770226,,,
2025-06-16,iShares MSCI Qatar ETF,,QAT,6/16/2025,6/16/2025,6/23/2025,0.433884,,,
2022-02-01,iShares Aaa - A Rated Corporate Bond ETF,,QLTA,2/2/2022,2/1/2022,2/7/2022,0.089983,,,
2022-03-01,iShares Aaa - A Rated Corporate Bond ETF,,QLTA,3/2/2022,3/1/2022,3/7/2022,0.095383,,,
2022-04-01,iShares Aaa - A Rated Corporate Bond ETF,,QLTA,4/4/2022,4/1/2022,4/7/2022,0.087662,,,
2022-05-02,iShares Aaa - A Rated Corporate Bond ETF,,QLTA,5/3/2022,5/2/2022,5/6/2022,0.098871,,,
2022-06-01,iShares Aaa - A Rated Corporate Bond ETF,,QLTA,6/2/2022,6/1/2022,6/7/2022,0.103343,,,
2022-07-01,iShares Aaa - A Rated Corporate Bond ETF,,QLTA,7/5/2022,7/1/2022,7/8/2022,0.140705,,,
2022-08-01,iShares Aaa - A Rated Corporate Bond ETF,,QLTA,8/2/2022,8/1/2022,8/5/2022,0.097697,,,
2022-09-01,iShares Aaa - A Rated Corporate Bond ETF,,QLTA,9/2/2022,9/1/2022,9/8/2022,0.088642,,,
2022-10-03,iShares Aaa - A Rated Corporate Bond ETF,,QLTA,10/4/2022,10/3/2022,10/7/2022,0.122165,,,
2022-11-01,iShares Aaa - A Rated Corporate Bond ETF,,QLTA,11/2/2022,11/1/2022,11/7/2022,0.122855,,,
2023-02-01,iShares Aaa - A Rated Corporate Bond ETF,,QLTA,2/2/2023,2/1/2023,2/7/2023,0.104336,,,
2023-03-01,iShares Aaa - A Rated Corporate Bond ETF,,QLTA,3/2/2023,3/1/2023,3/7/2023,0.126025,,,
2023-04-03,iShares Aaa - A Rated Corporate Bond ETF,,QLTA,4/4/2023,4/3/2023,4/7/2023,0.133080,,,
2023-05-01,iShares Aaa - A Rated Corporate Bond ETF,,QLTA,5/2/2023,5/1/2023,5/5/2023,0.125658,,,
2023-06-01,iShares Aaa - A Rated Corporate Bond ETF,,QLTA,6/2/2023,6/1/2023,6/7/2023,0.135977,,,
2023-07-03,iShares Aaa - A Rated Corporate Bond ETF,,QLTA,7/5/2023,7/3/2023,7/10/2023,0.130209,,,
2023-08-01,iShares Aaa - A Rated Corporate Bond ETF,,QLTA,8/2/2023,8/1/2023,8/7/2023,0.142778,,,
2023-09-01,iShares Aaa - A Rated Corporate Bond ETF,,QLTA,9/5/2023,9/1/2023,9/8/2023,0.144004,,,
2023-10-02,iShares Aaa - A Rated Corporate Bond ETF,,QLTA,10/3/2023,10/2/2023,10/6/2023,0.140791,,,
2023-11-01,iShares Aaa - A Rated Corporate Bond ETF,,QLTA,11/2/2023,11/1/2023,11/7/2023,0.148333,,,
2024-02-01,iShares Aaa - A Rated Corporate Bond ETF,,QLTA,2/2/2024,2/1/2024,2/7/2024,0.153605,,,
2024-03-01,iShares Aaa - A Rated Corporate Bond ETF,,QLTA,3/4/2024,3/1/2024,3/7/2024,0.153984,,,
2024-04-01,iShares Aaa - A Rated Corporate Bond ETF,,QLTA,4/2/2024,4/1/2024,4/5/2024,0.156829,,,
2024-05-01,iShares Aaa - A Rated Corporate Bond ETF,,QLTA,5/2/2024,5/1/2024,5/7/2024,0.160634,,,
2024-06-03,iShares Aaa - A Rated Corporate Bond ETF,,QLTA,6/3/2024,6/3/2024,6/7/2024,0.160424,,,
2024-07-01,iShares Aaa - A Rated Corporate Bond ETF,,QLTA,7/1/2024,7/1/2024,7/5/2024,0.159504,,,
2024-08-01,iShares Aaa - A Rated Corporate Bond ETF,,QLTA,8/1/2024,8/1/2024,8/6/2024,0.135329,,,
2024-09-03,iShares Aaa - A Rated Corporate Bond ETF,,QLTA,9/3/2024,9/3/2024,9/6/2024,0.170441,,,
2024-10-01,iShares Aaa - A Rated Corporate Bond ETF,,QLTA,10/1/2024,10/1/2024,10/4/2024,0.169555,,,
2024-11-01,iShares Aaa - A Rated Corporate Bond ETF,,QLTA,11/1/2024,11/1/2024,11/6/2024,0.156066,,,
2025-02-03,iShares Aaa - A Rated Corporate Bond ETF,,QLTA,2/3/2025,2/3/2025,2/6/2025,0.165401,,,
2025-03-03,iShares Aaa - A Rated Corporate Bond ETF,,QLTA,3/3/2025,3/3/2025,3/6/2025,0.185076,,,
2025-04-01,iShares Aaa - A Rated Corporate Bond ETF,,QLTA,4/1/2025,4/1/2025,4/4/2025,0.165535,,,
2025-05-01,iShares Aaa - A Rated Corporate Bond ETF,,QLTA,5/1/2025,5/1/2025,5/6/2025,0.174761,,,
2025-06-02,iShares Aaa - A Rated Corporate Bond ETF,,QLTA,6/2/2025,6/2/2025,6/5/2025,0.174779,,,
2025-07-01,iShares Aaa - A Rated Corporate Bond ETF,,QLTA,7/1/2025,7/1/2025,7/7/2025,0.174518,,,
2025-08-01,iShares Aaa - A Rated Corporate Bond ETF,,QLTA,8/1/2025,8/1/2025,8/6/2025,0.174228,,,
2025-09-02,iShares Aaa - A Rated Corporate Bond ETF,,QLTA,9/2/2025,9/2/2025,9/5/2025,0.175078,,,
2025-10-01,iShares Aaa - A Rated Corporate Bond ETF,,QLTA,10/1/2025,10/1/2025,10/6/2025,0.169653,,,
2025-11-03,iShares Aaa - A Rated Corporate Bond ETF,,QLTA,11/3/2025,11/3/2025,11/6/2025,0.173483,,,
2025-03-18,iShares Nasdaq-100 ex Top 30 ETF,,QNXT,3/18/2025,3/18/2025,3/21/2025,0.039399,,,
2025-06-16,iShares Nasdaq-100 ex Top 30 ETF,,QNXT,6/16/2025,6/16/2025,6/20/2025,0.034114,,,
2025-09-16,iShares Nasdaq-100 ex Top 30 ETF,,QNXT,9/16/2025,9/16/2025,9/19/2025,0.041183,,,
2025-03-18,iShares Nasdaq Top 30 Stocks ETF,,QTOP,3/18/2025,3/18/2025,3/21/2025,0.027982,,,
2025-06-16,iShares Nasdaq Top 30 Stocks ETF,,QTOP,6/16/2025,6/16/2025,6/20/2025,0.033495,,,
2025-09-16,iShares Nasdaq Top 30 Stocks ETF,,QTOP,9/16/2025,9/16/2025,9/19/2025,0.029566,,,
2022-03-24,iShares MSCI USA Quality Factor ETF,,QUAL,3/25/2022,3/24/2022,3/30/2022,0.381628,,,
2022-06-09,iShares MSCI USA Quality Factor ETF,,QUAL,6/10/2022,6/9/2022,6/15/2022,0.421631,,,
2022-09-26,iShares MSCI USA Quality Factor ETF,,QUAL,9/27/2022,9/26/2022,9/30/2022,0.529649,,,
2023-03-23,iShares MSCI USA Quality Factor ETF,,QUAL,3/24/2023,3/23/2023,3/29/2023,0.365230,,,
2023-06-07,iShares MSCI USA Quality Factor ETF,,QUAL,6/8/2023,6/7/2023,6/13/2023,0.384532,,,
2023-09-26,iShares MSCI USA Quality Factor ETF,,QUAL,9/27/2023,9/26/2023,10/2/2023,0.510387,,,
2024-03-21,iShares MSCI USA Quality Factor ETF,,QUAL,3/22/2024,3/21/2024,3/27/2024,0.374951,,,
2024-06-11,iShares MSCI USA Quality Factor ETF,,QUAL,6/11/2024,6/11/2024,6/17/2024,0.345269,,,
2024-09-25,iShares MSCI USA Quality Factor ETF,,QUAL,9/25/2024,9/25/2024,9/30/2024,0.543048,,,
2025-03-18,iShares MSCI USA Quality Factor ETF,,QUAL,3/18/2025,3/18/2025,3/21/2025,0.390726,,,
2025-06-16,iShares MSCI USA Quality Factor ETF,,QUAL,6/16/2025,6/16/2025,6/20/2025,0.388486,,,
2025-09-16,iShares MSCI USA Quality Factor ETF,,QUAL,9/16/2025,9/16/2025,9/19/2025,0.468566,,,
2022-03-24,iShares Global REIT ETF,,REET,3/25/2022,3/24/2022,3/30/2022,0.133371,,,
2022-06-09,iShares Global REIT ETF,,REET,6/10/2022,6/9/2022,6/15/2022,0.136197,,,
2023-03-23,iShares Global REIT ETF,,REET,3/24/2023,3/23/2023,3/29/2023,0.152197,,,
2023-06-07,iShares Global REIT ETF,,REET,6/8/2023,6/7/2023,6/13/2023,0.131112,,,
2023-09-26,iShares Global REIT ETF,,REET,9/27/2023,9/26/2023,10/2/2023,0.267860,,,
2024-03-21,iShares Global REIT ETF,,REET,3/22/2024,3/21/2024,3/27/2024,0.133255,,,
2024-06-11,iShares Global REIT ETF,,REET,6/11/2024,6/11/2024,6/17/2024,0.072489,,,
2024-09-25,iShares Global REIT ETF,,REET,9/25/2024,9/25/2024,9/30/2024,0.252691,,,
2025-03-18,iShares Global REIT ETF,,REET,3/18/2025,3/18/2025,3/21/2025,0.126221,,,
2025-06-16,iShares Global REIT ETF,,REET,6/16/2025,6/16/2025,6/20/2025,0.186351,,,
2025-09-16,iShares Global REIT ETF,,REET,9/16/2025,9/16/2025,9/19/2025,0.225742,,,
2022-03-24,iShares Mortgage Real Estate ETF,,REM,3/25/2022,3/24/2022,3/30/2022,0.150194,,,
2022-06-09,iShares Mortgage Real Estate ETF,,REM,6/10/2022,6/9/2022,6/15/2022,0.650825,,,
2022-09-26,iShares Mortgage Real Estate ETF,,REM,9/27/2022,9/26/2022,9/30/2022,0.681753,,,
2023-03-23,iShares Mortgage Real Estate ETF,,REM,3/24/2023,3/23/2023,3/29/2023,,,,0.148265
2023-06-07,iShares Mortgage Real Estate ETF,,REM,6/8/2023,6/7/2023,6/13/2023,0.547651,,,
2023-09-26,iShares Mortgage Real Estate ETF,,REM,9/27/2023,9/26/2023,10/2/2023,0.561071,,,
2024-03-21,iShares Mortgage Real Estate ETF,,REM,3/22/2024,3/21/2024,3/27/2024,0.118116,,,
2024-06-11,iShares Mortgage Real Estate ETF,,REM,6/11/2024,6/11/2024,6/17/2024,0.523003,,,
2024-09-25,iShares Mortgage Real Estate ETF,,REM,9/25/2024,9/25/2024,9/30/2024,0.540193,,,
2025-03-18,iShares Mortgage Real Estate ETF,,REM,3/18/2025,3/18/2025,3/21/2025,0.112285,,,
2025-06-16,iShares Mortgage Real Estate ETF,,REM,6/16/2025,6/16/2025,6/20/2025,0.540171,,,
2025-09-16,iShares Mortgage Real Estate ETF,,REM,9/16/2025,9/16/2025,9/19/2025,0.463450,,,
2022-03-24,iShares Residential and Multisector Real Estate ETF,,REZ,3/25/2022,3/24/2022,3/30/2022,0.298727,,,
2022-06-09,iShares Residential and Multisector Real Estate ETF,,REZ,6/10/2022,6/9/2022,6/15/2022,0.401239,,,
2022-09-26,iShares Residential and Multisector Real Estate ETF,,REZ,9/27/2022,9/26/2022,9/30/2022,0.837634,,,
2023-03-23,iShares Residential and Multisector Real Estate ETF,,REZ,3/24/2023,3/23/2023,3/29/2023,0.366273,,,
2023-06-07,iShares Residential and Multisector Real Estate ETF,,REZ,6/8/2023,6/7/2023,6/13/2023,0.385976,,,
2023-09-26,iShares Residential and Multisector Real Estate ETF,,REZ,9/27/2023,9/26/2023,10/2/2023,0.682013,,,
2024-03-21,iShares Residential and Multisector Real Estate ETF,,REZ,3/22/2024,3/21/2024,3/27/2024,0.306233,,,
2024-06-11,iShares Residential and Multisector Real Estate ETF,,REZ,6/11/2024,6/11/2024,6/17/2024,0.391800,,,
2024-09-25,iShares Residential and Multisector Real Estate ETF,,REZ,9/25/2024,9/25/2024,9/30/2024,0.488819,,,
2025-03-18,iShares Residential and Multisector Real Estate ETF,,REZ,3/18/2025,3/18/2025,3/21/2025,0.368999,,,
2025-06-16,iShares Residential and Multisector Real Estate ETF,,REZ,6/16/2025,6/16/2025,6/20/2025,0.518766,,,
2025-09-16,iShares Residential and Multisector Real Estate ETF,,REZ,9/16/2025,9/16/2025,9/19/2025,0.473091,,,
2022-06-09,iShares MSCI Global Gold Miners ETF,,RING,6/10/2022,6/9/2022,6/15/2022,0.253218,,,
2023-06-07,iShares MSCI Global Gold Miners ETF,,RING,6/8/2023,6/7/2023,6/13/2023,0.240817,,,
2024-06-11,iShares MSCI Global Gold Miners ETF,,RING,6/11/2024,6/11/2024,6/17/2024,0.201296,,,
2025-06-16,iShares MSCI Global Gold Miners ETF,,RING,6/16/2025,6/16/2025,6/20/2025,0.254976,,,
2022-06-09,iShares Global Consumer Discretionary ETF,,RXI,6/10/2022,6/9/2022,6/15/2022,0.627910,,,
2023-06-07,iShares Global Consumer Discretionary ETF,,RXI,6/8/2023,6/7/2023,6/13/2023,0.954990,,,
2024-06-11,iShares Global Consumer Discretionary ETF,,RXI,6/11/2024,6/11/2024,6/17/2024,1.365507,,,
2025-06-16,iShares Global Consumer Discretionary ETF,,RXI,6/16/2025,6/16/2025,6/20/2025,1.452532,,,
2023-06-07,iShares MSCI Japan Small-Cap ETF,,SCJ,6/8/2023,6/7/2023,6/13/2023,0.540373,,,
2024-06-11,iShares MSCI Japan Small-Cap ETF,,SCJ,6/11/2024,6/11/2024,6/17/2024,0.816538,,,
2025-06-16,iShares MSCI Japan Small-Cap ETF,,SCJ,6/16/2025,6/16/2025,6/20/2025,0.947498,,,
2023-06-07,iShares MSCI EAFE Small-Cap ETF,,SCZ,6/8/2023,6/7/2023,6/13/2023,1.070830,,,
2024-06-11,iShares MSCI EAFE Small-Cap ETF,,SCZ,6/11/2024,6/11/2024,6/17/2024,0.968112,,,
2025-06-16,iShares MSCI EAFE Small-Cap ETF,,SCZ,6/16/2025,6/16/2025,6/20/2025,1.121997,,,
2022-06-09,iShares MSCI Global Sustainable Development Goals ETF,,SDG,6/10/2022,6/9/2022,6/15/2022,0.820976,,,
2023-06-07,iShares MSCI Global Sustainable Development Goals ETF,,SDG,6/8/2023,6/7/2023,6/13/2023,0.773921,,,
2024-06-11,iShares MSCI Global Sustainable Development Goals ETF,,SDG,6/11/2024,6/11/2024,6/17/2024,0.900032,,,
2025-06-16,iShares MSCI Global Sustainable Development Goals ETF,,SDG,6/16/2025,6/16/2025,6/20/2025,0.887571,,,
2022-02-01,iShares 0-3 Month Treasury Bond ETF,,SGOV,2/2/2022,2/1/2022,2/7/2022,0.001801,,,
2022-03-01,iShares 0-3 Month Treasury Bond ETF,,SGOV,3/2/2022,3/1/2022,3/7/2022,0.008309,,,
2022-04-01,iShares 0-3 Month Treasury Bond ETF,,SGOV,4/4/2022,4/1/2022,4/7/2022,0.018432,,,
2022-05-02,iShares 0-3 Month Treasury Bond ETF,,SGOV,5/3/2022,5/2/2022,5/6/2022,0.024564,,,
2022-06-01,iShares 0-3 Month Treasury Bond ETF,,SGOV,6/2/2022,6/1/2022,6/7/2022,0.041443,,,
2022-07-01,iShares 0-3 Month Treasury Bond ETF,,SGOV,7/5/2022,7/1/2022,7/8/2022,0.069047,,,
2022-08-01,iShares 0-3 Month Treasury Bond ETF,,SGOV,8/2/2022,8/1/2022,8/5/2022,0.115689,,,
2022-09-01,iShares 0-3 Month Treasury Bond ETF,,SGOV,9/2/2022,9/1/2022,9/8/2022,0.168009,,,
2022-10-03,iShares 0-3 Month Treasury Bond ETF,,SGOV,10/4/2022,10/3/2022,10/7/2022,0.156581,,,
2022-11-01,iShares 0-3 Month Treasury Bond ETF,,SGOV,11/2/2022,11/1/2022,11/7/2022,0.240614,,,
2023-02-01,iShares 0-3 Month Treasury Bond ETF,,SGOV,2/2/2023,2/1/2023,2/7/2023,0.393571,,,
2023-03-01,iShares 0-3 Month Treasury Bond ETF,,SGOV,3/2/2023,3/1/2023,3/7/2023,0.278003,,,
2023-04-03,iShares 0-3 Month Treasury Bond ETF,,SGOV,4/4/2023,4/3/2023,4/7/2023,0.361604,,,
2023-05-01,iShares 0-3 Month Treasury Bond ETF,,SGOV,5/2/2023,5/1/2023,5/5/2023,0.392064,,,
2023-06-01,iShares 0-3 Month Treasury Bond ETF,,SGOV,6/2/2023,6/1/2023,6/7/2023,0.432017,,,
2023-07-03,iShares 0-3 Month Treasury Bond ETF,,SGOV,7/5/2023,7/3/2023,7/10/2023,0.416645,,,
2023-08-01,iShares 0-3 Month Treasury Bond ETF,,SGOV,8/2/2023,8/1/2023,8/7/2023,0.441547,,,
2023-09-01,iShares 0-3 Month Treasury Bond ETF,,SGOV,9/5/2023,9/1/2023,9/8/2023,0.430575,,,
2023-10-02,iShares 0-3 Month Treasury Bond ETF,,SGOV,10/3/2023,10/2/2023,10/6/2023,0.411757,,,
2023-11-01,iShares 0-3 Month Treasury Bond ETF,,SGOV,11/2/2023,11/1/2023,11/7/2023,0.427005,,,
2024-02-01,iShares 0-3 Month Treasury Bond ETF,,SGOV,2/2/2024,2/1/2024,2/7/2024,0.458091,,,
2024-03-01,iShares 0-3 Month Treasury Bond ETF,,SGOV,3/4/2024,3/1/2024,3/7/2024,0.409748,,,
2024-04-01,iShares 0-3 Month Treasury Bond ETF,,SGOV,4/2/2024,4/1/2024,4/5/2024,0.449911,,,
2024-05-01,iShares 0-3 Month Treasury Bond ETF,,SGOV,5/2/2024,5/1/2024,5/7/2024,0.427591,,,
2024-06-03,iShares 0-3 Month Treasury Bond ETF,,SGOV,6/3/2024,6/3/2024,6/7/2024,0.439724,,,
2024-07-01,iShares 0-3 Month Treasury Bond ETF,,SGOV,7/1/2024,7/1/2024,7/5/2024,0.438800,,,
2024-08-01,iShares 0-3 Month Treasury Bond ETF,,SGOV,8/1/2024,8/1/2024,8/6/2024,0.453250,,,
2024-09-03,iShares 0-3 Month Treasury Bond ETF,,SGOV,9/3/2024,9/3/2024,9/6/2024,0.443547,,,
2024-10-01,iShares 0-3 Month Treasury Bond ETF,,SGOV,10/1/2024,10/1/2024,10/4/2024,0.429639,,,
2024-11-01,iShares 0-3 Month Treasury Bond ETF,,SGOV,11/1/2024,11/1/2024,11/6/2024,0.415164,,,
2025-02-03,iShares 0-3 Month Treasury Bond ETF,,SGOV,2/3/2025,2/3/2025,2/6/2025,0.363396,,,
2025-03-03,iShares 0-3 Month Treasury Bond ETF,,SGOV,3/3/2025,3/3/2025,3/6/2025,0.313292,,,
2025-04-01,iShares 0-3 Month Treasury Bond ETF,,SGOV,4/1/2025,4/1/2025,4/4/2025,0.346022,,,
2025-05-01,iShares 0-3 Month Treasury Bond ETF,,SGOV,5/1/2025,5/1/2025,5/6/2025,0.334981,,,
2025-06-02,iShares 0-3 Month Treasury Bond ETF,,SGOV,6/2/2025,6/2/2025,6/5/2025,0.357977,,,
2025-07-01,iShares 0-3 Month Treasury Bond ETF,,SGOV,7/1/2025,7/1/2025,7/7/2025,0.347169,,,
2025-08-01,iShares 0-3 Month Treasury Bond ETF,,SGOV,8/1/2025,8/1/2025,8/6/2025,0.362484,,,
2025-09-02,iShares 0-3 Month Treasury Bond ETF,,SGOV,9/2/2025,9/2/2025,9/5/2025,0.360128,,,
2025-10-01,iShares 0-3 Month Treasury Bond ETF,,SGOV,10/1/2025,10/1/2025,10/6/2025,0.346643,,,
2025-11-03,iShares 0-3 Month Treasury Bond ETF,,SGOV,11/3/2025,11/3/2025,11/6/2025,0.347608,,,
2022-04-01,iShares Short Treasury Bond ETF,,SHV,4/4/2022,4/1/2022,4/7/2022,0.017542,,,
2022-05-02,iShares Short Treasury Bond ETF,,SHV,5/3/2022,5/2/2022,5/6/2022,0.033452,,,
2022-06-01,iShares Short Treasury Bond ETF,,SHV,6/2/2022,6/1/2022,6/7/2022,0.056595,,,
2022-07-01,iShares Short Treasury Bond ETF,,SHV,7/5/2022,7/1/2022,7/8/2022,0.077470,,,
2022-08-01,iShares Short Treasury Bond ETF,,SHV,8/2/2022,8/1/2022,8/5/2022,0.131341,,,
2022-09-01,iShares Short Treasury Bond ETF,,SHV,9/2/2022,9/1/2022,9/8/2022,0.161219,,,
2022-10-03,iShares Short Treasury Bond ETF,,SHV,10/4/2022,10/3/2022,10/7/2022,0.200990,,,
2022-11-01,iShares Short Treasury Bond ETF,,SHV,11/2/2022,11/1/2022,11/7/2022,0.241971,,,
2023-02-01,iShares Short Treasury Bond ETF,,SHV,2/2/2023,2/1/2023,2/7/2023,0.369501,,,
2023-03-01,iShares Short Treasury Bond ETF,,SHV,3/2/2023,3/1/2023,3/7/2023,0.290428,,,
2023-04-03,iShares Short Treasury Bond ETF,,SHV,4/4/2023,4/3/2023,4/7/2023,0.390888,,,
2023-05-01,iShares Short Treasury Bond ETF,,SHV,5/2/2023,5/1/2023,5/5/2023,0.397518,,,
2023-06-01,iShares Short Treasury Bond ETF,,SHV,6/2/2023,6/1/2023,6/7/2023,0.481759,,,
2023-07-03,iShares Short Treasury Bond ETF,,SHV,7/5/2023,7/3/2023,7/10/2023,0.431517,,,
2023-08-01,iShares Short Treasury Bond ETF,,SHV,8/2/2023,8/1/2023,8/7/2023,0.467400,,,
2023-09-01,iShares Short Treasury Bond ETF,,SHV,9/5/2023,9/1/2023,9/8/2023,0.460640,,,
2023-10-02,iShares Short Treasury Bond ETF,,SHV,10/3/2023,10/2/2023,10/6/2023,0.464899,,,
2023-11-01,iShares Short Treasury Bond ETF,,SHV,11/2/2023,11/1/2023,11/7/2023,0.468374,,,
2024-02-01,iShares Short Treasury Bond ETF,,SHV,2/2/2024,2/1/2024,2/7/2024,0.473350,,,
2024-03-01,iShares Short Treasury Bond ETF,,SHV,3/4/2024,3/1/2024,3/7/2024,0.447689,,,
2024-04-01,iShares Short Treasury Bond ETF,,SHV,4/2/2024,4/1/2024,4/5/2024,0.481925,,,
2024-05-01,iShares Short Treasury Bond ETF,,SHV,5/2/2024,5/1/2024,5/7/2024,0.463666,,,
2024-06-03,iShares Short Treasury Bond ETF,,SHV,6/3/2024,6/3/2024,6/7/2024,0.472298,,,
2024-07-01,iShares Short Treasury Bond ETF,,SHV,7/1/2024,7/1/2024,7/5/2024,0.466218,,,
2024-08-01,iShares Short Treasury Bond ETF,,SHV,8/1/2024,8/1/2024,8/6/2024,0.487904,,,
2024-09-03,iShares Short Treasury Bond ETF,,SHV,9/3/2024,9/3/2024,9/6/2024,0.475462,,,
2024-10-01,iShares Short Treasury Bond ETF,,SHV,10/1/2024,10/1/2024,10/4/2024,0.454424,,,
2024-11-01,iShares Short Treasury Bond ETF,,SHV,11/1/2024,11/1/2024,11/6/2024,0.466849,,,
2025-02-03,iShares Short Treasury Bond ETF,,SHV,2/3/2025,2/3/2025,2/6/2025,0.403309,,,
2025-03-03,iShares Short Treasury Bond ETF,,SHV,3/3/2025,3/3/2025,3/6/2025,0.357854,,,
2025-04-01,iShares Short Treasury Bond ETF,,SHV,4/1/2025,4/1/2025,4/4/2025,0.383602,,,
2025-05-01,iShares Short Treasury Bond ETF,,SHV,5/1/2025,5/1/2025,5/6/2025,0.372016,,,
2025-06-02,iShares Short Treasury Bond ETF,,SHV,6/2/2025,6/2/2025,6/5/2025,0.397026,,,
2025-07-01,iShares Short Treasury Bond ETF,,SHV,7/1/2025,7/1/2025,7/7/2025,0.371166,,,
2025-08-01,iShares Short Treasury Bond ETF,,SHV,8/1/2025,8/1/2025,8/6/2025,0.384741,,,
2025-09-02,iShares Short Treasury Bond ETF,,SHV,9/2/2025,9/2/2025,9/5/2025,0.387601,,,
2025-10-01,iShares Short Treasury Bond ETF,,SHV,10/1/2025,10/1/2025,10/6/2025,0.367379,,,
2025-11-03,iShares Short Treasury Bond ETF,,SHV,11/3/2025,11/3/2025,11/6/2025,0.370549,,,
2022-02-01,iShares 1-3 Year Treasury Bond ETF,,SHY,2/2/2022,2/1/2022,2/7/2022,0.023298,,,
2022-03-01,iShares 1-3 Year Treasury Bond ETF,,SHY,3/2/2022,3/1/2022,3/7/2022,0.025406,,,
2022-04-01,iShares 1-3 Year Treasury Bond ETF,,SHY,4/4/2022,4/1/2022,4/7/2022,0.036305,,,
2022-05-02,iShares 1-3 Year Treasury Bond ETF,,SHY,5/3/2022,5/2/2022,5/6/2022,0.043611,,,
2022-06-01,iShares 1-3 Year Treasury Bond ETF,,SHY,6/2/2022,6/1/2022,6/7/2022,0.064745,,,
2022-07-01,iShares 1-3 Year Treasury Bond ETF,,SHY,7/5/2022,7/1/2022,7/8/2022,0.078997,,,
2022-08-01,iShares 1-3 Year Treasury Bond ETF,,SHY,8/2/2022,8/1/2022,8/5/2022,0.088246,,,
2022-09-01,iShares 1-3 Year Treasury Bond ETF,,SHY,9/2/2022,9/1/2022,9/8/2022,0.100482,,,
2022-10-03,iShares 1-3 Year Treasury Bond ETF,,SHY,10/4/2022,10/3/2022,10/7/2022,0.108023,,,
2022-11-01,iShares 1-3 Year Treasury Bond ETF,,SHY,11/2/2022,11/1/2022,11/7/2022,0.140690,,,
2023-02-01,iShares 1-3 Year Treasury Bond ETF,,SHY,2/2/2023,2/1/2023,2/7/2023,0.152447,,,
2023-03-01,iShares 1-3 Year Treasury Bond ETF,,SHY,3/2/2023,3/1/2023,3/7/2023,0.162288,,,
2023-04-03,iShares 1-3 Year Treasury Bond ETF,,SHY,4/4/2023,4/3/2023,4/7/2023,0.180173,,,
2023-05-01,iShares 1-3 Year Treasury Bond ETF,,SHY,5/2/2023,5/1/2023,5/5/2023,0.191171,,,
2023-06-01,iShares 1-3 Year Treasury Bond ETF,,SHY,6/2/2023,6/1/2023,6/7/2023,0.197052,,,
2023-07-03,iShares 1-3 Year Treasury Bond ETF,,SHY,7/5/2023,7/3/2023,7/10/2023,0.206016,,,
2023-08-01,iShares 1-3 Year Treasury Bond ETF,,SHY,8/2/2023,8/1/2023,8/7/2023,0.211834,,,
2023-09-01,iShares 1-3 Year Treasury Bond ETF,,SHY,9/5/2023,9/1/2023,9/8/2023,0.205809,,,
2023-10-02,iShares 1-3 Year Treasury Bond ETF,,SHY,10/3/2023,10/2/2023,10/6/2023,0.209062,,,
2023-11-01,iShares 1-3 Year Treasury Bond ETF,,SHY,11/2/2023,11/1/2023,11/7/2023,0.230349,,,
2024-02-01,iShares 1-3 Year Treasury Bond ETF,,SHY,2/2/2024,2/1/2024,2/7/2024,0.242118,,,
2024-03-01,iShares 1-3 Year Treasury Bond ETF,,SHY,3/4/2024,3/1/2024,3/7/2024,0.240458,,,
2024-04-01,iShares 1-3 Year Treasury Bond ETF,,SHY,4/2/2024,4/1/2024,4/5/2024,0.270467,,,
2024-05-01,iShares 1-3 Year Treasury Bond ETF,,SHY,5/2/2024,5/1/2024,5/7/2024,0.261616,,,
2024-06-03,iShares 1-3 Year Treasury Bond ETF,,SHY,6/3/2024,6/3/2024,6/7/2024,0.262128,,,
2024-07-01,iShares 1-3 Year Treasury Bond ETF,,SHY,7/1/2024,7/1/2024,7/5/2024,0.270391,,,
2024-08-01,iShares 1-3 Year Treasury Bond ETF,,SHY,8/1/2024,8/1/2024,8/6/2024,0.272460,,,
2024-09-03,iShares 1-3 Year Treasury Bond ETF,,SHY,9/3/2024,9/3/2024,9/6/2024,0.288255,,,
2024-10-01,iShares 1-3 Year Treasury Bond ETF,,SHY,10/1/2024,10/1/2024,10/4/2024,0.273029,,,
2024-11-01,iShares 1-3 Year Treasury Bond ETF,,SHY,11/1/2024,11/1/2024,11/6/2024,0.283144,,,
2025-02-03,iShares 1-3 Year Treasury Bond ETF,,SHY,2/3/2025,2/3/2025,2/6/2025,0.273496,,,
2025-03-03,iShares 1-3 Year Treasury Bond ETF,,SHY,3/3/2025,3/3/2025,3/6/2025,0.253140,,,
2025-04-01,iShares 1-3 Year Treasury Bond ETF,,SHY,4/1/2025,4/1/2025,4/4/2025,0.279789,,,
2025-05-01,iShares 1-3 Year Treasury Bond ETF,,SHY,5/1/2025,5/1/2025,5/6/2025,0.259195,,,
2025-06-02,iShares 1-3 Year Treasury Bond ETF,,SHY,6/2/2025,6/2/2025,6/5/2025,0.271801,,,
2025-07-01,iShares 1-3 Year Treasury Bond ETF,,SHY,7/1/2025,7/1/2025,7/7/2025,0.264081,,,
2025-08-01,iShares 1-3 Year Treasury Bond ETF,,SHY,8/1/2025,8/1/2025,8/6/2025,0.269837,,,
2025-09-02,iShares 1-3 Year Treasury Bond ETF,,SHY,9/2/2025,9/2/2025,9/5/2025,0.258369,,,
2025-10-01,iShares 1-3 Year Treasury Bond ETF,,SHY,10/1/2025,10/1/2025,10/6/2025,0.256251,,,
2025-11-03,iShares 1-3 Year Treasury Bond ETF,,SHY,11/3/2025,11/3/2025,11/6/2025,0.262737,,,
2022-02-01,iShares 0-5 Year High Yield Corporate Bond ETF,,SHYG,2/2/2022,2/1/2022,2/7/2022,0.174996,,,
2022-03-01,iShares 0-5 Year High Yield Corporate Bond ETF,,SHYG,3/2/2022,3/1/2022,3/7/2022,0.178792,,,
2022-04-01,iShares 0-5 Year High Yield Corporate Bond ETF,,SHYG,4/4/2022,4/1/2022,4/7/2022,0.174523,,,
2022-05-02,iShares 0-5 Year High Yield Corporate Bond ETF,,SHYG,5/3/2022,5/2/2022,5/6/2022,0.180665,,,
2022-06-01,iShares 0-5 Year High Yield Corporate Bond ETF,,SHYG,6/2/2022,6/1/2022,6/7/2022,0.182879,,,
2022-07-01,iShares 0-5 Year High Yield Corporate Bond ETF,,SHYG,7/5/2022,7/1/2022,7/8/2022,0.189055,,,
2022-08-01,iShares 0-5 Year High Yield Corporate Bond ETF,,SHYG,8/2/2022,8/1/2022,8/5/2022,0.195316,,,
2022-09-01,iShares 0-5 Year High Yield Corporate Bond ETF,,SHYG,9/2/2022,9/1/2022,9/8/2022,0.194464,,,
2022-10-03,iShares 0-5 Year High Yield Corporate Bond ETF,,SHYG,10/4/2022,10/3/2022,10/7/2022,0.203279,,,
2022-11-01,iShares 0-5 Year High Yield Corporate Bond ETF,,SHYG,11/2/2022,11/1/2022,11/7/2022,0.151585,,,
2023-02-01,iShares 0-5 Year High Yield Corporate Bond ETF,,SHYG,2/2/2023,2/1/2023,2/7/2023,0.243742,,,
2023-03-01,iShares 0-5 Year High Yield Corporate Bond ETF,,SHYG,3/2/2023,3/1/2023,3/7/2023,0.228707,,,
2023-04-03,iShares 0-5 Year High Yield Corporate Bond ETF,,SHYG,4/4/2023,4/3/2023,4/7/2023,0.260323,,,
2023-05-01,iShares 0-5 Year High Yield Corporate Bond ETF,,SHYG,5/2/2023,5/1/2023,5/5/2023,0.215964,,,
2023-06-01,iShares 0-5 Year High Yield Corporate Bond ETF,,SHYG,6/2/2023,6/1/2023,6/7/2023,0.228597,,,
2023-07-03,iShares 0-5 Year High Yield Corporate Bond ETF,,SHYG,7/5/2023,7/3/2023,7/10/2023,0.218821,,,
2023-08-01,iShares 0-5 Year High Yield Corporate Bond ETF,,SHYG,8/2/2023,8/1/2023,8/7/2023,0.210253,,,
2023-09-01,iShares 0-5 Year High Yield Corporate Bond ETF,,SHYG,9/5/2023,9/1/2023,9/8/2023,0.228077,,,
2023-10-02,iShares 0-5 Year High Yield Corporate Bond ETF,,SHYG,10/3/2023,10/2/2023,10/6/2023,0.234404,,,
2023-11-01,iShares 0-5 Year High Yield Corporate Bond ETF,,SHYG,11/2/2023,11/1/2023,11/7/2023,0.231360,,,
2024-02-01,iShares 0-5 Year High Yield Corporate Bond ETF,,SHYG,2/2/2024,2/1/2024,2/7/2024,0.229773,,,
2024-03-01,iShares 0-5 Year High Yield Corporate Bond ETF,,SHYG,3/4/2024,3/1/2024,3/7/2024,0.232402,,,
2024-04-01,iShares 0-5 Year High Yield Corporate Bond ETF,,SHYG,4/2/2024,4/1/2024,4/5/2024,0.251685,,,
2024-05-01,iShares 0-5 Year High Yield Corporate Bond ETF,,SHYG,5/2/2024,5/1/2024,5/7/2024,0.236706,,,
2024-06-03,iShares 0-5 Year High Yield Corporate Bond ETF,,SHYG,6/3/2024,6/3/2024,6/7/2024,0.245519,,,
2024-07-01,iShares 0-5 Year High Yield Corporate Bond ETF,,SHYG,7/1/2024,7/1/2024,7/5/2024,0.244730,,,
2024-08-01,iShares 0-5 Year High Yield Corporate Bond ETF,,SHYG,8/1/2024,8/1/2024,8/6/2024,0.245158,,,
2024-09-03,iShares 0-5 Year High Yield Corporate Bond ETF,,SHYG,9/3/2024,9/3/2024,9/6/2024,0.250891,,,
2024-10-01,iShares 0-5 Year High Yield Corporate Bond ETF,,SHYG,10/1/2024,10/1/2024,10/4/2024,0.249369,,,
2024-11-01,iShares 0-5 Year High Yield Corporate Bond ETF,,SHYG,11/1/2024,11/1/2024,11/6/2024,0.254980,,,
2025-02-03,iShares 0-5 Year High Yield Corporate Bond ETF,,SHYG,2/3/2025,2/3/2025,2/6/2025,0.252730,,,
2025-03-03,iShares 0-5 Year High Yield Corporate Bond ETF,,SHYG,3/3/2025,3/3/2025,3/6/2025,0.258655,,,
2025-04-01,iShares 0-5 Year High Yield Corporate Bond ETF,,SHYG,4/1/2025,4/1/2025,4/4/2025,0.260181,,,
2025-05-01,iShares 0-5 Year High Yield Corporate Bond ETF,,SHYG,5/1/2025,5/1/2025,5/6/2025,0.259637,,,
2025-06-02,iShares 0-5 Year High Yield Corporate Bond ETF,,SHYG,6/2/2025,6/2/2025,6/5/2025,0.250932,,,
2025-07-01,iShares 0-5 Year High Yield Corporate Bond ETF,,SHYG,7/1/2025,7/1/2025,7/7/2025,0.249177,,,
2025-08-01,iShares 0-5 Year High Yield Corporate Bond ETF,,SHYG,8/1/2025,8/1/2025,8/6/2025,0.249207,,,
2025-09-02,iShares 0-5 Year High Yield Corporate Bond ETF,,SHYG,9/2/2025,9/2/2025,9/5/2025,0.237306,,,
2025-10-01,iShares 0-5 Year High Yield Corporate Bond ETF,,SHYG,10/1/2025,10/1/2025,10/6/2025,0.247677,,,
2025-11-03,iShares 0-5 Year High Yield Corporate Bond ETF,,SHYG,11/3/2025,11/3/2025,11/6/2025,0.241205,,,
2025-02-03,iShares Short Duration High Yield Muni Active ETF,,SHYM,2/3/2025,2/3/2025,2/6/2025,0.002781,,,
2025-03-03,iShares Short Duration High Yield Muni Active ETF,,SHYM,3/3/2025,3/3/2025,3/6/2025,0.002935,,,
2025-04-01,iShares Short Duration High Yield Muni Active ETF,,SHYM,4/1/2025,4/1/2025,4/4/2025,0.003118,,,
2025-05-01,iShares Short Duration High Yield Muni Active ETF,,SHYM,5/1/2025,5/1/2025,5/6/2025,0.003135,,,
2025-06-02,iShares Short Duration High Yield Muni Active ETF,,SHYM,6/2/2025,6/2/2025,6/5/2025,0.003150,,,
2025-07-01,iShares Short Duration High Yield Muni Active ETF,,SHYM,7/1/2025,7/1/2025,7/7/2025,0.002647,,,
2025-08-01,iShares Short Duration High Yield Muni Active ETF,,SHYM,8/1/2025,8/1/2025,8/6/2025,0.003131,,,
2025-09-02,iShares Short Duration High Yield Muni Active ETF,,SHYM,9/2/2025,9/2/2025,9/5/2025,0.003354,,,
2025-10-01,iShares Short Duration High Yield Muni Active ETF,,SHYM,10/1/2025,10/1/2025,10/6/2025,0.003468,,,
2025-11-03,iShares Short Duration High Yield Muni Active ETF,,SHYM,11/3/2025,11/3/2025,11/6/2025,0.003587,,,
2022-03-24,iShares MSCI USA Size Factor ETF,,SIZE,3/25/2022,3/24/2022,3/30/2022,0.481685,,,
2022-06-09,iShares MSCI USA Size Factor ETF,,SIZE,6/10/2022,6/9/2022,6/15/2022,0.445445,,,
2022-09-26,iShares MSCI USA Size Factor ETF,,SIZE,9/27/2022,9/26/2022,9/30/2022,0.537238,,,
2023-03-23,iShares MSCI USA Size Factor ETF,,SIZE,3/24/2023,3/23/2023,3/29/2023,0.458654,,,
2023-06-07,iShares MSCI USA Size Factor ETF,,SIZE,6/8/2023,6/7/2023,6/13/2023,0.396118,,,
2023-09-26,iShares MSCI USA Size Factor ETF,,SIZE,9/27/2023,9/26/2023,10/2/2023,0.553991,,,
2024-03-21,iShares MSCI USA Size Factor ETF,,SIZE,3/22/2024,3/21/2024,3/27/2024,0.543371,,,
2024-06-11,iShares MSCI USA Size Factor ETF,,SIZE,6/11/2024,6/11/2024,6/17/2024,0.423236,,,
2024-09-25,iShares MSCI USA Size Factor ETF,,SIZE,9/25/2024,9/25/2024,9/30/2024,0.620338,,,
2025-03-18,iShares MSCI USA Size Factor ETF,,SIZE,3/18/2025,3/18/2025,3/21/2025,0.499287,,,
2025-06-16,iShares MSCI USA Size Factor ETF,,SIZE,6/16/2025,6/16/2025,6/20/2025,0.541727,,,
2025-09-16,iShares MSCI USA Size Factor ETF,,SIZE,9/16/2025,9/16/2025,9/19/2025,0.625482,,,
2022-02-01,iShares 0-5 Year Investment Grade Corporate Bond ETF,,SLQD,2/2/2022,2/1/2022,2/7/2022,0.056293,,,
2022-03-01,iShares 0-5 Year Investment Grade Corporate Bond ETF,,SLQD,3/2/2022,3/1/2022,3/7/2022,0.062907,,,
2022-04-01,iShares 0-5 Year Investment Grade Corporate Bond ETF,,SLQD,4/4/2022,4/1/2022,4/7/2022,0.058961,,,
2022-05-02,iShares 0-5 Year Investment Grade Corporate Bond ETF,,SLQD,5/3/2022,5/2/2022,5/6/2022,0.061526,,,
2022-06-01,iShares 0-5 Year Investment Grade Corporate Bond ETF,,SLQD,6/2/2022,6/1/2022,6/7/2022,0.064023,,,
2022-07-01,iShares 0-5 Year Investment Grade Corporate Bond ETF,,SLQD,7/5/2022,7/1/2022,7/8/2022,0.073719,,,
2022-08-01,iShares 0-5 Year Investment Grade Corporate Bond ETF,,SLQD,8/2/2022,8/1/2022,8/5/2022,0.068258,,,
2022-09-01,iShares 0-5 Year Investment Grade Corporate Bond ETF,,SLQD,9/2/2022,9/1/2022,9/8/2022,0.095568,,,
2022-10-03,iShares 0-5 Year Investment Grade Corporate Bond ETF,,SLQD,10/4/2022,10/3/2022,10/7/2022,0.099271,,,
2022-11-01,iShares 0-5 Year Investment Grade Corporate Bond ETF,,SLQD,11/2/2022,11/1/2022,11/7/2022,0.098870,,,
2023-02-01,iShares 0-5 Year Investment Grade Corporate Bond ETF,,SLQD,2/2/2023,2/1/2023,2/7/2023,0.102137,,,
2023-03-01,iShares 0-5 Year Investment Grade Corporate Bond ETF,,SLQD,3/2/2023,3/1/2023,3/7/2023,0.113120,,,
2023-04-03,iShares 0-5 Year Investment Grade Corporate Bond ETF,,SLQD,4/4/2023,4/3/2023,4/7/2023,0.113059,,,
2023-05-01,iShares 0-5 Year Investment Grade Corporate Bond ETF,,SLQD,5/2/2023,5/1/2023,5/5/2023,0.116895,,,
2023-06-01,iShares 0-5 Year Investment Grade Corporate Bond ETF,,SLQD,6/2/2023,6/1/2023,6/7/2023,0.120069,,,
2023-07-03,iShares 0-5 Year Investment Grade Corporate Bond ETF,,SLQD,7/5/2023,7/3/2023,7/10/2023,0.126333,,,
2023-08-01,iShares 0-5 Year Investment Grade Corporate Bond ETF,,SLQD,8/2/2023,8/1/2023,8/7/2023,0.122898,,,
2023-09-01,iShares 0-5 Year Investment Grade Corporate Bond ETF,,SLQD,9/5/2023,9/1/2023,9/8/2023,0.121345,,,
2023-10-02,iShares 0-5 Year Investment Grade Corporate Bond ETF,,SLQD,10/3/2023,10/2/2023,10/6/2023,0.129272,,,
2023-11-01,iShares 0-5 Year Investment Grade Corporate Bond ETF,,SLQD,11/2/2023,11/1/2023,11/7/2023,0.134672,,,
2024-02-01,iShares 0-5 Year Investment Grade Corporate Bond ETF,,SLQD,2/2/2024,2/1/2024,2/7/2024,0.137825,,,
2024-03-01,iShares 0-5 Year Investment Grade Corporate Bond ETF,,SLQD,3/4/2024,3/1/2024,3/7/2024,0.146054,,,
2024-04-01,iShares 0-5 Year Investment Grade Corporate Bond ETF,,SLQD,4/2/2024,4/1/2024,4/5/2024,0.147341,,,
2024-05-01,iShares 0-5 Year Investment Grade Corporate Bond ETF,,SLQD,5/2/2024,5/1/2024,5/7/2024,0.146577,,,
2024-06-03,iShares 0-5 Year Investment Grade Corporate Bond ETF,,SLQD,6/3/2024,6/3/2024,6/7/2024,0.151227,,,
2024-07-01,iShares 0-5 Year Investment Grade Corporate Bond ETF,,SLQD,7/1/2024,7/1/2024,7/5/2024,0.155665,,,
2024-08-01,iShares 0-5 Year Investment Grade Corporate Bond ETF,,SLQD,8/1/2024,8/1/2024,8/6/2024,0.154965,,,
2024-09-03,iShares 0-5 Year Investment Grade Corporate Bond ETF,,SLQD,9/3/2024,9/3/2024,9/6/2024,0.160185,,,
2024-10-01,iShares 0-5 Year Investment Grade Corporate Bond ETF,,SLQD,10/1/2024,10/1/2024,10/4/2024,0.159373,,,
2024-11-01,iShares 0-5 Year Investment Grade Corporate Bond ETF,,SLQD,11/1/2024,11/1/2024,11/6/2024,0.159465,,,
2025-02-03,iShares 0-5 Year Investment Grade Corporate Bond ETF,,SLQD,2/3/2025,2/3/2025,2/6/2025,0.164013,,,
2025-03-03,iShares 0-5 Year Investment Grade Corporate Bond ETF,,SLQD,3/3/2025,3/3/2025,3/6/2025,0.167349,,,
2025-04-01,iShares 0-5 Year Investment Grade Corporate Bond ETF,,SLQD,4/1/2025,4/1/2025,4/4/2025,0.170521,,,
2025-05-01,iShares 0-5 Year Investment Grade Corporate Bond ETF,,SLQD,5/1/2025,5/1/2025,5/6/2025,0.172545,,,
2025-06-02,iShares 0-5 Year Investment Grade Corporate Bond ETF,,SLQD,6/2/2025,6/2/2025,6/5/2025,0.173813,,,
2025-07-01,iShares 0-5 Year Investment Grade Corporate Bond ETF,,SLQD,7/1/2025,7/1/2025,7/7/2025,0.176397,,,
2025-08-01,iShares 0-5 Year Investment Grade Corporate Bond ETF,,SLQD,8/1/2025,8/1/2025,8/6/2025,0.175720,,,
2025-09-02,iShares 0-5 Year Investment Grade Corporate Bond ETF,,SLQD,9/2/2025,9/2/2025,9/5/2025,0.179550,,,
2025-10-01,iShares 0-5 Year Investment Grade Corporate Bond ETF,,SLQD,10/1/2025,10/1/2025,10/6/2025,0.179032,,,
2025-11-03,iShares 0-5 Year Investment Grade Corporate Bond ETF,,SLQD,11/3/2025,11/3/2025,11/6/2025,0.180827,,,
2022-06-09,iShares MSCI Global Silver and Metals Miners ETF,,SLVP,6/10/2022,6/9/2022,6/15/2022,0.067644,,,
2023-06-07,iShares MSCI Global Silver and Metals Miners ETF,,SLVP,6/8/2023,6/7/2023,6/13/2023,0.047983,,,
2024-06-11,iShares MSCI Global Silver and Metals Miners ETF,,SLVP,6/11/2024,6/11/2024,6/17/2024,0.045500,,,
2025-06-16,iShares MSCI Global Silver and Metals Miners ETF,,SLVP,6/16/2025,6/16/2025,6/20/2025,0.045882,,,
2023-06-07,iShares MSCI India Small-Cap ETF,,SMIN,6/8/2023,6/7/2023,6/13/2023,,,0.042654,
2022-03-24,iShares MSCI USA Small-Cap Multifactor ETF,,SMLF,3/25/2022,3/24/2022,3/30/2022,0.066730,,,
2022-06-09,iShares MSCI USA Small-Cap Multifactor ETF,,SMLF,6/10/2022,6/9/2022,6/15/2022,0.136058,,,
2022-09-26,iShares MSCI USA Small-Cap Multifactor ETF,,SMLF,9/27/2022,9/26/2022,9/30/2022,0.200958,,,
2023-03-23,iShares MSCI USA Small-Cap Multifactor ETF,,SMLF,3/24/2023,3/23/2023,3/29/2023,0.171387,,,
2023-06-07,iShares MSCI USA Small-Cap Multifactor ETF,,SMLF,6/8/2023,6/7/2023,6/13/2023,0.236693,,,
2023-09-26,iShares MSCI USA Small-Cap Multifactor ETF,,SMLF,9/27/2023,9/26/2023,10/2/2023,0.232748,,,
2024-03-21,iShares MSCI USA Small-Cap Multifactor ETF,,SMLF,3/22/2024,3/21/2024,3/27/2024,0.169007,,,
2024-06-11,iShares MSCI USA Small-Cap Multifactor ETF,,SMLF,6/11/2024,6/11/2024,6/17/2024,0.167828,,,
2024-09-25,iShares MSCI USA Small-Cap Multifactor ETF,,SMLF,9/25/2024,9/25/2024,9/30/2024,0.244269,,,
2025-03-18,iShares MSCI USA Small-Cap Multifactor ETF,,SMLF,3/18/2025,3/18/2025,3/21/2025,0.166182,,,
2025-06-16,iShares MSCI USA Small-Cap Multifactor ETF,,SMLF,6/16/2025,6/16/2025,6/20/2025,0.206726,,,
2025-09-16,iShares MSCI USA Small-Cap Multifactor ETF,,SMLF,9/16/2025,9/16/2025,9/19/2025,0.243239,,,
2022-03-24,iShares Russell 2500 ETF,,SMMD,3/25/2022,3/24/2022,3/30/2022,0.163733,,,
2022-06-09,iShares Russell 2500 ETF,,SMMD,6/10/2022,6/9/2022,6/15/2022,0.166304,,,
2022-09-26,iShares Russell 2500 ETF,,SMMD,9/27/2022,9/26/2022,9/30/2022,0.405292,,,
2023-03-23,iShares Russell 2500 ETF,,SMMD,3/24/2023,3/23/2023,3/29/2023,0.188089,,,
2023-06-07,iShares Russell 2500 ETF,,SMMD,6/8/2023,6/7/2023,6/13/2023,0.166490,,,
2023-09-26,iShares Russell 2500 ETF,,SMMD,9/27/2023,9/26/2023,10/2/2023,0.282966,,,
2024-03-21,iShares Russell 2500 ETF,,SMMD,3/22/2024,3/21/2024,3/27/2024,0.163653,,,
2024-06-11,iShares Russell 2500 ETF,,SMMD,6/11/2024,6/11/2024,6/17/2024,0.180331,,,
2024-09-25,iShares Russell 2500 ETF,,SMMD,9/25/2024,9/25/2024,9/30/2024,0.242793,,,
2025-03-18,iShares Russell 2500 ETF,,SMMD,3/18/2025,3/18/2025,3/21/2025,0.191542,,,
2025-06-16,iShares Russell 2500 ETF,,SMMD,6/16/2025,6/16/2025,6/20/2025,0.217512,,,
2025-09-16,iShares Russell 2500 ETF,,SMMD,9/16/2025,9/16/2025,9/19/2025,0.247031,,,
2022-03-24,iShares MSCI USA Small-Cap Min Vol Factor ETF,,SMMV,3/25/2022,3/24/2022,3/30/2022,0.110763,,,
2022-06-09,iShares MSCI USA Small-Cap Min Vol Factor ETF,,SMMV,6/10/2022,6/9/2022,6/15/2022,0.108094,,,
2022-09-26,iShares MSCI USA Small-Cap Min Vol Factor ETF,,SMMV,9/27/2022,9/26/2022,9/30/2022,0.159041,,,
2023-03-23,iShares MSCI USA Small-Cap Min Vol Factor ETF,,SMMV,3/24/2023,3/23/2023,3/29/2023,0.185003,,,
2023-06-07,iShares MSCI USA Small-Cap Min Vol Factor ETF,,SMMV,6/8/2023,6/7/2023,6/13/2023,0.113923,,,
2023-09-26,iShares MSCI USA Small-Cap Min Vol Factor ETF,,SMMV,9/27/2023,9/26/2023,10/2/2023,0.169807,,,
2024-03-21,iShares MSCI USA Small-Cap Min Vol Factor ETF,,SMMV,3/22/2024,3/21/2024,3/27/2024,0.121105,,,
2024-06-11,iShares MSCI USA Small-Cap Min Vol Factor ETF,,SMMV,6/11/2024,6/11/2024,6/17/2024,0.096092,,,
2024-09-25,iShares MSCI USA Small-Cap Min Vol Factor ETF,,SMMV,9/25/2024,9/25/2024,9/30/2024,0.261086,,,
2025-03-18,iShares MSCI USA Small-Cap Min Vol Factor ETF,,SMMV,3/18/2025,3/18/2025,3/21/2025,0.208981,,,
2025-06-16,iShares MSCI USA Small-Cap Min Vol Factor ETF,,SMMV,6/16/2025,6/16/2025,6/20/2025,0.170835,,,
2025-09-16,iShares MSCI USA Small-Cap Min Vol Factor ETF,,SMMV,9/16/2025,9/16/2025,9/19/2025,0.225900,,,
2022-03-24,iShares Semiconductor ETF,,SOXX,3/25/2022,3/24/2022,3/30/2022,0.875171,,,
2022-06-09,iShares Semiconductor ETF,,SOXX,6/10/2022,6/9/2022,6/15/2022,0.627965,,,
2022-09-26,iShares Semiconductor ETF,,SOXX,9/27/2022,9/26/2022,9/30/2022,1.801810,,,
2023-03-23,iShares Semiconductor ETF,,SOXX,3/24/2023,3/23/2023,3/29/2023,1.072410,,,
2023-06-07,iShares Semiconductor ETF,,SOXX,6/8/2023,6/7/2023,6/13/2023,0.650709,,,
2023-09-26,iShares Semiconductor ETF,,SOXX,9/27/2023,9/26/2023,10/2/2023,1.665756,,,
2024-03-21,iShares Semiconductor ETF,,SOXX,3/22/2024,3/21/2024,3/27/2024,0.224947,,,
2024-06-11,iShares Semiconductor ETF,,SOXX,6/11/2024,6/11/2024,6/17/2024,0.310326,,,
2024-09-25,iShares Semiconductor ETF,,SOXX,9/25/2024,9/25/2024,9/30/2024,0.552380,,,
2025-03-18,iShares Semiconductor ETF,,SOXX,3/18/2025,3/18/2025,3/21/2025,0.261115,,,
2025-06-16,iShares Semiconductor ETF,,SOXX,6/16/2025,6/16/2025,6/20/2025,0.483276,,,
2025-09-16,iShares Semiconductor ETF,,SOXX,9/16/2025,9/16/2025,9/19/2025,0.540748,,,
2022-02-01,iShares 0-5 Year TIPS Bond ETF,,STIP,2/2/2022,2/1/2022,2/7/2022,0.323978,,,
2022-03-01,iShares 0-5 Year TIPS Bond ETF,,STIP,3/2/2022,3/1/2022,3/7/2022,0.160614,,,
2022-04-01,iShares 0-5 Year TIPS Bond ETF,,STIP,4/4/2022,4/1/2022,4/7/2022,0.599253,,,
2022-05-02,iShares 0-5 Year TIPS Bond ETF,,STIP,5/3/2022,5/2/2022,5/6/2022,0.686924,,,
2022-06-01,iShares 0-5 Year TIPS Bond ETF,,STIP,6/2/2022,6/1/2022,6/7/2022,1.109696,,,
2022-07-01,iShares 0-5 Year TIPS Bond ETF,,STIP,7/5/2022,7/1/2022,7/8/2022,0.423359,,,
2022-08-01,iShares 0-5 Year TIPS Bond ETF,,STIP,8/2/2022,8/1/2022,8/5/2022,0.897197,,,
2022-09-01,iShares 0-5 Year TIPS Bond ETF,,STIP,9/2/2022,9/1/2022,9/8/2022,1.250761,,,
2023-04-03,iShares 0-5 Year TIPS Bond ETF,,STIP,4/4/2023,4/3/2023,4/7/2023,0.203609,,,
2023-05-01,iShares 0-5 Year TIPS Bond ETF,,STIP,5/2/2023,5/1/2023,5/5/2023,0.515975,,,
2023-06-01,iShares 0-5 Year TIPS Bond ETF,,STIP,6/2/2023,6/1/2023,6/7/2023,0.292215,,,
2023-07-03,iShares 0-5 Year TIPS Bond ETF,,STIP,7/5/2023,7/3/2023,7/10/2023,0.461111,,,
2023-08-01,iShares 0-5 Year TIPS Bond ETF,,STIP,8/2/2023,8/1/2023,8/7/2023,0.227269,,,
2023-09-01,iShares 0-5 Year TIPS Bond ETF,,STIP,9/5/2023,9/1/2023,9/8/2023,0.323358,,,
2023-10-02,iShares 0-5 Year TIPS Bond ETF,,STIP,10/3/2023,10/2/2023,10/6/2023,0.157231,,,
2023-11-01,iShares 0-5 Year TIPS Bond ETF,,STIP,11/2/2023,11/1/2023,11/7/2023,0.394231,,,
2024-04-01,iShares 0-5 Year TIPS Bond ETF,,STIP,4/2/2024,4/1/2024,4/5/2024,0.085272,,,
2024-05-01,iShares 0-5 Year TIPS Bond ETF,,STIP,5/2/2024,5/1/2024,5/7/2024,0.612228,,,
2024-06-03,iShares 0-5 Year TIPS Bond ETF,,STIP,6/3/2024,6/3/2024,6/7/2024,0.659063,,,
2024-07-01,iShares 0-5 Year TIPS Bond ETF,,STIP,7/1/2024,7/1/2024,7/5/2024,0.398399,,,
2024-08-01,iShares 0-5 Year TIPS Bond ETF,,STIP,8/1/2024,8/1/2024,8/6/2024,0.187261,,,
2024-09-03,iShares 0-5 Year TIPS Bond ETF,,STIP,9/3/2024,9/3/2024,9/6/2024,0.057605,,,
2024-10-01,iShares 0-5 Year TIPS Bond ETF,,STIP,10/1/2024,10/1/2024,10/4/2024,0.139775,,,
2024-11-01,iShares 0-5 Year TIPS Bond ETF,,STIP,11/1/2024,11/1/2024,11/6/2024,0.112119,,,
2025-02-03,iShares 0-5 Year TIPS Bond ETF,,STIP,2/3/2025,2/3/2025,2/6/2025,0.034483,,,
2025-03-03,iShares 0-5 Year TIPS Bond ETF,,STIP,3/3/2025,3/3/2025,3/6/2025,0.110224,,,
2025-04-01,iShares 0-5 Year TIPS Bond ETF,,STIP,4/1/2025,4/1/2025,4/4/2025,0.747577,,,
2025-05-01,iShares 0-5 Year TIPS Bond ETF,,STIP,5/1/2025,5/1/2025,5/6/2025,0.523615,,,
2025-06-02,iShares 0-5 Year TIPS Bond ETF,,STIP,6/2/2025,6/2/2025,6/5/2025,0.302425,,,
2025-07-01,iShares 0-5 Year TIPS Bond ETF,,STIP,7/1/2025,7/1/2025,7/7/2025,0.402368,,,
2025-08-01,iShares 0-5 Year TIPS Bond ETF,,STIP,8/1/2025,8/1/2025,8/6/2025,0.309049,,,
2025-09-02,iShares 0-5 Year TIPS Bond ETF,,STIP,9/2/2025,9/2/2025,9/5/2025,0.439511,,,
2025-10-01,iShares 0-5 Year TIPS Bond ETF,,STIP,10/1/2025,10/1/2025,10/6/2025,0.238849,,,
2025-11-03,iShares 0-5 Year TIPS Bond ETF,,STIP,11/3/2025,11/3/2025,11/6/2025,0.386913,,,
2022-03-24,iShares Factors US Growth Style ETF,,STLG,3/25/2022,3/24/2022,3/30/2022,0.061529,,,
2022-06-09,iShares Factors US Growth Style ETF,,STLG,6/10/2022,6/9/2022,6/15/2022,0.172011,,,
2022-09-26,iShares Factors US Growth Style ETF,,STLG,9/27/2022,9/26/2022,9/30/2022,0.105693,,,
2023-03-23,iShares Factors US Growth Style ETF,,STLG,3/24/2023,3/23/2023,3/29/2023,0.054153,,,
2023-06-07,iShares Factors US Growth Style ETF,,STLG,6/8/2023,6/7/2023,6/13/2023,0.135768,,,
2023-09-26,iShares Factors US Growth Style ETF,,STLG,9/27/2023,9/26/2023,10/2/2023,0.056068,,,
2022-03-24,iShares Factors US Value Style ETF,,STLV,3/25/2022,3/24/2022,3/30/2022,0.153396,,,
2022-06-09,iShares Factors US Value Style ETF,,STLV,6/10/2022,6/9/2022,6/15/2022,0.131559,,,
2022-09-26,iShares Factors US Value Style ETF,,STLV,9/27/2022,9/26/2022,9/30/2022,0.302167,,,
2023-03-23,iShares Factors US Value Style ETF,,STLV,3/24/2023,3/23/2023,3/29/2023,0.125966,,,
2023-06-07,iShares Factors US Value Style ETF,,STLV,6/8/2023,6/7/2023,6/13/2023,0.136294,,,
2023-02-01,iShares Short-Term National Muni Bond ETF,,SUB,2/2/2023,2/1/2023,2/7/2023,0.000001,,,
2023-03-01,iShares Short-Term National Muni Bond ETF,,SUB,3/2/2023,3/1/2023,3/7/2023,0.000007,,,
2023-04-03,iShares Short-Term National Muni Bond ETF,,SUB,4/4/2023,4/3/2023,4/7/2023,0.000005,,,
2023-05-01,iShares Short-Term National Muni Bond ETF,,SUB,5/2/2023,5/1/2023,5/5/2023,0.000006,,,
2023-06-01,iShares Short-Term National Muni Bond ETF,,SUB,6/2/2023,6/1/2023,6/7/2023,0.000006,,,
2023-07-03,iShares Short-Term National Muni Bond ETF,,SUB,7/5/2023,7/3/2023,7/10/2023,0.000006,,,
2023-08-01,iShares Short-Term National Muni Bond ETF,,SUB,8/2/2023,8/1/2023,8/7/2023,0.000006,,,
2023-09-01,iShares Short-Term National Muni Bond ETF,,SUB,9/5/2023,9/1/2023,9/8/2023,0.000006,,,
2023-10-02,iShares Short-Term National Muni Bond ETF,,SUB,10/3/2023,10/2/2023,10/6/2023,0.000007,,,
2023-11-01,iShares Short-Term National Muni Bond ETF,,SUB,11/2/2023,11/1/2023,11/7/2023,0.000007,,,
2024-02-01,iShares Short-Term National Muni Bond ETF,,SUB,2/2/2024,2/1/2024,2/7/2024,0.000079,,,
2024-03-01,iShares Short-Term National Muni Bond ETF,,SUB,3/4/2024,3/1/2024,3/7/2024,0.000239,,,
2024-04-01,iShares Short-Term National Muni Bond ETF,,SUB,4/2/2024,4/1/2024,4/5/2024,0.000228,,,
2024-05-01,iShares Short-Term National Muni Bond ETF,,SUB,5/2/2024,5/1/2024,5/7/2024,0.000236,,,
2024-06-03,iShares Short-Term National Muni Bond ETF,,SUB,6/3/2024,6/3/2024,6/7/2024,0.000254,,,
2024-07-01,iShares Short-Term National Muni Bond ETF,,SUB,7/1/2024,7/1/2024,7/5/2024,0.000232,,,
2024-08-01,iShares Short-Term National Muni Bond ETF,,SUB,8/1/2024,8/1/2024,8/6/2024,0.000239,,,
2024-09-03,iShares Short-Term National Muni Bond ETF,,SUB,9/3/2024,9/3/2024,9/6/2024,0.000249,,,
2024-10-01,iShares Short-Term National Muni Bond ETF,,SUB,10/1/2024,10/1/2024,10/4/2024,0.000262,,,
2024-11-01,iShares Short-Term National Muni Bond ETF,,SUB,11/1/2024,11/1/2024,11/6/2024,0.000252,,,
2025-02-03,iShares Short-Term National Muni Bond ETF,,SUB,2/3/2025,2/3/2025,2/6/2025,0.000257,,,
2025-03-03,iShares Short-Term National Muni Bond ETF,,SUB,3/3/2025,3/3/2025,3/6/2025,0.000371,,,
2025-04-01,iShares Short-Term National Muni Bond ETF,,SUB,4/1/2025,4/1/2025,4/4/2025,0.000360,,,
2025-05-01,iShares Short-Term National Muni Bond ETF,,SUB,5/1/2025,5/1/2025,5/6/2025,0.000343,,,
2025-06-02,iShares Short-Term National Muni Bond ETF,,SUB,6/2/2025,6/2/2025,6/5/2025,0.000358,,,
2025-07-01,iShares Short-Term National Muni Bond ETF,,SUB,7/1/2025,7/1/2025,7/7/2025,0.000378,,,
2025-08-01,iShares Short-Term National Muni Bond ETF,,SUB,8/1/2025,8/1/2025,8/6/2025,0.000373,,,
2025-09-02,iShares Short-Term National Muni Bond ETF,,SUB,9/2/2025,9/2/2025,9/5/2025,0.000380,,,
2025-10-01,iShares Short-Term National Muni Bond ETF,,SUB,10/1/2025,10/1/2025,10/6/2025,0.000399,,,
2025-11-03,iShares Short-Term National Muni Bond ETF,,SUB,11/3/2025,11/3/2025,11/6/2025,0.000386,,,
2022-03-24,iShares MSCI USA ESG Select ETF,,SUSA,3/25/2022,3/24/2022,3/30/2022,0.292029,,,
2022-06-09,iShares MSCI USA ESG Select ETF,,SUSA,6/10/2022,6/9/2022,6/15/2022,0.219832,,,
2022-09-26,iShares MSCI USA ESG Select ETF,,SUSA,9/27/2022,9/26/2022,9/30/2022,0.377325,,,
2023-03-23,iShares MSCI USA ESG Select ETF,,SUSA,3/24/2023,3/23/2023,3/29/2023,0.327328,,,
2023-06-07,iShares MSCI USA ESG Select ETF,,SUSA,6/8/2023,6/7/2023,6/13/2023,0.239061,,,
2023-09-26,iShares MSCI USA ESG Select ETF,,SUSA,9/27/2023,9/26/2023,10/2/2023,0.395107,,,
2024-03-21,iShares MSCI USA ESG Select ETF,,SUSA,3/22/2024,3/21/2024,3/27/2024,0.329340,,,
2024-06-11,iShares MSCI USA ESG Select ETF,,SUSA,6/11/2024,6/11/2024,6/17/2024,0.255986,,,
2024-09-25,iShares MSCI USA ESG Select ETF,,SUSA,9/25/2024,9/25/2024,9/30/2024,0.442646,,,
2025-03-18,iShares MSCI USA ESG Select ETF,,SUSA,3/18/2025,3/18/2025,3/21/2025,0.287484,,,
2025-06-16,iShares MSCI USA ESG Select ETF,,SUSA,6/16/2025,6/16/2025,6/20/2025,0.269356,,,
2025-09-16,iShares MSCI USA ESG Select ETF,,SUSA,9/16/2025,9/16/2025,9/19/2025,0.334968,,,
2022-02-01,iShares ESG Aware 1-5 Year USD Corporate Bond ETF,,SUSB,2/2/2022,2/1/2022,2/7/2022,0.024363,,,
2022-03-01,iShares ESG Aware 1-5 Year USD Corporate Bond ETF,,SUSB,3/2/2022,3/1/2022,3/7/2022,0.026586,,,
2022-04-01,iShares ESG Aware 1-5 Year USD Corporate Bond ETF,,SUSB,4/4/2022,4/1/2022,4/7/2022,0.029274,,,
2022-05-02,iShares ESG Aware 1-5 Year USD Corporate Bond ETF,,SUSB,5/3/2022,5/2/2022,5/6/2022,0.029462,,,
2022-06-01,iShares ESG Aware 1-5 Year USD Corporate Bond ETF,,SUSB,6/2/2022,6/1/2022,6/7/2022,0.029674,,,
2022-07-01,iShares ESG Aware 1-5 Year USD Corporate Bond ETF,,SUSB,7/5/2022,7/1/2022,7/8/2022,0.032463,,,
2022-08-01,iShares ESG Aware 1-5 Year USD Corporate Bond ETF,,SUSB,8/2/2022,8/1/2022,8/5/2022,0.035185,,,
2022-09-01,iShares ESG Aware 1-5 Year USD Corporate Bond ETF,,SUSB,9/2/2022,9/1/2022,9/8/2022,0.036238,,,
2022-10-03,iShares ESG Aware 1-5 Year USD Corporate Bond ETF,,SUSB,10/4/2022,10/3/2022,10/7/2022,0.039381,,,
2022-11-01,iShares ESG Aware 1-5 Year USD Corporate Bond ETF,,SUSB,11/2/2022,11/1/2022,11/7/2022,0.041168,,,
2023-02-01,iShares ESG Aware 1-5 Year USD Corporate Bond ETF,,SUSB,2/2/2023,2/1/2023,2/7/2023,0.048208,,,
2023-03-01,iShares ESG Aware 1-5 Year USD Corporate Bond ETF,,SUSB,3/2/2023,3/1/2023,3/7/2023,0.050362,,,
2023-04-03,iShares ESG Aware 1-5 Year USD Corporate Bond ETF,,SUSB,4/4/2023,4/3/2023,4/7/2023,0.051088,,,
2023-05-01,iShares ESG Aware 1-5 Year USD Corporate Bond ETF,,SUSB,5/2/2023,5/1/2023,5/5/2023,0.054795,,,
2023-06-01,iShares ESG Aware 1-5 Year USD Corporate Bond ETF,,SUSB,6/2/2023,6/1/2023,6/7/2023,0.055614,,,
2023-07-03,iShares ESG Aware 1-5 Year USD Corporate Bond ETF,,SUSB,7/5/2023,7/3/2023,7/10/2023,0.056924,,,
2023-08-01,iShares ESG Aware 1-5 Year USD Corporate Bond ETF,,SUSB,8/2/2023,8/1/2023,8/7/2023,0.058374,,,
2023-09-01,iShares ESG Aware 1-5 Year USD Corporate Bond ETF,,SUSB,9/5/2023,9/1/2023,9/8/2023,0.059396,,,
2023-10-02,iShares ESG Aware 1-5 Year USD Corporate Bond ETF,,SUSB,10/3/2023,10/2/2023,10/6/2023,0.057653,,,
2023-11-01,iShares ESG Aware 1-5 Year USD Corporate Bond ETF,,SUSB,11/2/2023,11/1/2023,11/7/2023,0.062162,,,
2024-02-01,iShares ESG Aware 1-5 Year USD Corporate Bond ETF,,SUSB,2/2/2024,2/1/2024,2/7/2024,0.066044,,,
2024-03-01,iShares ESG Aware 1-5 Year USD Corporate Bond ETF,,SUSB,3/4/2024,3/1/2024,3/7/2024,0.069070,,,
2024-04-01,iShares ESG Aware 1-5 Year USD Corporate Bond ETF,,SUSB,4/2/2024,4/1/2024,4/5/2024,0.071329,,,
2024-05-01,iShares ESG Aware 1-5 Year USD Corporate Bond ETF,,SUSB,5/2/2024,5/1/2024,5/7/2024,0.072916,,,
2024-06-03,iShares ESG Aware 1-5 Year USD Corporate Bond ETF,,SUSB,6/3/2024,6/3/2024,6/7/2024,0.077714,,,
2024-07-01,iShares ESG Aware 1-5 Year USD Corporate Bond ETF,,SUSB,7/1/2024,7/1/2024,7/5/2024,0.078781,,,
2024-08-01,iShares ESG Aware 1-5 Year USD Corporate Bond ETF,,SUSB,8/1/2024,8/1/2024,8/6/2024,0.081281,,,
2024-09-03,iShares ESG Aware 1-5 Year USD Corporate Bond ETF,,SUSB,9/3/2024,9/3/2024,9/6/2024,0.083614,,,
2024-10-01,iShares ESG Aware 1-5 Year USD Corporate Bond ETF,,SUSB,10/1/2024,10/1/2024,10/4/2024,0.082075,,,
2024-11-01,iShares ESG Aware 1-5 Year USD Corporate Bond ETF,,SUSB,11/1/2024,11/1/2024,11/6/2024,0.084995,,,
2025-02-03,iShares ESG Aware 1-5 Year USD Corporate Bond ETF,,SUSB,2/3/2025,2/3/2025,2/6/2025,0.087706,,,
2025-03-03,iShares ESG Aware 1-5 Year USD Corporate Bond ETF,,SUSB,3/3/2025,3/3/2025,3/6/2025,0.092811,,,
2025-04-01,iShares ESG Aware 1-5 Year USD Corporate Bond ETF,,SUSB,4/1/2025,4/1/2025,4/4/2025,0.088264,,,
2025-05-01,iShares ESG Aware 1-5 Year USD Corporate Bond ETF,,SUSB,5/1/2025,5/1/2025,5/6/2025,0.091097,,,
2025-06-02,iShares ESG Aware 1-5 Year USD Corporate Bond ETF,,SUSB,6/2/2025,6/2/2025,6/5/2025,0.091746,,,
2025-07-01,iShares ESG Aware 1-5 Year USD Corporate Bond ETF,,SUSB,7/1/2025,7/1/2025,7/7/2025,0.092141,,,
2025-08-01,iShares ESG Aware 1-5 Year USD Corporate Bond ETF,,SUSB,8/1/2025,8/1/2025,8/6/2025,0.092862,,,
2025-09-02,iShares ESG Aware 1-5 Year USD Corporate Bond ETF,,SUSB,9/2/2025,9/2/2025,9/5/2025,0.092912,,,
2025-10-01,iShares ESG Aware 1-5 Year USD Corporate Bond ETF,,SUSB,10/1/2025,10/1/2025,10/6/2025,0.093369,,,
2025-11-03,iShares ESG Aware 1-5 Year USD Corporate Bond ETF,,SUSB,11/3/2025,11/3/2025,11/6/2025,0.094540,,,
2022-02-01,iShares ESG Aware USD Corporate Bond ETF,,SUSC,2/2/2022,2/1/2022,2/7/2022,0.046897,,,
2022-03-01,iShares ESG Aware USD Corporate Bond ETF,,SUSC,3/2/2022,3/1/2022,3/7/2022,0.050475,,,
2022-04-01,iShares ESG Aware USD Corporate Bond ETF,,SUSC,4/4/2022,4/1/2022,4/7/2022,0.046687,,,
2022-05-02,iShares ESG Aware USD Corporate Bond ETF,,SUSC,5/3/2022,5/2/2022,5/6/2022,0.050343,,,
2022-06-01,iShares ESG Aware USD Corporate Bond ETF,,SUSC,6/2/2022,6/1/2022,6/7/2022,0.049796,,,
2022-07-01,iShares ESG Aware USD Corporate Bond ETF,,SUSC,7/5/2022,7/1/2022,7/8/2022,0.054700,,,
2022-08-01,iShares ESG Aware USD Corporate Bond ETF,,SUSC,8/2/2022,8/1/2022,8/5/2022,0.055629,,,
2022-09-01,iShares ESG Aware USD Corporate Bond ETF,,SUSC,9/2/2022,9/1/2022,9/8/2022,0.058360,,,
2022-10-03,iShares ESG Aware USD Corporate Bond ETF,,SUSC,10/4/2022,10/3/2022,10/7/2022,0.061683,,,
2022-11-01,iShares ESG Aware USD Corporate Bond ETF,,SUSC,11/2/2022,11/1/2022,11/7/2022,0.063333,,,
2023-02-01,iShares ESG Aware USD Corporate Bond ETF,,SUSC,2/2/2023,2/1/2023,2/7/2023,0.058935,,,
2023-03-01,iShares ESG Aware USD Corporate Bond ETF,,SUSC,3/2/2023,3/1/2023,3/7/2023,0.069333,,,
2023-04-03,iShares ESG Aware USD Corporate Bond ETF,,SUSC,4/4/2023,4/3/2023,4/7/2023,0.081832,,,
2023-05-01,iShares ESG Aware USD Corporate Bond ETF,,SUSC,5/2/2023,5/1/2023,5/5/2023,0.072365,,,
2023-06-01,iShares ESG Aware USD Corporate Bond ETF,,SUSC,6/2/2023,6/1/2023,6/7/2023,0.072897,,,
2023-07-03,iShares ESG Aware USD Corporate Bond ETF,,SUSC,7/5/2023,7/3/2023,7/10/2023,0.072359,,,
2023-08-01,iShares ESG Aware USD Corporate Bond ETF,,SUSC,8/2/2023,8/1/2023,8/7/2023,0.075274,,,
2023-09-01,iShares ESG Aware USD Corporate Bond ETF,,SUSC,9/5/2023,9/1/2023,9/8/2023,0.076913,,,
2023-10-02,iShares ESG Aware USD Corporate Bond ETF,,SUSC,10/3/2023,10/2/2023,10/6/2023,0.073424,,,
2023-11-01,iShares ESG Aware USD Corporate Bond ETF,,SUSC,11/2/2023,11/1/2023,11/7/2023,0.077390,,,
2024-02-01,iShares ESG Aware USD Corporate Bond ETF,,SUSC,2/2/2024,2/1/2024,2/7/2024,0.081973,,,
2024-03-01,iShares ESG Aware USD Corporate Bond ETF,,SUSC,3/4/2024,3/1/2024,3/7/2024,0.079312,,,
2024-04-01,iShares ESG Aware USD Corporate Bond ETF,,SUSC,4/2/2024,4/1/2024,4/5/2024,0.078146,,,
2024-05-01,iShares ESG Aware USD Corporate Bond ETF,,SUSC,5/2/2024,5/1/2024,5/7/2024,0.080714,,,
2024-06-03,iShares ESG Aware USD Corporate Bond ETF,,SUSC,6/3/2024,6/3/2024,6/7/2024,0.081799,,,
2024-07-01,iShares ESG Aware USD Corporate Bond ETF,,SUSC,7/1/2024,7/1/2024,7/5/2024,0.082187,,,
2024-08-01,iShares ESG Aware USD Corporate Bond ETF,,SUSC,8/1/2024,8/1/2024,8/6/2024,0.082183,,,
2024-09-03,iShares ESG Aware USD Corporate Bond ETF,,SUSC,9/3/2024,9/3/2024,9/6/2024,0.082840,,,
2024-10-01,iShares ESG Aware USD Corporate Bond ETF,,SUSC,10/1/2024,10/1/2024,10/4/2024,0.082583,,,
2024-11-01,iShares ESG Aware USD Corporate Bond ETF,,SUSC,11/1/2024,11/1/2024,11/6/2024,0.082937,,,
2025-02-03,iShares ESG Aware USD Corporate Bond ETF,,SUSC,2/3/2025,2/3/2025,2/6/2025,0.084526,,,
2025-03-03,iShares ESG Aware USD Corporate Bond ETF,,SUSC,3/3/2025,3/3/2025,3/6/2025,0.084530,,,
2025-04-01,iShares ESG Aware USD Corporate Bond ETF,,SUSC,4/1/2025,4/1/2025,4/4/2025,0.084011,,,
2025-05-01,iShares ESG Aware USD Corporate Bond ETF,,SUSC,5/1/2025,5/1/2025,5/6/2025,0.085297,,,
2025-06-02,iShares ESG Aware USD Corporate Bond ETF,,SUSC,6/2/2025,6/2/2025,6/5/2025,0.083493,,,
2025-07-01,iShares ESG Aware USD Corporate Bond ETF,,SUSC,7/1/2025,7/1/2025,7/7/2025,0.085179,,,
2025-08-01,iShares ESG Aware USD Corporate Bond ETF,,SUSC,8/1/2025,8/1/2025,8/6/2025,0.085069,,,
2025-09-02,iShares ESG Aware USD Corporate Bond ETF,,SUSC,9/2/2025,9/2/2025,9/5/2025,0.085717,,,
2025-10-01,iShares ESG Aware USD Corporate Bond ETF,,SUSC,10/1/2025,10/1/2025,10/6/2025,0.084244,,,
2025-11-03,iShares ESG Aware USD Corporate Bond ETF,,SUSC,11/3/2025,11/3/2025,11/6/2025,0.085972,,,
2022-03-24,iShares ESG MSCI USA Leaders ETF,,SUSL,3/25/2022,3/24/2022,3/30/2022,0.247510,,,
2022-06-09,iShares ESG MSCI USA Leaders ETF,,SUSL,6/10/2022,6/9/2022,6/15/2022,0.219348,,,
2022-09-26,iShares ESG MSCI USA Leaders ETF,,SUSL,9/27/2022,9/26/2022,9/30/2022,0.303189,,,
2023-03-23,iShares ESG MSCI USA Leaders ETF,,SUSL,3/24/2023,3/23/2023,3/29/2023,0.259330,,,
2023-06-07,iShares ESG MSCI USA Leaders ETF,,SUSL,6/8/2023,6/7/2023,6/13/2023,0.229690,,,
2023-09-26,iShares ESG MSCI USA Leaders ETF,,SUSL,9/27/2023,9/26/2023,10/2/2023,0.313960,,,
2024-03-21,iShares ESG MSCI USA Leaders ETF,,SUSL,3/22/2024,3/21/2024,3/27/2024,0.267276,,,
2024-06-11,iShares ESG MSCI USA Leaders ETF,,SUSL,6/11/2024,6/11/2024,6/17/2024,0.215940,,,
2024-09-25,iShares ESG MSCI USA Leaders ETF,,SUSL,9/25/2024,9/25/2024,9/30/2024,0.318570,,,
2025-03-18,iShares ESG MSCI USA Leaders ETF,,SUSL,3/18/2025,3/18/2025,3/21/2025,0.267572,,,
2025-06-16,iShares ESG MSCI USA Leaders ETF,,SUSL,6/16/2025,6/16/2025,6/20/2025,0.263495,,,
2025-09-16,iShares ESG MSCI USA Leaders ETF,,SUSL,9/16/2025,9/16/2025,9/19/2025,0.309099,,,
2022-03-24,iShares US Small Cap Value Factor ETF,,SVAL,3/25/2022,3/24/2022,3/30/2022,0.050747,,,
2022-06-09,iShares US Small Cap Value Factor ETF,,SVAL,6/10/2022,6/9/2022,6/15/2022,0.171536,,,
2022-09-26,iShares US Small Cap Value Factor ETF,,SVAL,9/27/2022,9/26/2022,9/30/2022,0.268470,,,
2023-03-23,iShares US Small Cap Value Factor ETF,,SVAL,3/24/2023,3/23/2023,3/29/2023,0.178085,,,
2023-06-07,iShares US Small Cap Value Factor ETF,,SVAL,6/8/2023,6/7/2023,6/13/2023,0.131689,,,
2023-09-26,iShares US Small Cap Value Factor ETF,,SVAL,9/27/2023,9/26/2023,10/2/2023,0.195507,,,
2024-03-21,iShares US Small Cap Value Factor ETF,,SVAL,3/22/2024,3/21/2024,3/27/2024,0.163774,,,
2024-06-11,iShares US Small Cap Value Factor ETF,,SVAL,6/11/2024,6/11/2024,6/17/2024,0.205992,,,
2025-03-18,iShares US Small Cap Value Factor ETF,,SVAL,3/18/2025,3/18/2025,3/21/2025,0.014013,,,
2025-06-16,iShares US Small Cap Value Factor ETF,,SVAL,6/16/2025,6/16/2025,6/20/2025,0.171128,,,
2025-09-16,iShares US Small Cap Value Factor ETF,,SVAL,9/16/2025,9/16/2025,9/19/2025,0.191503,,,
2025-02-03,iShares Systematic Bond ETF,,SYSB,2/3/2025,2/3/2025,2/6/2025,0.390360,,,
2025-03-03,iShares Systematic Bond ETF,,SYSB,3/3/2025,3/3/2025,3/6/2025,0.381121,,,
2025-04-01,iShares Systematic Bond ETF,,SYSB,4/1/2025,4/1/2025,4/4/2025,0.386921,,,
2025-05-01,iShares Systematic Bond ETF,,SYSB,5/1/2025,5/1/2025,5/6/2025,0.382526,,,
2025-06-02,iShares Systematic Bond ETF,,SYSB,6/2/2025,6/2/2025,6/5/2025,0.365457,,,
2025-07-01,iShares Systematic Bond ETF,,SYSB,7/1/2025,7/1/2025,7/7/2025,0.404374,,,
2025-08-01,iShares Systematic Bond ETF,,SYSB,8/1/2025,8/1/2025,8/6/2025,0.351817,,,
2025-09-02,iShares Systematic Bond ETF,,SYSB,9/2/2025,9/2/2025,9/5/2025,0.378366,,,
2025-10-01,iShares Systematic Bond ETF,,SYSB,10/1/2025,10/1/2025,10/6/2025,0.380738,,,
2025-11-03,iShares Systematic Bond ETF,,SYSB,11/3/2025,11/3/2025,11/6/2025,0.372196,,,
2022-06-09,iShares MSCI China Multisector Tech ETF,,TCHI,6/10/2022,6/9/2022,6/15/2022,0.055986,,,
2023-06-07,iShares MSCI China Multisector Tech ETF,,TCHI,6/8/2023,6/7/2023,6/13/2023,0.062903,,,
2024-06-11,iShares MSCI China Multisector Tech ETF,,TCHI,6/11/2024,6/11/2024,6/17/2024,0.070920,,,
2025-06-16,iShares MSCI China Multisector Tech ETF,,TCHI,6/16/2025,6/16/2025,6/20/2025,0.109976,,,
2022-03-24,iShares U.S. Tech Breakthrough Multisector ETF,,TECB,3/25/2022,3/24/2022,3/30/2022,0.045922,,,
2022-06-09,iShares U.S. Tech Breakthrough Multisector ETF,,TECB,6/10/2022,6/9/2022,6/15/2022,0.029894,,,
2022-09-26,iShares U.S. Tech Breakthrough Multisector ETF,,TECB,9/27/2022,9/26/2022,9/30/2022,0.051389,,,
2023-03-23,iShares U.S. Tech Breakthrough Multisector ETF,,TECB,3/24/2023,3/23/2023,3/29/2023,0.032792,,,
2023-06-07,iShares U.S. Tech Breakthrough Multisector ETF,,TECB,6/8/2023,6/7/2023,6/13/2023,0.020237,,,
2023-09-26,iShares U.S. Tech Breakthrough Multisector ETF,,TECB,9/27/2023,9/26/2023,10/2/2023,0.023214,,,
2024-03-21,iShares U.S. Tech Breakthrough Multisector ETF,,TECB,3/22/2024,3/21/2024,3/27/2024,0.050896,,,
2024-06-11,iShares U.S. Tech Breakthrough Multisector ETF,,TECB,6/11/2024,6/11/2024,6/17/2024,0.013292,,,
2024-09-25,iShares U.S. Tech Breakthrough Multisector ETF,,TECB,9/25/2024,9/25/2024,9/30/2024,0.080590,,,
2025-03-18,iShares U.S. Tech Breakthrough Multisector ETF,,TECB,3/18/2025,3/18/2025,3/21/2025,0.031878,,,
2025-06-16,iShares U.S. Tech Breakthrough Multisector ETF,,TECB,6/16/2025,6/16/2025,6/20/2025,0.043215,,,
2025-09-16,iShares U.S. Tech Breakthrough Multisector ETF,,TECB,9/16/2025,9/16/2025,9/19/2025,0.050565,,,
2025-06-16,iShares Technology Opportunities Active ETF,,TEK,6/16/2025,6/16/2025,6/20/2025,0.008704,,,
2025-09-16,iShares Texas Equity ETF,,TEXN,9/16/2025,9/16/2025,9/19/2025,0.106098,,,
2022-03-01,iShares Treasury Floating Rate Bond ETF,,TFLO,3/2/2022,3/1/2022,3/7/2022,0.007385,,,
2022-04-01,iShares Treasury Floating Rate Bond ETF,,TFLO,4/4/2022,4/1/2022,4/7/2022,0.007072,,,
2022-05-02,iShares Treasury Floating Rate Bond ETF,,TFLO,5/3/2022,5/2/2022,5/6/2022,0.021348,,,
2022-06-01,iShares Treasury Floating Rate Bond ETF,,TFLO,6/2/2022,6/1/2022,6/7/2022,0.029073,,,
2022-07-01,iShares Treasury Floating Rate Bond ETF,,TFLO,7/5/2022,7/1/2022,7/8/2022,0.034458,,,
2022-08-01,iShares Treasury Floating Rate Bond ETF,,TFLO,8/2/2022,8/1/2022,8/5/2022,0.074325,,,
2022-09-01,iShares Treasury Floating Rate Bond ETF,,TFLO,9/2/2022,9/1/2022,9/8/2022,0.095185,,,
2022-10-03,iShares Treasury Floating Rate Bond ETF,,TFLO,10/4/2022,10/3/2022,10/7/2022,0.099104,,,
2022-11-01,iShares Treasury Floating Rate Bond ETF,,TFLO,11/2/2022,11/1/2022,11/7/2022,0.138603,,,
2023-02-01,iShares Treasury Floating Rate Bond ETF,,TFLO,2/2/2023,2/1/2023,2/7/2023,0.192851,,,
2023-03-01,iShares Treasury Floating Rate Bond ETF,,TFLO,3/2/2023,3/1/2023,3/7/2023,0.168270,,,
2023-04-03,iShares Treasury Floating Rate Bond ETF,,TFLO,4/4/2023,4/3/2023,4/7/2023,0.183793,,,
2023-05-01,iShares Treasury Floating Rate Bond ETF,,TFLO,5/2/2023,5/1/2023,5/5/2023,0.201107,,,
2023-06-01,iShares Treasury Floating Rate Bond ETF,,TFLO,6/2/2023,6/1/2023,6/7/2023,0.219305,,,
2023-07-03,iShares Treasury Floating Rate Bond ETF,,TFLO,7/5/2023,7/3/2023,7/10/2023,0.215682,,,
2023-08-01,iShares Treasury Floating Rate Bond ETF,,TFLO,8/2/2023,8/1/2023,8/7/2023,0.166078,,,
2023-09-01,iShares Treasury Floating Rate Bond ETF,,TFLO,9/5/2023,9/1/2023,9/8/2023,0.222591,,,
2023-10-02,iShares Treasury Floating Rate Bond ETF,,TFLO,10/3/2023,10/2/2023,10/6/2023,0.213251,,,
2023-11-01,iShares Treasury Floating Rate Bond ETF,,TFLO,11/2/2023,11/1/2023,11/7/2023,0.226784,,,
2024-02-01,iShares Treasury Floating Rate Bond ETF,,TFLO,2/2/2024,2/1/2024,2/7/2024,0.244046,,,
2024-03-01,iShares Treasury Floating Rate Bond ETF,,TFLO,3/4/2024,3/1/2024,3/7/2024,0.218107,,,
2024-04-01,iShares Treasury Floating Rate Bond ETF,,TFLO,4/2/2024,4/1/2024,4/5/2024,0.270936,,,
2024-05-01,iShares Treasury Floating Rate Bond ETF,,TFLO,5/2/2024,5/1/2024,5/7/2024,0.214567,,,
2024-06-03,iShares Treasury Floating Rate Bond ETF,,TFLO,6/3/2024,6/3/2024,6/7/2024,0.230536,,,
2024-07-01,iShares Treasury Floating Rate Bond ETF,,TFLO,7/1/2024,7/1/2024,7/5/2024,0.218378,,,
2024-08-01,iShares Treasury Floating Rate Bond ETF,,TFLO,8/1/2024,8/1/2024,8/6/2024,0.227089,,,
2024-09-03,iShares Treasury Floating Rate Bond ETF,,TFLO,9/3/2024,9/3/2024,9/6/2024,0.223317,,,
2024-10-01,iShares Treasury Floating Rate Bond ETF,,TFLO,10/1/2024,10/1/2024,10/4/2024,0.201342,,,
2024-11-01,iShares Treasury Floating Rate Bond ETF,,TFLO,11/1/2024,11/1/2024,11/6/2024,0.196523,,,
2025-02-03,iShares Treasury Floating Rate Bond ETF,,TFLO,2/3/2025,2/3/2025,2/6/2025,0.177091,,,
2025-03-03,iShares Treasury Floating Rate Bond ETF,,TFLO,3/3/2025,3/3/2025,3/6/2025,0.164781,,,
2025-04-01,iShares Treasury Floating Rate Bond ETF,,TFLO,4/1/2025,4/1/2025,4/4/2025,0.182557,,,
2025-05-01,iShares Treasury Floating Rate Bond ETF,,TFLO,5/1/2025,5/1/2025,5/6/2025,0.175869,,,
2025-06-02,iShares Treasury Floating Rate Bond ETF,,TFLO,6/2/2025,6/2/2025,6/5/2025,0.189184,,,
2025-07-01,iShares Treasury Floating Rate Bond ETF,,TFLO,7/1/2025,7/1/2025,7/7/2025,0.182226,,,
2025-08-01,iShares Treasury Floating Rate Bond ETF,,TFLO,8/1/2025,8/1/2025,8/6/2025,0.185414,,,
2025-09-02,iShares Treasury Floating Rate Bond ETF,,TFLO,9/2/2025,9/2/2025,9/5/2025,0.184557,,,
2025-10-01,iShares Treasury Floating Rate Bond ETF,,TFLO,10/1/2025,10/1/2025,10/6/2025,0.167868,,,
2025-11-03,iShares Treasury Floating Rate Bond ETF,,TFLO,11/3/2025,11/3/2025,11/6/2025,0.167876,,,
2022-06-09,iShares MSCI Thailand ETF,,THD,6/10/2022,6/9/2022,6/15/2022,1.390246,,,
2023-06-07,iShares MSCI Thailand ETF,,THD,6/8/2023,6/7/2023,6/13/2023,1.343101,,,
2024-06-11,iShares MSCI Thailand ETF,,THD,6/11/2024,6/11/2024,6/17/2024,1.253717,,,
2025-06-16,iShares MSCI Thailand ETF,,THD,6/16/2025,6/16/2025,6/20/2025,1.318335,,,
2024-03-21,iShares U.S. Thematic Rotation Active ETF,,THRO,3/22/2024,3/21/2024,3/27/2024,0.012707,,,
2024-06-11,iShares U.S. Thematic Rotation Active ETF,,THRO,6/11/2024,6/11/2024,6/17/2024,0.014272,,,
2024-09-25,iShares U.S. Thematic Rotation Active ETF,,THRO,9/25/2024,9/25/2024,9/30/2024,0.033595,,,
2025-03-18,iShares U.S. Thematic Rotation Active ETF,,THRO,3/18/2025,3/18/2025,3/21/2025,0.004920,,,
2025-06-16,iShares U.S. Thematic Rotation Active ETF,,THRO,6/16/2025,6/16/2025,6/20/2025,0.008047,,,
2025-09-16,iShares U.S. Thematic Rotation Active ETF,,THRO,9/16/2025,9/16/2025,9/19/2025,0.031831,,,
2022-02-01,iShares TIPS Bond ETF,,TIP,2/2/2022,2/1/2022,2/7/2022,0.438763,,,
2022-03-01,iShares TIPS Bond ETF,,TIP,3/2/2022,3/1/2022,3/7/2022,0.229040,,,
2022-04-01,iShares TIPS Bond ETF,,TIP,4/4/2022,4/1/2022,4/7/2022,0.798369,,,
2022-05-02,iShares TIPS Bond ETF,,TIP,5/3/2022,5/2/2022,5/6/2022,0.937913,,,
2022-06-01,iShares TIPS Bond ETF,,TIP,6/2/2022,6/1/2022,6/7/2022,1.366707,,,
2022-07-01,iShares TIPS Bond ETF,,TIP,7/5/2022,7/1/2022,7/8/2022,0.565151,,,
2022-08-01,iShares TIPS Bond ETF,,TIP,8/2/2022,8/1/2022,8/5/2022,1.153800,,,
2022-09-01,iShares TIPS Bond ETF,,TIP,9/2/2022,9/1/2022,9/8/2022,1.438357,,,
2023-04-03,iShares TIPS Bond ETF,,TIP,4/4/2023,4/3/2023,4/7/2023,0.127408,,,
2023-05-01,iShares TIPS Bond ETF,,TIP,5/2/2023,5/1/2023,5/5/2023,0.569082,,,
2023-06-01,iShares TIPS Bond ETF,,TIP,6/2/2023,6/1/2023,6/7/2023,0.312580,,,
2023-07-03,iShares TIPS Bond ETF,,TIP,7/5/2023,7/3/2023,7/10/2023,0.503890,,,
2023-08-01,iShares TIPS Bond ETF,,TIP,8/2/2023,8/1/2023,8/7/2023,0.220586,,,
2023-09-01,iShares TIPS Bond ETF,,TIP,9/5/2023,9/1/2023,9/8/2023,0.323312,,,
2023-10-02,iShares TIPS Bond ETF,,TIP,10/3/2023,10/2/2023,10/6/2023,0.171483,,,
2023-11-01,iShares TIPS Bond ETF,,TIP,11/2/2023,11/1/2023,11/7/2023,0.451742,,,
2024-04-01,iShares TIPS Bond ETF,,TIP,4/2/2024,4/1/2024,4/5/2024,0.064844,,,
2024-05-01,iShares TIPS Bond ETF,,TIP,5/2/2024,5/1/2024,5/7/2024,0.693311,,,
2024-06-03,iShares TIPS Bond ETF,,TIP,6/3/2024,6/3/2024,6/7/2024,0.726768,,,
2024-07-01,iShares TIPS Bond ETF,,TIP,7/1/2024,7/1/2024,7/5/2024,0.437103,,,
2024-08-01,iShares TIPS Bond ETF,,TIP,8/1/2024,8/1/2024,8/6/2024,0.173202,,,
2024-09-03,iShares TIPS Bond ETF,,TIP,9/3/2024,9/3/2024,9/6/2024,0.030002,,,
2024-10-01,iShares TIPS Bond ETF,,TIP,10/1/2024,10/1/2024,10/4/2024,0.121534,,,
2024-11-01,iShares TIPS Bond ETF,,TIP,11/1/2024,11/1/2024,11/6/2024,0.089026,,,
2025-04-01,iShares TIPS Bond ETF,,TIP,4/1/2025,4/1/2025,4/4/2025,0.709180,,,
2025-05-01,iShares TIPS Bond ETF,,TIP,5/1/2025,5/1/2025,5/6/2025,0.534953,,,
2025-06-02,iShares TIPS Bond ETF,,TIP,6/2/2025,6/2/2025,6/5/2025,0.273105,,,
2025-07-01,iShares TIPS Bond ETF,,TIP,7/1/2025,7/1/2025,7/7/2025,0.379923,,,
2025-08-01,iShares TIPS Bond ETF,,TIP,8/1/2025,8/1/2025,8/6/2025,0.264488,,,
2025-09-02,iShares TIPS Bond ETF,,TIP,9/2/2025,9/2/2025,9/5/2025,0.417238,,,
2025-10-01,iShares TIPS Bond ETF,,TIP,10/1/2025,10/1/2025,10/6/2025,0.198069,,,
2025-11-03,iShares TIPS Bond ETF,,TIP,11/3/2025,11/3/2025,11/6/2025,0.360933,,,
2022-02-01,iShares 10-20 Year Treasury Bond ETF,,TLH,2/2/2022,2/1/2022,2/7/2022,0.184929,,,
2022-03-01,iShares 10-20 Year Treasury Bond ETF,,TLH,3/2/2022,3/1/2022,3/7/2022,0.201376,,,
2022-04-01,iShares 10-20 Year Treasury Bond ETF,,TLH,4/4/2022,4/1/2022,4/7/2022,0.187861,,,
2022-05-02,iShares 10-20 Year Treasury Bond ETF,,TLH,5/3/2022,5/2/2022,5/6/2022,0.232336,,,
2022-06-01,iShares 10-20 Year Treasury Bond ETF,,TLH,6/2/2022,6/1/2022,6/7/2022,0.223063,,,
2022-07-01,iShares 10-20 Year Treasury Bond ETF,,TLH,7/5/2022,7/1/2022,7/8/2022,0.244209,,,
2022-08-01,iShares 10-20 Year Treasury Bond ETF,,TLH,8/2/2022,8/1/2022,8/5/2022,0.226214,,,
2022-09-01,iShares 10-20 Year Treasury Bond ETF,,TLH,9/2/2022,9/1/2022,9/8/2022,0.288034,,,
2022-10-03,iShares 10-20 Year Treasury Bond ETF,,TLH,10/4/2022,10/3/2022,10/7/2022,0.297966,,,
2022-11-01,iShares 10-20 Year Treasury Bond ETF,,TLH,11/2/2022,11/1/2022,11/7/2022,0.258903,,,
2023-02-01,iShares 10-20 Year Treasury Bond ETF,,TLH,2/2/2023,2/1/2023,2/7/2023,0.325029,,,
2023-03-01,iShares 10-20 Year Treasury Bond ETF,,TLH,3/2/2023,3/1/2023,3/7/2023,0.296694,,,
2023-04-03,iShares 10-20 Year Treasury Bond ETF,,TLH,4/4/2023,4/3/2023,4/7/2023,0.372340,,,
2023-05-01,iShares 10-20 Year Treasury Bond ETF,,TLH,5/2/2023,5/1/2023,5/5/2023,0.334818,,,
2023-06-01,iShares 10-20 Year Treasury Bond ETF,,TLH,6/2/2023,6/1/2023,6/7/2023,0.340268,,,
2023-07-03,iShares 10-20 Year Treasury Bond ETF,,TLH,7/5/2023,7/3/2023,7/10/2023,0.332578,,,
2023-08-01,iShares 10-20 Year Treasury Bond ETF,,TLH,8/2/2023,8/1/2023,8/7/2023,0.401218,,,
2023-09-01,iShares 10-20 Year Treasury Bond ETF,,TLH,9/5/2023,9/1/2023,9/8/2023,0.332499,,,
2023-10-02,iShares 10-20 Year Treasury Bond ETF,,TLH,10/3/2023,10/2/2023,10/6/2023,0.356039,,,
2023-11-01,iShares 10-20 Year Treasury Bond ETF,,TLH,11/2/2023,11/1/2023,11/7/2023,0.333786,,,
2024-02-01,iShares 10-20 Year Treasury Bond ETF,,TLH,2/2/2024,2/1/2024,2/7/2024,0.355085,,,
2024-03-01,iShares 10-20 Year Treasury Bond ETF,,TLH,3/4/2024,3/1/2024,3/7/2024,0.334085,,,
2024-04-01,iShares 10-20 Year Treasury Bond ETF,,TLH,4/2/2024,4/1/2024,4/5/2024,0.358985,,,
2024-05-01,iShares 10-20 Year Treasury Bond ETF,,TLH,5/2/2024,5/1/2024,5/7/2024,0.349090,,,
2024-06-03,iShares 10-20 Year Treasury Bond ETF,,TLH,6/3/2024,6/3/2024,6/7/2024,0.357731,,,
2024-07-01,iShares 10-20 Year Treasury Bond ETF,,TLH,7/1/2024,7/1/2024,7/5/2024,0.348381,,,
2024-08-01,iShares 10-20 Year Treasury Bond ETF,,TLH,8/1/2024,8/1/2024,8/6/2024,0.351074,,,
2024-09-03,iShares 10-20 Year Treasury Bond ETF,,TLH,9/3/2024,9/3/2024,9/6/2024,0.366117,,,
2024-10-01,iShares 10-20 Year Treasury Bond ETF,,TLH,10/1/2024,10/1/2024,10/4/2024,0.357668,,,
2024-11-01,iShares 10-20 Year Treasury Bond ETF,,TLH,11/1/2024,11/1/2024,11/6/2024,0.371307,,,
2025-02-03,iShares 10-20 Year Treasury Bond ETF,,TLH,2/3/2025,2/3/2025,2/6/2025,0.348575,,,
2025-03-03,iShares 10-20 Year Treasury Bond ETF,,TLH,3/3/2025,3/3/2025,3/6/2025,0.246557,,,
2025-04-01,iShares 10-20 Year Treasury Bond ETF,,TLH,4/1/2025,4/1/2025,4/4/2025,0.369715,,,
2025-05-01,iShares 10-20 Year Treasury Bond ETF,,TLH,5/1/2025,5/1/2025,5/6/2025,0.356145,,,
2025-06-02,iShares 10-20 Year Treasury Bond ETF,,TLH,6/2/2025,6/2/2025,6/5/2025,0.346246,,,
2025-07-01,iShares 10-20 Year Treasury Bond ETF,,TLH,7/1/2025,7/1/2025,7/7/2025,0.359606,,,
2025-08-01,iShares 10-20 Year Treasury Bond ETF,,TLH,8/1/2025,8/1/2025,8/6/2025,0.377287,,,
2025-09-02,iShares 10-20 Year Treasury Bond ETF,,TLH,9/2/2025,9/2/2025,9/5/2025,0.372507,,,
2025-10-01,iShares 10-20 Year Treasury Bond ETF,,TLH,10/1/2025,10/1/2025,10/6/2025,0.345589,,,
2025-11-03,iShares 10-20 Year Treasury Bond ETF,,TLH,11/3/2025,11/3/2025,11/6/2025,0.369262,,,
2022-02-01,iShares 20+ Year Treasury Bond ETF,,TLT,2/2/2022,2/1/2022,2/7/2022,0.198134,,,
2022-03-01,iShares 20+ Year Treasury Bond ETF,,TLT,3/2/2022,3/1/2022,3/7/2022,0.184723,,,
2022-04-01,iShares 20+ Year Treasury Bond ETF,,TLT,4/4/2022,4/1/2022,4/7/2022,0.201727,,,
2022-05-02,iShares 20+ Year Treasury Bond ETF,,TLT,5/3/2022,5/2/2022,5/6/2022,0.203130,,,
2022-06-01,iShares 20+ Year Treasury Bond ETF,,TLT,6/2/2022,6/1/2022,6/7/2022,0.207438,,,
2022-07-01,iShares 20+ Year Treasury Bond ETF,,TLT,7/5/2022,7/1/2022,7/8/2022,0.226939,,,
2022-08-01,iShares 20+ Year Treasury Bond ETF,,TLT,8/2/2022,8/1/2022,8/5/2022,0.213043,,,
2022-09-01,iShares 20+ Year Treasury Bond ETF,,TLT,9/2/2022,9/1/2022,9/8/2022,0.236135,,,
2022-10-03,iShares 20+ Year Treasury Bond ETF,,TLT,10/4/2022,10/3/2022,10/7/2022,0.244114,,,
2022-11-01,iShares 20+ Year Treasury Bond ETF,,TLT,11/2/2022,11/1/2022,11/7/2022,0.235637,,,
2023-02-01,iShares 20+ Year Treasury Bond ETF,,TLT,2/2/2023,2/1/2023,2/7/2023,0.275496,,,
2023-03-01,iShares 20+ Year Treasury Bond ETF,,TLT,3/2/2023,3/1/2023,3/7/2023,0.249766,,,
2023-04-03,iShares 20+ Year Treasury Bond ETF,,TLT,4/4/2023,4/3/2023,4/7/2023,0.268755,,,
2023-05-01,iShares 20+ Year Treasury Bond ETF,,TLT,5/2/2023,5/1/2023,5/5/2023,0.267995,,,
2023-06-01,iShares 20+ Year Treasury Bond ETF,,TLT,6/2/2023,6/1/2023,6/7/2023,0.273047,,,
2023-07-03,iShares 20+ Year Treasury Bond ETF,,TLT,7/5/2023,7/3/2023,7/10/2023,0.277716,,,
2023-08-01,iShares 20+ Year Treasury Bond ETF,,TLT,8/2/2023,8/1/2023,8/7/2023,0.275282,,,
2023-09-01,iShares 20+ Year Treasury Bond ETF,,TLT,9/5/2023,9/1/2023,9/8/2023,0.288579,,,
2023-10-02,iShares 20+ Year Treasury Bond ETF,,TLT,10/3/2023,10/2/2023,10/6/2023,0.280014,,,
2023-11-01,iShares 20+ Year Treasury Bond ETF,,TLT,11/2/2023,11/1/2023,11/7/2023,0.286291,,,
2024-02-01,iShares 20+ Year Treasury Bond ETF,,TLT,2/2/2024,2/1/2024,2/7/2024,0.310122,,,
2024-03-01,iShares 20+ Year Treasury Bond ETF,,TLT,3/4/2024,3/1/2024,3/7/2024,0.295234,,,
2024-04-01,iShares 20+ Year Treasury Bond ETF,,TLT,4/2/2024,4/1/2024,4/5/2024,0.312425,,,
2024-05-01,iShares 20+ Year Treasury Bond ETF,,TLT,5/2/2024,5/1/2024,5/7/2024,0.307743,,,
2024-06-03,iShares 20+ Year Treasury Bond ETF,,TLT,6/3/2024,6/3/2024,6/7/2024,0.308295,,,
2024-07-01,iShares 20+ Year Treasury Bond ETF,,TLT,7/1/2024,7/1/2024,7/5/2024,0.291104,,,
2024-08-01,iShares 20+ Year Treasury Bond ETF,,TLT,8/1/2024,8/1/2024,8/6/2024,0.314856,,,
2024-09-03,iShares 20+ Year Treasury Bond ETF,,TLT,9/3/2024,9/3/2024,9/6/2024,0.312782,,,
2024-10-01,iShares 20+ Year Treasury Bond ETF,,TLT,10/1/2024,10/1/2024,10/4/2024,0.315755,,,
2024-11-01,iShares 20+ Year Treasury Bond ETF,,TLT,11/1/2024,11/1/2024,11/6/2024,0.310541,,,
2025-02-03,iShares 20+ Year Treasury Bond ETF,,TLT,2/3/2025,2/3/2025,2/6/2025,0.312282,,,
2025-03-03,iShares 20+ Year Treasury Bond ETF,,TLT,3/3/2025,3/3/2025,3/6/2025,0.289817,,,
2025-04-01,iShares 20+ Year Treasury Bond ETF,,TLT,4/1/2025,4/1/2025,4/4/2025,0.325582,,,
2025-05-01,iShares 20+ Year Treasury Bond ETF,,TLT,5/1/2025,5/1/2025,5/6/2025,0.327612,,,
2025-06-02,iShares 20+ Year Treasury Bond ETF,,TLT,6/2/2025,6/2/2025,6/5/2025,0.319532,,,
2025-07-01,iShares 20+ Year Treasury Bond ETF,,TLT,7/1/2025,7/1/2025,7/7/2025,0.328301,,,
2025-08-01,iShares 20+ Year Treasury Bond ETF,,TLT,8/1/2025,8/1/2025,8/6/2025,0.330802,,,
2025-09-02,iShares 20+ Year Treasury Bond ETF,,TLT,9/2/2025,9/2/2025,9/5/2025,0.328083,,,
2025-10-01,iShares 20+ Year Treasury Bond ETF,,TLT,10/1/2025,10/1/2025,10/6/2025,0.310447,,,
2025-11-03,iShares 20+ Year Treasury Bond ETF,,TLT,11/3/2025,11/3/2025,11/6/2025,0.325125,,,
2022-09-02,iShares 20+ Year Treasury Bond BuyWrite Strategy ETF,,TLTW,9/6/2022,9/2/2022,9/9/2022,0.517240,,,0.038967
2022-10-04,iShares 20+ Year Treasury Bond BuyWrite Strategy ETF,,TLTW,10/5/2022,10/4/2022,10/11/2022,0.599145,,,0.045137
2022-11-02,iShares 20+ Year Treasury Bond BuyWrite Strategy ETF,,TLTW,11/3/2022,11/2/2022,11/8/2022,0.620718,,,
2023-02-02,iShares 20+ Year Treasury Bond BuyWrite Strategy ETF,,TLTW,2/3/2023,2/2/2023,2/8/2023,0.419645,,,0.044848
2023-03-02,iShares 20+ Year Treasury Bond BuyWrite Strategy ETF,,TLTW,3/3/2023,3/2/2023,3/8/2023,0.279422,,,0.029862
2023-04-04,iShares 20+ Year Treasury Bond BuyWrite Strategy ETF,,TLTW,4/5/2023,4/4/2023,4/10/2023,0.585073,,,0.062528
2023-05-02,iShares 20+ Year Treasury Bond BuyWrite Strategy ETF,,TLTW,5/3/2023,5/2/2023,5/8/2023,0.479766,,,0.051273
2023-06-02,iShares 20+ Year Treasury Bond BuyWrite Strategy ETF,,TLTW,6/5/2023,6/2/2023,6/8/2023,0.316740,,,0.033851
2023-07-05,iShares 20+ Year Treasury Bond BuyWrite Strategy ETF,,TLTW,7/6/2023,7/5/2023,7/11/2023,0.485992,,,0.051939
2023-08-02,iShares 20+ Year Treasury Bond BuyWrite Strategy ETF,,TLTW,8/3/2023,8/2/2023,8/8/2023,0.177743,,,0.018996
2023-09-05,iShares 20+ Year Treasury Bond BuyWrite Strategy ETF,,TLTW,9/6/2023,9/5/2023,9/11/2023,0.300374,,,0.032101
2023-10-03,iShares 20+ Year Treasury Bond BuyWrite Strategy ETF,,TLTW,10/4/2023,10/3/2023,10/10/2023,0.260338,,,0.027823
2023-11-02,iShares 20+ Year Treasury Bond BuyWrite Strategy ETF,,TLTW,11/3/2023,11/2/2023,11/8/2023,0.400447,,,
2024-02-02,iShares 20+ Year Treasury Bond BuyWrite Strategy ETF,,TLTW,2/5/2024,2/2/2024,2/8/2024,,,,0.212290
2024-03-04,iShares 20+ Year Treasury Bond BuyWrite Strategy ETF,,TLTW,3/5/2024,3/4/2024,3/8/2024,,,,0.301934
2024-04-02,iShares 20+ Year Treasury Bond BuyWrite Strategy ETF,,TLTW,4/3/2024,4/2/2024,4/8/2024,,,,0.235015
2024-05-02,iShares 20+ Year Treasury Bond BuyWrite Strategy ETF,,TLTW,5/3/2024,5/2/2024,5/8/2024,,,,0.246648
2024-06-04,iShares 20+ Year Treasury Bond BuyWrite Strategy ETF,,TLTW,6/4/2024,6/4/2024,6/10/2024,,,,0.246890
2024-07-02,iShares 20+ Year Treasury Bond BuyWrite Strategy ETF,,TLTW,7/2/2024,7/2/2024,7/8/2024,,,,0.276948
2024-08-02,iShares 20+ Year Treasury Bond BuyWrite Strategy ETF,,TLTW,8/2/2024,8/2/2024,8/7/2024,,,,0.220124
2024-09-04,iShares 20+ Year Treasury Bond BuyWrite Strategy ETF,,TLTW,9/4/2024,9/4/2024,9/9/2024,,,,0.280226
2024-10-02,iShares 20+ Year Treasury Bond BuyWrite Strategy ETF,,TLTW,10/2/2024,10/2/2024,10/7/2024,,,,0.207608
2024-11-04,iShares 20+ Year Treasury Bond BuyWrite Strategy ETF,,TLTW,11/4/2024,11/4/2024,11/7/2024,0.073140,,,0.179242
2025-02-04,iShares 20+ Year Treasury Bond BuyWrite Strategy ETF,,TLTW,2/4/2025,2/4/2025,2/7/2025,0.222746,,,0.165528
2025-03-04,iShares 20+ Year Treasury Bond BuyWrite Strategy ETF,,TLTW,3/4/2025,3/4/2025,3/7/2025,0.148483,,,0.110342
2025-04-02,iShares 20+ Year Treasury Bond BuyWrite Strategy ETF,,TLTW,4/2/2025,4/2/2025,4/7/2025,0.147972,,,0.109961
2025-05-02,iShares 20+ Year Treasury Bond BuyWrite Strategy ETF,,TLTW,5/2/2025,5/2/2025,5/7/2025,0.215118,,,0.159860
2025-06-03,iShares 20+ Year Treasury Bond BuyWrite Strategy ETF,,TLTW,6/3/2025,6/3/2025,6/6/2025,0.240145,,,0.178458
2025-07-02,iShares 20+ Year Treasury Bond BuyWrite Strategy ETF,,TLTW,7/2/2025,7/2/2025,7/8/2025,0.179953,,,0.133728
2025-08-04,iShares 20+ Year Treasury Bond BuyWrite Strategy ETF,,TLTW,8/4/2025,8/4/2025,8/7/2025,0.132573,,,0.098518
2025-09-03,iShares 20+ Year Treasury Bond BuyWrite Strategy ETF,,TLTW,9/3/2025,9/3/2025,9/8/2025,0.125246,,,0.093073
2025-10-02,iShares 20+ Year Treasury Bond BuyWrite Strategy ETF,,TLTW,10/2/2025,10/2/2025,10/7/2025,0.082910,,,0.061612
2025-11-04,iShares 20+ Year Treasury Bond BuyWrite Strategy ETF,,TLTW,11/4/2025,11/4/2025,11/7/2025,0.378277,,,
2022-06-09,iShares MSCI Kokusai ETF,,TOK,6/10/2022,6/9/2022,6/15/2022,2.078537,,,
2023-06-07,iShares MSCI Kokusai ETF,,TOK,6/8/2023,6/7/2023,6/13/2023,0.874219,,,
2024-06-11,iShares MSCI Kokusai ETF,,TOK,6/11/2024,6/11/2024,6/17/2024,0.930442,,,
2025-06-16,iShares MSCI Kokusai ETF,,TOK,6/16/2025,6/16/2025,6/20/2025,0.932305,,,
2025-06-16,iShares S&P 500 3% Capped ETF,,TOPC,6/16/2025,6/16/2025,6/20/2025,0.052560,,,
2025-09-16,iShares S&P 500 3% Capped ETF,,TOPC,9/16/2025,9/16/2025,9/19/2025,0.098694,,,
2025-03-18,iShares Top 20 U.S. Stocks ETF,,TOPT,3/18/2025,3/18/2025,3/21/2025,0.025108,,,
2025-06-16,iShares Top 20 U.S. Stocks ETF,,TOPT,6/16/2025,6/16/2025,6/20/2025,0.029726,,,
2025-09-16,iShares Top 20 U.S. Stocks ETF,,TOPT,9/16/2025,9/16/2025,9/19/2025,0.030732,,,
2022-06-09,iShares MSCI Turkey ETF,,TUR,6/10/2022,6/9/2022,6/15/2022,0.623275,,,
2023-06-07,iShares MSCI Turkey ETF,,TUR,6/8/2023,6/7/2023,6/13/2023,1.179407,,,
2024-06-11,iShares MSCI Turkey ETF,,TUR,6/11/2024,6/11/2024,6/17/2024,0.566720,,,
2025-06-16,iShares MSCI Turkey ETF,,TUR,6/16/2025,6/16/2025,6/20/2025,0.519681,,,
2022-06-09,iShares MSCI UAE ETF,,UAE,6/10/2022,6/9/2022,6/15/2022,0.366168,,,
2023-06-07,iShares MSCI UAE ETF,,UAE,6/8/2023,6/7/2023,6/13/2023,0.388365,,,
2024-06-11,iShares MSCI UAE ETF,,UAE,6/11/2024,6/11/2024,6/17/2024,0.527576,,,
2025-06-16,iShares MSCI UAE ETF,,UAE,6/16/2025,6/16/2025,6/20/2025,0.595982,,,
2022-06-09,iShares MSCI World ETF,,URTH,6/10/2022,6/9/2022,6/15/2022,1.006681,,,
2023-06-07,iShares MSCI World ETF,,URTH,6/8/2023,6/7/2023,6/13/2023,1.169710,,,
2024-06-11,iShares MSCI World ETF,,URTH,6/11/2024,6/11/2024,6/17/2024,1.189323,,,
2025-06-16,iShares MSCI World ETF,,URTH,6/16/2025,6/16/2025,6/20/2025,1.261367,,,
2022-02-01,iShares USD Bond Factor ETF,,USBF,2/2/2022,2/1/2022,2/7/2022,0.139248,,,
2022-03-01,iShares USD Bond Factor ETF,,USBF,3/2/2022,3/1/2022,3/7/2022,0.147222,,,
2022-04-01,iShares USD Bond Factor ETF,,USBF,4/4/2022,4/1/2022,4/7/2022,0.133729,,,
2022-05-02,iShares USD Bond Factor ETF,,USBF,5/3/2022,5/2/2022,5/6/2022,0.158104,,,
2022-06-01,iShares USD Bond Factor ETF,,USBF,6/2/2022,6/1/2022,6/7/2022,0.177927,,,
2022-07-01,iShares USD Bond Factor ETF,,USBF,7/5/2022,7/1/2022,7/8/2022,0.160674,,,
2022-08-01,iShares USD Bond Factor ETF,,USBF,8/2/2022,8/1/2022,8/5/2022,0.211158,,,
2022-09-01,iShares USD Bond Factor ETF,,USBF,9/2/2022,9/1/2022,9/8/2022,0.227050,,,
2022-10-03,iShares USD Bond Factor ETF,,USBF,10/4/2022,10/3/2022,10/7/2022,0.235072,,,
2022-11-01,iShares USD Bond Factor ETF,,USBF,11/2/2022,11/1/2022,11/7/2022,0.248946,,,
2023-02-01,iShares USD Bond Factor ETF,,USBF,2/2/2023,2/1/2023,2/7/2023,0.262521,,,
2023-03-01,iShares USD Bond Factor ETF,,USBF,3/2/2023,3/1/2023,3/7/2023,0.286063,,,
2023-04-03,iShares USD Bond Factor ETF,,USBF,4/4/2023,4/3/2023,4/7/2023,0.298640,,,
2023-05-01,iShares USD Bond Factor ETF,,USBF,5/2/2023,5/1/2023,5/5/2023,0.294315,,,
2023-06-01,iShares USD Bond Factor ETF,,USBF,6/2/2023,6/1/2023,6/7/2023,0.297520,,,
2023-07-03,iShares USD Bond Factor ETF,,USBF,7/5/2023,7/3/2023,7/10/2023,0.288248,,,
2023-08-01,iShares USD Bond Factor ETF,,USBF,8/2/2023,8/1/2023,8/7/2023,0.316772,,,
2023-09-01,iShares USD Bond Factor ETF,,USBF,9/5/2023,9/1/2023,9/8/2023,0.309667,,,
2023-10-02,iShares USD Bond Factor ETF,,USBF,10/3/2023,10/2/2023,10/6/2023,0.322369,,,
2023-11-01,iShares USD Bond Factor ETF,,USBF,11/2/2023,11/1/2023,11/7/2023,0.321964,,,
2024-02-01,iShares USD Bond Factor ETF,,USBF,2/2/2024,2/1/2024,2/7/2024,0.339326,,,
2024-03-01,iShares USD Bond Factor ETF,,USBF,3/4/2024,3/1/2024,3/7/2024,0.321577,,,
2024-04-01,iShares USD Bond Factor ETF,,USBF,4/2/2024,4/1/2024,4/5/2024,0.322902,,,
2024-05-01,iShares USD Bond Factor ETF,,USBF,5/2/2024,5/1/2024,5/7/2024,0.317961,,,
2024-06-03,iShares USD Bond Factor ETF,,USBF,6/3/2024,6/3/2024,6/7/2024,0.343930,,,
2024-07-01,iShares USD Bond Factor ETF,,USBF,7/1/2024,7/1/2024,7/5/2024,0.334004,,,
2023-09-26,iShares Climate Conscious & Transition MSCI USA ETF,,USCL,9/27/2023,9/26/2023,10/2/2023,0.217450,,,
2024-03-21,iShares Climate Conscious & Transition MSCI USA ETF,,USCL,3/22/2024,3/21/2024,3/27/2024,0.170710,,,
2024-06-11,iShares Climate Conscious & Transition MSCI USA ETF,,USCL,6/11/2024,6/11/2024,6/17/2024,0.159794,,,
2024-09-25,iShares Climate Conscious & Transition MSCI USA ETF,,USCL,9/25/2024,9/25/2024,9/30/2024,0.223547,,,
2025-03-18,iShares Climate Conscious & Transition MSCI USA ETF,,USCL,3/18/2025,3/18/2025,3/21/2025,0.196936,,,
2025-06-16,iShares Climate Conscious & Transition MSCI USA ETF,,USCL,6/16/2025,6/16/2025,6/20/2025,0.192105,,,
2025-09-16,iShares Climate Conscious & Transition MSCI USA ETF,,USCL,9/16/2025,9/16/2025,9/19/2025,0.219567,,,
2022-02-01,iShares Broad USD High Yield Corporate Bond ETF,,USHY,2/2/2022,2/1/2022,2/7/2022,0.168919,,,
2022-03-01,iShares Broad USD High Yield Corporate Bond ETF,,USHY,3/2/2022,3/1/2022,3/7/2022,0.172430,,,
2022-04-01,iShares Broad USD High Yield Corporate Bond ETF,,USHY,4/4/2022,4/1/2022,4/7/2022,0.186999,,,
2022-05-02,iShares Broad USD High Yield Corporate Bond ETF,,USHY,5/3/2022,5/2/2022,5/6/2022,0.168306,,,
2022-06-01,iShares Broad USD High Yield Corporate Bond ETF,,USHY,6/2/2022,6/1/2022,6/7/2022,0.160885,,,
2022-07-01,iShares Broad USD High Yield Corporate Bond ETF,,USHY,7/5/2022,7/1/2022,7/8/2022,0.175589,,,
2022-08-01,iShares Broad USD High Yield Corporate Bond ETF,,USHY,8/2/2022,8/1/2022,8/5/2022,0.148121,,,
2022-09-01,iShares Broad USD High Yield Corporate Bond ETF,,USHY,9/2/2022,9/1/2022,9/8/2022,0.193213,,,
2022-10-03,iShares Broad USD High Yield Corporate Bond ETF,,USHY,10/4/2022,10/3/2022,10/7/2022,0.185989,,,
2022-11-01,iShares Broad USD High Yield Corporate Bond ETF,,USHY,11/2/2022,11/1/2022,11/7/2022,0.194999,,,
2023-02-01,iShares Broad USD High Yield Corporate Bond ETF,,USHY,2/2/2023,2/1/2023,2/7/2023,0.233126,,,
2023-03-01,iShares Broad USD High Yield Corporate Bond ETF,,USHY,3/2/2023,3/1/2023,3/7/2023,0.207136,,,
2023-04-03,iShares Broad USD High Yield Corporate Bond ETF,,USHY,4/4/2023,4/3/2023,4/7/2023,0.197994,,,
2023-05-01,iShares Broad USD High Yield Corporate Bond ETF,,USHY,5/2/2023,5/1/2023,5/5/2023,0.192799,,,
2023-06-01,iShares Broad USD High Yield Corporate Bond ETF,,USHY,6/2/2023,6/1/2023,6/7/2023,0.200719,,,
2023-07-03,iShares Broad USD High Yield Corporate Bond ETF,,USHY,7/5/2023,7/3/2023,7/10/2023,0.194454,,,
2023-08-01,iShares Broad USD High Yield Corporate Bond ETF,,USHY,8/2/2023,8/1/2023,8/7/2023,0.198479,,,
2023-09-01,iShares Broad USD High Yield Corporate Bond ETF,,USHY,9/5/2023,9/1/2023,9/8/2023,0.201161,,,
2023-10-02,iShares Broad USD High Yield Corporate Bond ETF,,USHY,10/3/2023,10/2/2023,10/6/2023,0.198115,,,
2023-11-01,iShares Broad USD High Yield Corporate Bond ETF,,USHY,11/2/2023,11/1/2023,11/7/2023,0.189744,,,
2024-02-01,iShares Broad USD High Yield Corporate Bond ETF,,USHY,2/2/2024,2/1/2024,2/7/2024,0.218202,,,
2024-03-01,iShares Broad USD High Yield Corporate Bond ETF,,USHY,3/4/2024,3/1/2024,3/7/2024,0.218281,,,
2024-04-01,iShares Broad USD High Yield Corporate Bond ETF,,USHY,4/2/2024,4/1/2024,4/5/2024,0.226770,,,
2024-05-01,iShares Broad USD High Yield Corporate Bond ETF,,USHY,5/2/2024,5/1/2024,5/7/2024,0.210319,,,
2024-06-03,iShares Broad USD High Yield Corporate Bond ETF,,USHY,6/3/2024,6/3/2024,6/7/2024,0.202075,,,
2024-07-01,iShares Broad USD High Yield Corporate Bond ETF,,USHY,7/1/2024,7/1/2024,7/5/2024,0.207836,,,
2024-08-01,iShares Broad USD High Yield Corporate Bond ETF,,USHY,8/1/2024,8/1/2024,8/6/2024,0.188879,,,
2024-09-03,iShares Broad USD High Yield Corporate Bond ETF,,USHY,9/3/2024,9/3/2024,9/6/2024,0.206861,,,
2024-10-01,iShares Broad USD High Yield Corporate Bond ETF,,USHY,10/1/2024,10/1/2024,10/4/2024,0.203086,,,
2024-11-01,iShares Broad USD High Yield Corporate Bond ETF,,USHY,11/1/2024,11/1/2024,11/6/2024,0.210960,,,
2025-02-03,iShares Broad USD High Yield Corporate Bond ETF,,USHY,2/3/2025,2/3/2025,2/6/2025,0.214291,,,
2025-03-03,iShares Broad USD High Yield Corporate Bond ETF,,USHY,3/3/2025,3/3/2025,3/6/2025,0.210268,,,
2025-04-01,iShares Broad USD High Yield Corporate Bond ETF,,USHY,4/1/2025,4/1/2025,4/4/2025,0.210266,,,
2025-05-01,iShares Broad USD High Yield Corporate Bond ETF,,USHY,5/1/2025,5/1/2025,5/6/2025,0.201656,,,
2025-06-02,iShares Broad USD High Yield Corporate Bond ETF,,USHY,6/2/2025,6/2/2025,6/5/2025,0.210771,,,
2025-07-01,iShares Broad USD High Yield Corporate Bond ETF,,USHY,7/1/2025,7/1/2025,7/7/2025,0.211323,,,
2025-08-01,iShares Broad USD High Yield Corporate Bond ETF,,USHY,8/1/2025,8/1/2025,8/6/2025,0.210500,,,
2025-09-02,iShares Broad USD High Yield Corporate Bond ETF,,USHY,9/2/2025,9/2/2025,9/5/2025,0.215463,,,
2025-10-01,iShares Broad USD High Yield Corporate Bond ETF,,USHY,10/1/2025,10/1/2025,10/6/2025,0.214756,,,
2025-11-03,iShares Broad USD High Yield Corporate Bond ETF,,USHY,11/3/2025,11/3/2025,11/6/2025,0.211856,,,
2022-02-01,iShares Broad USD Investment Grade Corporate Bond ETF,,USIG,2/2/2022,2/1/2022,2/7/2022,0.111940,,,
2022-03-01,iShares Broad USD Investment Grade Corporate Bond ETF,,USIG,3/2/2022,3/1/2022,3/7/2022,0.117565,,,
2022-04-01,iShares Broad USD Investment Grade Corporate Bond ETF,,USIG,4/4/2022,4/1/2022,4/7/2022,0.108814,,,
2022-05-02,iShares Broad USD Investment Grade Corporate Bond ETF,,USIG,5/3/2022,5/2/2022,5/6/2022,0.117911,,,
2022-06-01,iShares Broad USD Investment Grade Corporate Bond ETF,,USIG,6/2/2022,6/1/2022,6/7/2022,0.125895,,,
2022-07-01,iShares Broad USD Investment Grade Corporate Bond ETF,,USIG,7/5/2022,7/1/2022,7/8/2022,0.128786,,,
2022-08-01,iShares Broad USD Investment Grade Corporate Bond ETF,,USIG,8/2/2022,8/1/2022,8/5/2022,0.129775,,,
2022-09-01,iShares Broad USD Investment Grade Corporate Bond ETF,,USIG,9/2/2022,9/1/2022,9/8/2022,0.134040,,,
2022-10-03,iShares Broad USD Investment Grade Corporate Bond ETF,,USIG,10/4/2022,10/3/2022,10/7/2022,0.141706,,,
2022-11-01,iShares Broad USD Investment Grade Corporate Bond ETF,,USIG,11/2/2022,11/1/2022,11/7/2022,0.139923,,,
2023-02-01,iShares Broad USD Investment Grade Corporate Bond ETF,,USIG,2/2/2023,2/1/2023,2/7/2023,0.153751,,,
2023-03-01,iShares Broad USD Investment Grade Corporate Bond ETF,,USIG,3/2/2023,3/1/2023,3/7/2023,0.154218,,,
2023-04-03,iShares Broad USD Investment Grade Corporate Bond ETF,,USIG,4/4/2023,4/3/2023,4/7/2023,0.158327,,,
2023-05-01,iShares Broad USD Investment Grade Corporate Bond ETF,,USIG,5/2/2023,5/1/2023,5/5/2023,0.166651,,,
2023-06-01,iShares Broad USD Investment Grade Corporate Bond ETF,,USIG,6/2/2023,6/1/2023,6/7/2023,0.166977,,,
2023-07-03,iShares Broad USD Investment Grade Corporate Bond ETF,,USIG,7/5/2023,7/3/2023,7/10/2023,0.168237,,,
2023-08-01,iShares Broad USD Investment Grade Corporate Bond ETF,,USIG,8/2/2023,8/1/2023,8/7/2023,0.169080,,,
2023-09-01,iShares Broad USD Investment Grade Corporate Bond ETF,,USIG,9/5/2023,9/1/2023,9/8/2023,0.176319,,,
2023-10-02,iShares Broad USD Investment Grade Corporate Bond ETF,,USIG,10/3/2023,10/2/2023,10/6/2023,0.167591,,,
2023-11-01,iShares Broad USD Investment Grade Corporate Bond ETF,,USIG,11/2/2023,11/1/2023,11/7/2023,0.178111,,,
2024-02-01,iShares Broad USD Investment Grade Corporate Bond ETF,,USIG,2/2/2024,2/1/2024,2/7/2024,0.176601,,,
2024-03-01,iShares Broad USD Investment Grade Corporate Bond ETF,,USIG,3/4/2024,3/1/2024,3/7/2024,0.184038,,,
2024-04-01,iShares Broad USD Investment Grade Corporate Bond ETF,,USIG,4/2/2024,4/1/2024,4/5/2024,0.185273,,,
2024-05-01,iShares Broad USD Investment Grade Corporate Bond ETF,,USIG,5/2/2024,5/1/2024,5/7/2024,0.185496,,,
2024-06-03,iShares Broad USD Investment Grade Corporate Bond ETF,,USIG,6/3/2024,6/3/2024,6/7/2024,0.187905,,,
2024-07-01,iShares Broad USD Investment Grade Corporate Bond ETF,,USIG,7/1/2024,7/1/2024,7/5/2024,0.186530,,,
2024-08-01,iShares Broad USD Investment Grade Corporate Bond ETF,,USIG,8/1/2024,8/1/2024,8/6/2024,0.192123,,,
2024-09-03,iShares Broad USD Investment Grade Corporate Bond ETF,,USIG,9/3/2024,9/3/2024,9/6/2024,0.191340,,,
2024-10-01,iShares Broad USD Investment Grade Corporate Bond ETF,,USIG,10/1/2024,10/1/2024,10/4/2024,0.192536,,,
2024-11-01,iShares Broad USD Investment Grade Corporate Bond ETF,,USIG,11/1/2024,11/1/2024,11/6/2024,0.191333,,,
2025-02-03,iShares Broad USD Investment Grade Corporate Bond ETF,,USIG,2/3/2025,2/3/2025,2/6/2025,0.194638,,,
2025-03-03,iShares Broad USD Investment Grade Corporate Bond ETF,,USIG,3/3/2025,3/3/2025,3/6/2025,0.196032,,,
2025-04-01,iShares Broad USD Investment Grade Corporate Bond ETF,,USIG,4/1/2025,4/1/2025,4/4/2025,0.194716,,,
2025-05-01,iShares Broad USD Investment Grade Corporate Bond ETF,,USIG,5/1/2025,5/1/2025,5/6/2025,0.193301,,,
2025-06-02,iShares Broad USD Investment Grade Corporate Bond ETF,,USIG,6/2/2025,6/2/2025,6/5/2025,0.197324,,,
2025-07-01,iShares Broad USD Investment Grade Corporate Bond ETF,,USIG,7/1/2025,7/1/2025,7/7/2025,0.198646,,,
2025-08-01,iShares Broad USD Investment Grade Corporate Bond ETF,,USIG,8/1/2025,8/1/2025,8/6/2025,0.199693,,,
2025-09-02,iShares Broad USD Investment Grade Corporate Bond ETF,,USIG,9/2/2025,9/2/2025,9/5/2025,0.200751,,,
2025-10-01,iShares Broad USD Investment Grade Corporate Bond ETF,,USIG,10/1/2025,10/1/2025,10/6/2025,0.204529,,,
2025-11-03,iShares Broad USD Investment Grade Corporate Bond ETF,,USIG,11/3/2025,11/3/2025,11/6/2025,0.201915,,,
2022-03-24,iShares MSCI USA Min Vol Factor ETF,,USMV,3/25/2022,3/24/2022,3/30/2022,0.268361,,,
2022-06-09,iShares MSCI USA Min Vol Factor ETF,,USMV,6/10/2022,6/9/2022,6/15/2022,0.221743,,,
2022-09-26,iShares MSCI USA Min Vol Factor ETF,,USMV,9/27/2022,9/26/2022,9/30/2022,0.332465,,,
2023-03-23,iShares MSCI USA Min Vol Factor ETF,,USMV,3/24/2023,3/23/2023,3/29/2023,0.320492,,,
2023-06-07,iShares MSCI USA Min Vol Factor ETF,,USMV,6/8/2023,6/7/2023,6/13/2023,0.280336,,,
2023-09-26,iShares MSCI USA Min Vol Factor ETF,,USMV,9/27/2023,9/26/2023,10/2/2023,0.387032,,,
2024-03-21,iShares MSCI USA Min Vol Factor ETF,,USMV,3/22/2024,3/21/2024,3/27/2024,0.360315,,,
2024-06-11,iShares MSCI USA Min Vol Factor ETF,,USMV,6/11/2024,6/11/2024,6/17/2024,0.300973,,,
2024-09-25,iShares MSCI USA Min Vol Factor ETF,,USMV,9/25/2024,9/25/2024,9/30/2024,0.407828,,,
2025-03-18,iShares MSCI USA Min Vol Factor ETF,,USMV,3/18/2025,3/18/2025,3/21/2025,0.324598,,,
2025-06-16,iShares MSCI USA Min Vol Factor ETF,,USMV,6/16/2025,6/16/2025,6/20/2025,0.325377,,,
2025-09-16,iShares MSCI USA Min Vol Factor ETF,,USMV,9/16/2025,9/16/2025,9/19/2025,0.361576,,,
2022-03-24,iShares Core U.S. REIT ETF,,USRT,3/25/2022,3/24/2022,3/30/2022,0.232521,,0.028340,
2022-06-09,iShares Core U.S. REIT ETF,,USRT,6/10/2022,6/9/2022,6/15/2022,0.260590,,,
2022-09-26,iShares Core U.S. REIT ETF,,USRT,9/27/2022,9/26/2022,9/30/2022,0.636017,,,
2023-03-23,iShares Core U.S. REIT ETF,,USRT,3/24/2023,3/23/2023,3/29/2023,0.301556,,,
2023-06-07,iShares Core U.S. REIT ETF,,USRT,6/8/2023,6/7/2023,6/13/2023,0.277159,,,
2023-09-26,iShares Core U.S. REIT ETF,,USRT,9/27/2023,9/26/2023,10/2/2023,0.592702,,,
2024-03-21,iShares Core U.S. REIT ETF,,USRT,3/22/2024,3/21/2024,3/27/2024,0.272854,,,
2024-06-11,iShares Core U.S. REIT ETF,,USRT,6/11/2024,6/11/2024,6/17/2024,0.292446,,,
2024-09-25,iShares Core U.S. REIT ETF,,USRT,9/25/2024,9/25/2024,9/30/2024,0.558615,,,
2025-03-18,iShares Core U.S. REIT ETF,,USRT,3/18/2025,3/18/2025,3/21/2025,0.249185,,,
2025-06-16,iShares Core U.S. REIT ETF,,USRT,6/16/2025,6/16/2025,6/20/2025,0.378097,,,
2025-09-16,iShares Core U.S. REIT ETF,,USRT,9/16/2025,9/16/2025,9/19/2025,0.423757,,,
2022-03-24,iShares ESG Advanced MSCI USA ETF,,USXF,3/25/2022,3/24/2022,3/30/2022,0.080901,,,
2022-06-09,iShares ESG Advanced MSCI USA ETF,,USXF,6/10/2022,6/9/2022,6/15/2022,0.093394,,,
2022-09-26,iShares ESG Advanced MSCI USA ETF,,USXF,9/27/2022,9/26/2022,9/30/2022,0.126542,,,
2023-03-23,iShares ESG Advanced MSCI USA ETF,,USXF,3/24/2023,3/23/2023,3/29/2023,0.101943,,,
2023-06-07,iShares ESG Advanced MSCI USA ETF,,USXF,6/8/2023,6/7/2023,6/13/2023,0.087442,,,
2023-09-26,iShares ESG Advanced MSCI USA ETF,,USXF,9/27/2023,9/26/2023,10/2/2023,0.124315,,,
2024-03-21,iShares ESG Advanced MSCI USA ETF,,USXF,3/22/2024,3/21/2024,3/27/2024,0.105746,,,
2024-06-11,iShares ESG Advanced MSCI USA ETF,,USXF,6/11/2024,6/11/2024,6/17/2024,0.090087,,,
2024-09-25,iShares ESG Advanced MSCI USA ETF,,USXF,9/25/2024,9/25/2024,9/30/2024,0.133556,,,
2025-03-18,iShares ESG Advanced MSCI USA ETF,,USXF,3/18/2025,3/18/2025,3/21/2025,0.102579,,,
2025-06-16,iShares ESG Advanced MSCI USA ETF,,USXF,6/16/2025,6/16/2025,6/20/2025,0.129077,,,
2025-09-16,iShares ESG Advanced MSCI USA ETF,,USXF,9/16/2025,9/16/2025,9/19/2025,0.125137,,,
2022-06-09,iShares MSCI Global Agriculture Producers ETF,,VEGI,6/10/2022,6/9/2022,6/15/2022,0.252747,,,
2023-06-07,iShares MSCI Global Agriculture Producers ETF,,VEGI,6/8/2023,6/7/2023,6/13/2023,0.418844,,,
2024-06-11,iShares MSCI Global Agriculture Producers ETF,,VEGI,6/11/2024,6/11/2024,6/17/2024,0.371888,,,
2025-06-16,iShares MSCI Global Agriculture Producers ETF,,VEGI,6/16/2025,6/16/2025,6/20/2025,0.402508,,,
2022-03-24,iShares MSCI USA Value Factor ETF,,VLUE,3/25/2022,3/24/2022,3/30/2022,0.728006,,,
2022-06-09,iShares MSCI USA Value Factor ETF,,VLUE,6/10/2022,6/9/2022,6/15/2022,0.683332,,,
2022-09-26,iShares MSCI USA Value Factor ETF,,VLUE,9/27/2022,9/26/2022,9/30/2022,0.763783,,,
2023-03-23,iShares MSCI USA Value Factor ETF,,VLUE,3/24/2023,3/23/2023,3/29/2023,0.786816,,,
2023-06-07,iShares MSCI USA Value Factor ETF,,VLUE,6/8/2023,6/7/2023,6/13/2023,0.564944,,,
2023-09-26,iShares MSCI USA Value Factor ETF,,VLUE,9/27/2023,9/26/2023,10/2/2023,0.679585,,,
2024-03-21,iShares MSCI USA Value Factor ETF,,VLUE,3/22/2024,3/21/2024,3/27/2024,0.690073,,,
2024-06-11,iShares MSCI USA Value Factor ETF,,VLUE,6/11/2024,6/11/2024,6/17/2024,0.591224,,,
2024-09-25,iShares MSCI USA Value Factor ETF,,VLUE,9/25/2024,9/25/2024,9/30/2024,0.848716,,,
2025-03-18,iShares MSCI USA Value Factor ETF,,VLUE,3/18/2025,3/18/2025,3/21/2025,0.679170,,,
2025-06-16,iShares MSCI USA Value Factor ETF,,VLUE,6/16/2025,6/16/2025,6/20/2025,0.735786,,,
2025-09-16,iShares MSCI USA Value Factor ETF,,VLUE,9/16/2025,9/16/2025,9/19/2025,0.660024,,,
2022-06-09,iShares Global Timber & Forestry ETF,,WOOD,6/10/2022,6/9/2022,6/15/2022,1.589302,,,
2024-06-11,iShares Global Timber & Forestry ETF,,WOOD,6/11/2024,6/11/2024,6/17/2024,1.341594,,,
2025-06-16,iShares Global Timber & Forestry ETF,,WOOD,6/16/2025,6/16/2025,6/20/2025,0.776341,,,
2022-03-24,iShares International Developed Property ETF,,WPS,3/25/2022,3/24/2022,3/30/2022,0.178877,,,
2022-06-09,iShares International Developed Property ETF,,WPS,6/10/2022,6/9/2022,6/15/2022,0.318239,,,
2023-06-07,iShares International Developed Property ETF,,WPS,6/8/2023,6/7/2023,6/13/2023,0.287093,,,
2023-09-26,iShares International Developed Property ETF,,WPS,9/27/2023,9/26/2023,10/2/2023,0.302322,,,
2024-03-21,iShares International Developed Property ETF,,WPS,3/22/2024,3/21/2024,3/27/2024,0.121988,,,
2025-06-16,iShares MSCI World Small-Cap ETF,,WSML,6/16/2025,6/16/2025,6/20/2025,0.084812,,,
2022-03-24,iShares ESG Screened S&P Mid-Cap ETF,,XJH,3/25/2022,3/24/2022,3/30/2022,0.088674,,,
2022-06-09,iShares ESG Screened S&P Mid-Cap ETF,,XJH,6/10/2022,6/9/2022,6/15/2022,0.087838,,,
2022-09-26,iShares ESG Screened S&P Mid-Cap ETF,,XJH,9/27/2022,9/26/2022,9/30/2022,0.143306,,,
2023-03-23,iShares ESG Screened S&P Mid-Cap ETF,,XJH,3/24/2023,3/23/2023,3/29/2023,0.118434,,,
2023-06-07,iShares ESG Screened S&P Mid-Cap ETF,,XJH,6/8/2023,6/7/2023,6/13/2023,0.093508,,,
2023-09-26,iShares ESG Screened S&P Mid-Cap ETF,,XJH,9/27/2023,9/26/2023,10/2/2023,0.142257,,,
2024-03-21,iShares ESG Screened S&P Mid-Cap ETF,,XJH,3/22/2024,3/21/2024,3/27/2024,0.087682,,,
2024-06-11,iShares ESG Screened S&P Mid-Cap ETF,,XJH,6/11/2024,6/11/2024,6/17/2024,0.094226,,,
2024-09-25,iShares ESG Screened S&P Mid-Cap ETF,,XJH,9/25/2024,9/25/2024,9/30/2024,0.143302,,,
2025-03-18,iShares ESG Screened S&P Mid-Cap ETF,,XJH,3/18/2025,3/18/2025,3/21/2025,0.099243,,,
2025-06-16,iShares ESG Screened S&P Mid-Cap ETF,,XJH,6/16/2025,6/16/2025,6/20/2025,0.119511,,,
2025-09-16,iShares ESG Screened S&P Mid-Cap ETF,,XJH,9/16/2025,9/16/2025,9/19/2025,0.127081,,,
2022-03-24,iShares ESG Screened S&P Small-Cap ETF,,XJR,3/25/2022,3/24/2022,3/30/2022,0.033168,,,
2022-06-09,iShares ESG Screened S&P Small-Cap ETF,,XJR,6/10/2022,6/9/2022,6/15/2022,0.083254,,,
2022-09-26,iShares ESG Screened S&P Small-Cap ETF,,XJR,9/27/2022,9/26/2022,9/30/2022,0.120516,,,
2023-03-23,iShares ESG Screened S&P Small-Cap ETF,,XJR,3/24/2023,3/23/2023,3/29/2023,0.098520,,,
2023-06-07,iShares ESG Screened S&P Small-Cap ETF,,XJR,6/8/2023,6/7/2023,6/13/2023,0.113184,,,
2024-06-11,iShares ESG Screened S&P Small-Cap ETF,,XJR,6/11/2024,6/11/2024,6/17/2024,0.144835,,,
2024-09-25,iShares ESG Screened S&P Small-Cap ETF,,XJR,9/25/2024,9/25/2024,9/30/2024,0.219098,,,
2025-06-16,iShares ESG Screened S&P Small-Cap ETF,,XJR,6/16/2025,6/16/2025,6/20/2025,0.145950,,,
2025-09-16,iShares ESG Screened S&P Small-Cap ETF,,XJR,9/16/2025,9/16/2025,9/19/2025,0.158330,,,
2025-09-16,iShares S&P 500 ex S&P 100 ETF,,XOEF,9/16/2025,9/16/2025,9/19/2025,0.072487,,,
2022-06-09,iShares Exponential Technologies ETF,,XT,6/10/2022,6/9/2022,6/15/2022,0.219513,,,
2023-06-07,iShares Exponential Technologies ETF,,XT,6/8/2023,6/7/2023,6/13/2023,0.140992,,,
2024-06-11,iShares Exponential Technologies ETF,,XT,6/11/2024,6/11/2024,6/17/2024,0.158163,,,
2025-06-16,iShares Exponential Technologies ETF,,XT,6/16/2025,6/16/2025,6/20/2025,0.208954,,,
2022-03-24,iShares ESG Screened S&P 500 ETF,,XVV,3/25/2022,3/24/2022,3/30/2022,0.132547,,,
2022-06-09,iShares ESG Screened S&P 500 ETF,,XVV,6/10/2022,6/9/2022,6/15/2022,0.077347,,,
2022-09-26,iShares ESG Screened S&P 500 ETF,,XVV,9/27/2022,9/26/2022,9/30/2022,0.123099,,,
2023-03-23,iShares ESG Screened S&P 500 ETF,,XVV,3/24/2023,3/23/2023,3/29/2023,0.108505,,,
2023-06-07,iShares ESG Screened S&P 500 ETF,,XVV,6/8/2023,6/7/2023,6/13/2023,0.070669,,,
2023-09-26,iShares ESG Screened S&P 500 ETF,,XVV,9/27/2023,9/26/2023,10/2/2023,0.151578,,,
2024-03-21,iShares ESG Screened S&P 500 ETF,,XVV,3/22/2024,3/21/2024,3/27/2024,0.101551,,,
2024-06-11,iShares ESG Screened S&P 500 ETF,,XVV,6/11/2024,6/11/2024,6/17/2024,0.092877,,,
2024-09-25,iShares ESG Screened S&P 500 ETF,,XVV,9/25/2024,9/25/2024,9/30/2024,0.138685,,,
2025-03-18,iShares ESG Screened S&P 500 ETF,,XVV,3/18/2025,3/18/2025,3/21/2025,0.108468,,,
2025-06-16,iShares ESG Screened S&P 500 ETF,,XVV,6/16/2025,6/16/2025,6/20/2025,0.105981,,,
2025-09-16,iShares ESG Screened S&P 500 ETF,,XVV,9/16/2025,9/16/2025,9/19/2025,0.126318,,,
