as_of,fund_name,cusip,ticker,record_date,ex_dividend_date,payable_date,income_dividends,short_term_capital_gain,total_capital_gain_distribution
2024-09-30,Janus Henderson Government Money Market Fund,47103E858,ACDXX,9/30/2024,9/30/2024,9/30/2024,0.00355437,,
2024-10-31,Janus Henderson Government Money Market Fund,47103E858,ACDXX,10/31/2024,10/31/2024,10/31/2024,0.00372959,,
2024-11-29,Janus Henderson Government Money Market Fund,47103E858,ACDXX,11/29/2024,11/29/2024,11/29/2024,0.00366214,,
2024-12-31,Janus Henderson Government Money Market Fund,47103E858,ACDXX,12/31/2024,12/31/2024,12/31/2024,0.00357433,,
2025-01-31,Janus Henderson Government Money Market Fund,47103E858,ACDXX,1/31/2025,1/31/2025,1/31/2025,0.00358844,,
2025-02-28,Janus Henderson Government Money Market Fund,47103E858,ACDXX,2/28/2025,2/28/2025,2/28/2025,0.00310409,,
2025-03-31,Janus Henderson Government Money Market Fund,47103E858,ACDXX,3/31/2025,3/31/2025,3/31/2025,0.00317850,,
2025-04-30,Janus Henderson Government Money Market Fund,47103E858,ACDXX,4/30/2025,4/30/2025,4/30/2025,0.00328888,,
2025-05-30,Janus Henderson Government Money Market Fund,47103E858,ACDXX,5/30/2025,5/30/2025,5/30/2025,0.00349690,,
2025-06-30,Janus Henderson Government Money Market Fund,47103E858,ACDXX,6/30/2025,6/30/2025,6/30/2025,0.00317566,,
2025-07-31,Janus Henderson Government Money Market Fund,47103E858,ACDXX,7/31/2025,7/31/2025,7/31/2025,0.00340809,,
2025-08-29,Janus Henderson Government Money Market Fund,47103E858,ACDXX,8/29/2025,8/29/2025,8/29/2025,0.00352127,,
2025-09-30,Janus Henderson Government Money Market Fund,47103E858,ACDXX,9/30/2025,9/30/2025,9/30/2025,0.00314174,,
2025-10-31,Janus Henderson Government Money Market Fund,47103E858,ACDXX,10/31/2025,10/31/2025,10/31/2025,0.00344306,,
2025-11-28,Janus Henderson Government Money Market Fund,47103E858,ACDXX,11/28/2025,11/28/2025,11/28/2025,0.00281724,,
2025-12-31,Janus Henderson Government Money Market Fund,47103E858,ACDXX,12/31/2025,12/31/2025,12/31/2025,0.00306343,,
2024-12-31,Janus Henderson Government Money Market Fund,47103Y466,ACJXX,12/31/2024,12/31/2024,12/31/2024,0.00283638,,
2025-01-31,Janus Henderson Government Money Market Fund,47103Y466,ACJXX,1/31/2025,1/31/2025,1/31/2025,0.00368358,,
2025-02-28,Janus Henderson Government Money Market Fund,47103Y466,ACJXX,2/28/2025,2/28/2025,2/28/2025,0.00320411,,
2025-03-31,Janus Henderson Government Money Market Fund,47103Y466,ACJXX,3/31/2025,3/31/2025,3/31/2025,0.00328382,,
2025-04-30,Janus Henderson Government Money Market Fund,47103Y466,ACJXX,4/30/2025,4/30/2025,4/30/2025,0.00339619,,
2025-05-30,Janus Henderson Government Money Market Fund,47103Y466,ACJXX,5/30/2025,5/30/2025,5/30/2025,0.00361180,,
2025-06-30,Janus Henderson Government Money Market Fund,47103Y466,ACJXX,6/30/2025,6/30/2025,6/30/2025,0.00327729,,
2025-07-31,Janus Henderson Government Money Market Fund,47103Y466,ACJXX,7/31/2025,7/31/2025,7/31/2025,0.00352055,,
2025-08-29,Janus Henderson Government Money Market Fund,47103Y466,ACJXX,8/29/2025,8/29/2025,8/29/2025,0.00363734,,
2025-09-30,Janus Henderson Government Money Market Fund,47103Y466,ACJXX,9/30/2025,9/30/2025,9/30/2025,0.00324502,,
2025-10-31,Janus Henderson Government Money Market Fund,47103Y466,ACJXX,10/31/2025,10/31/2025,10/31/2025,0.00356030,,
2025-11-28,Janus Henderson Government Money Market Fund,47103Y466,ACJXX,11/28/2025,11/28/2025,11/28/2025,0.00291699,,
2025-12-31,Janus Henderson Government Money Market Fund,47103Y466,ACJXX,12/31/2025,12/31/2025,12/31/2025,0.00317748,,
2024-10-31,Janus Henderson Government Money Market Fund,47103Y458,ACOXX,10/31/2024,10/31/2024,10/31/2024,0.00178691,,
2024-11-29,Janus Henderson Government Money Market Fund,47103Y458,ACOXX,11/29/2024,11/29/2024,11/29/2024,0.00380112,,
2024-12-31,Janus Henderson Government Money Market Fund,47103Y458,ACOXX,12/31/2024,12/31/2024,12/31/2024,0.00369373,,
2025-01-31,Janus Henderson Government Money Market Fund,47103Y458,ACOXX,1/31/2025,1/31/2025,1/31/2025,0.00369879,,
2025-02-28,Janus Henderson Government Money Market Fund,47103Y458,ACOXX,2/28/2025,2/28/2025,2/28/2025,0.00320385,,
2025-03-31,Janus Henderson Government Money Market Fund,47103Y458,ACOXX,3/31/2025,3/31/2025,3/31/2025,0.00328184,,
2025-04-30,Janus Henderson Government Money Market Fund,47103Y458,ACOXX,4/30/2025,4/30/2025,4/30/2025,0.00339582,,
2025-05-30,Janus Henderson Government Money Market Fund,47103Y458,ACOXX,5/30/2025,5/30/2025,5/30/2025,0.00361089,,
2025-06-30,Janus Henderson Government Money Market Fund,47103Y458,ACOXX,6/30/2025,6/30/2025,6/30/2025,0.00327899,,
2025-07-31,Janus Henderson Government Money Market Fund,47103Y458,ACOXX,7/31/2025,7/31/2025,7/31/2025,0.00351858,,
2025-08-29,Janus Henderson Government Money Market Fund,47103Y458,ACOXX,8/29/2025,8/29/2025,8/29/2025,0.00363527,,
2025-09-30,Janus Henderson Government Money Market Fund,47103Y458,ACOXX,9/30/2025,9/30/2025,9/30/2025,0.00324509,,
2025-10-31,Janus Henderson Government Money Market Fund,47103Y458,ACOXX,10/31/2025,10/31/2025,10/31/2025,0.00356062,,
2025-11-28,Janus Henderson Government Money Market Fund,47103Y458,ACOXX,11/28/2025,11/28/2025,11/28/2025,0.00291718,,
2025-12-31,Janus Henderson Government Money Market Fund,47103Y458,ACOXX,12/31/2025,12/31/2025,12/31/2025,0.00317748,,
2024-09-30,Janus Henderson Government Money Market Fund,471023820,ACTXX,9/30/2024,9/30/2024,9/30/2024,0.00353899,,
2024-10-31,Janus Henderson Government Money Market Fund,471023820,ACTXX,10/31/2024,10/31/2024,10/31/2024,0.00370597,,
2024-11-29,Janus Henderson Government Money Market Fund,471023820,ACTXX,11/29/2024,11/29/2024,11/29/2024,0.00359449,,
2024-12-31,Janus Henderson Government Money Market Fund,471023820,ACTXX,12/31/2024,12/31/2024,12/31/2024,0.00346674,,
2025-01-31,Janus Henderson Government Money Market Fund,471023820,ACTXX,1/31/2025,1/31/2025,1/31/2025,0.00347793,,
2025-02-28,Janus Henderson Government Money Market Fund,471023820,ACTXX,2/28/2025,2/28/2025,2/28/2025,0.00300429,,
2025-03-31,Janus Henderson Government Money Market Fund,471023820,ACTXX,3/31/2025,3/31/2025,3/31/2025,0.00307518,,
2025-04-30,Janus Henderson Government Money Market Fund,471023820,ACTXX,4/30/2025,4/30/2025,4/30/2025,0.00318199,,
2025-05-30,Janus Henderson Government Money Market Fund,471023820,ACTXX,5/30/2025,5/30/2025,5/30/2025,0.00338288,,
2025-06-30,Janus Henderson Government Money Market Fund,471023820,ACTXX,6/30/2025,6/30/2025,6/30/2025,0.00307235,,
2025-07-31,Janus Henderson Government Money Market Fund,471023820,ACTXX,7/31/2025,7/31/2025,7/31/2025,0.00329765,,
2025-08-29,Janus Henderson Government Money Market Fund,471023820,ACTXX,8/29/2025,8/29/2025,8/29/2025,0.00340720,,
2025-09-30,Janus Henderson Government Money Market Fund,471023820,ACTXX,9/30/2025,9/30/2025,9/30/2025,0.00303842,,
2025-10-31,Janus Henderson Government Money Market Fund,471023820,ACTXX,10/31/2025,10/31/2025,10/31/2025,0.00332546,,
2025-11-28,Janus Henderson Government Money Market Fund,471023820,ACTXX,11/28/2025,11/28/2025,11/28/2025,0.00271747,,
2025-12-31,Janus Henderson Government Money Market Fund,471023820,ACTXX,12/31/2025,12/31/2025,12/31/2025,0.00294943,,
2021-01-29,Janus Henderson Flexible Bond Fund,47103C720,JADFX,1/29/2021,1/29/2021,1/29/2021,0.01411995,,
2021-02-26,Janus Henderson Flexible Bond Fund,47103C720,JADFX,2/26/2021,2/26/2021,2/26/2021,0.01748203,,
2021-03-31,Janus Henderson Flexible Bond Fund,47103C720,JADFX,3/31/2021,3/31/2021,3/31/2021,0.01684430,,
2021-04-30,Janus Henderson Flexible Bond Fund,47103C720,JADFX,4/30/2021,4/30/2021,4/30/2021,0.01852756,,
2021-05-28,Janus Henderson Flexible Bond Fund,47103C720,JADFX,5/28/2021,5/28/2021,5/28/2021,0.01602639,,
2021-06-30,Janus Henderson Flexible Bond Fund,47103C720,JADFX,6/30/2021,6/30/2021,6/30/2021,0.01613857,,
2021-07-30,Janus Henderson Flexible Bond Fund,47103C720,JADFX,7/30/2021,7/30/2021,7/30/2021,0.01656907,,
2021-08-31,Janus Henderson Flexible Bond Fund,47103C720,JADFX,8/31/2021,8/31/2021,8/31/2021,0.01466254,,
2021-09-30,Janus Henderson Flexible Bond Fund,47103C720,JADFX,9/30/2021,9/30/2021,9/30/2021,0.01460330,,
2021-10-29,Janus Henderson Flexible Bond Fund,47103C720,JADFX,10/29/2021,10/29/2021,10/29/2021,0.01170943,,
2021-11-30,Janus Henderson Flexible Bond Fund,47103C720,JADFX,11/30/2021,11/30/2021,11/30/2021,0.01078697,,
2021-12-31,Janus Henderson Flexible Bond Fund,47103C720,JADFX,12/31/2021,12/31/2021,12/31/2021,0.01242389,,
2022-01-31,Janus Henderson Flexible Bond Fund,47103C720,JADFX,1/31/2022,1/31/2022,1/31/2022,0.01048681,,
2022-02-28,Janus Henderson Flexible Bond Fund,47103C720,JADFX,2/28/2022,2/28/2022,2/28/2022,0.01346195,,
2022-03-31,Janus Henderson Flexible Bond Fund,47103C720,JADFX,3/31/2022,3/31/2022,3/31/2022,0.01358838,,
2022-04-29,Janus Henderson Flexible Bond Fund,47103C720,JADFX,4/29/2022,4/29/2022,4/29/2022,0.01667785,,
2022-05-31,Janus Henderson Flexible Bond Fund,47103C720,JADFX,5/31/2022,5/31/2022,5/31/2022,0.01415781,,
2022-06-30,Janus Henderson Flexible Bond Fund,47103C720,JADFX,6/30/2022,6/30/2022,6/30/2022,0.01707924,,
2022-07-29,Janus Henderson Flexible Bond Fund,47103C720,JADFX,7/29/2022,7/29/2022,7/29/2022,0.01732064,,
2022-08-31,Janus Henderson Flexible Bond Fund,47103C720,JADFX,8/31/2022,8/31/2022,8/31/2022,0.01885898,,
2022-09-30,Janus Henderson Flexible Bond Fund,47103C720,JADFX,9/30/2022,9/30/2022,9/30/2022,0.02169244,,
2022-10-31,Janus Henderson Flexible Bond Fund,47103C720,JADFX,10/31/2022,10/31/2022,10/31/2022,0.02041575,,
2022-11-30,Janus Henderson Flexible Bond Fund,47103C720,JADFX,11/30/2022,11/30/2022,11/30/2022,0.02329634,,
2022-12-30,Janus Henderson Flexible Bond Fund,47103C720,JADFX,12/30/2022,12/30/2022,12/30/2022,0.02728039,,
2023-01-31,Janus Henderson Flexible Bond Fund,47103C720,JADFX,1/31/2023,1/31/2023,1/31/2023,0.02332954,,
2023-02-28,Janus Henderson Flexible Bond Fund,47103C720,JADFX,2/28/2023,2/28/2023,2/28/2023,0.02455349,,
2023-03-31,Janus Henderson Flexible Bond Fund,47103C720,JADFX,3/31/2023,3/31/2023,3/31/2023,0.02807329,,
2023-04-28,Janus Henderson Flexible Bond Fund,47103C720,JADFX,4/28/2023,4/28/2023,4/28/2023,0.02379564,,
2023-05-31,Janus Henderson Flexible Bond Fund,47103C720,JADFX,5/31/2023,5/31/2023,5/31/2023,0.02683100,,
2023-06-30,Janus Henderson Flexible Bond Fund,47103C720,JADFX,6/30/2023,6/30/2023,6/30/2023,0.02927613,,
2023-07-31,Janus Henderson Flexible Bond Fund,47103C720,JADFX,7/31/2023,7/31/2023,7/31/2023,0.02679111,,
2023-08-31,Janus Henderson Flexible Bond Fund,47103C720,JADFX,8/31/2023,8/31/2023,8/31/2023,0.03087441,,
2023-09-29,Janus Henderson Flexible Bond Fund,47103C720,JADFX,9/29/2023,9/29/2023,9/29/2023,0.03197382,,
2023-10-31,Janus Henderson Flexible Bond Fund,47103C720,JADFX,10/31/2023,10/31/2023,10/31/2023,0.03010236,,
2023-11-30,Janus Henderson Flexible Bond Fund,47103C720,JADFX,11/30/2023,11/30/2023,11/30/2023,0.03198791,,
2023-12-29,Janus Henderson Flexible Bond Fund,47103C720,JADFX,12/29/2023,12/29/2023,12/29/2023,0.03353476,,
2024-01-31,Janus Henderson Flexible Bond Fund,47103C720,JADFX,1/31/2024,1/31/2024,1/31/2024,0.03284021,,
2024-02-29,Janus Henderson Flexible Bond Fund,47103C720,JADFX,2/29/2024,2/29/2024,2/29/2024,0.03311914,,
2024-03-28,Janus Henderson Flexible Bond Fund,47103C720,JADFX,3/28/2024,3/28/2024,3/28/2024,0.03379060,,
2024-04-30,Janus Henderson Flexible Bond Fund,47103C720,JADFX,4/30/2024,4/30/2024,4/30/2024,0.03460497,,
2024-05-31,Janus Henderson Flexible Bond Fund,47103C720,JADFX,5/31/2024,5/31/2024,5/31/2024,0.03573272,,
2024-06-28,Janus Henderson Flexible Bond Fund,47103C720,JADFX,6/28/2024,6/28/2024,6/28/2024,0.03351925,,
2024-07-31,Janus Henderson Flexible Bond Fund,47103C720,JADFX,7/31/2024,7/31/2024,7/31/2024,0.03501967,,
2024-08-30,Janus Henderson Flexible Bond Fund,47103C720,JADFX,8/30/2024,8/30/2024,8/30/2024,0.03746130,,
2024-09-30,Janus Henderson Flexible Bond Fund,47103C720,JADFX,9/30/2024,9/30/2024,9/30/2024,0.03295544,,
2024-10-31,Janus Henderson Flexible Bond Fund,47103C720,JADFX,10/31/2024,10/31/2024,10/31/2024,0.03446086,,
2024-11-29,Janus Henderson Flexible Bond Fund,47103C720,JADFX,11/29/2024,11/29/2024,11/29/2024,0.03884196,,
2024-12-31,Janus Henderson Flexible Bond Fund,47103C720,JADFX,12/31/2024,12/31/2024,12/31/2024,0.03525484,,
2025-01-31,Janus Henderson Flexible Bond Fund,47103C720,JADFX,1/31/2025,1/31/2025,1/31/2025,0.03532974,,
2025-02-28,Janus Henderson Flexible Bond Fund,47103C720,JADFX,2/28/2025,2/28/2025,2/28/2025,0.03355631,,
2025-03-31,Janus Henderson Flexible Bond Fund,47103C720,JADFX,3/31/2025,3/31/2025,3/31/2025,0.03302945,,
2025-04-30,Janus Henderson Flexible Bond Fund,47103C720,JADFX,4/30/2025,4/30/2025,4/30/2025,0.03477867,,
2025-05-30,Janus Henderson Flexible Bond Fund,47103C720,JADFX,5/30/2025,5/30/2025,5/30/2025,0.03467952,,
2025-06-30,Janus Henderson Flexible Bond Fund,47103C720,JADFX,6/30/2025,6/30/2025,6/30/2025,0.03390436,,
2025-07-31,Janus Henderson Flexible Bond Fund,47103C720,JADFX,7/31/2025,7/31/2025,7/31/2025,0.03433931,,
2025-08-29,Janus Henderson Flexible Bond Fund,47103C720,JADFX,8/29/2025,8/29/2025,8/29/2025,0.03487832,,
2025-09-30,Janus Henderson Flexible Bond Fund,47103C720,JADFX,9/30/2025,9/30/2025,9/30/2025,0.03324489,,
2025-10-31,Janus Henderson Flexible Bond Fund,47103C720,JADFX,10/31/2025,10/31/2025,10/31/2025,0.03568435,,
2025-11-28,Janus Henderson Flexible Bond Fund,47103C720,JADFX,11/28/2025,11/28/2025,11/28/2025,0.03218925,,
2025-12-31,Janus Henderson Flexible Bond Fund,47103C720,JADFX,12/31/2025,12/31/2025,12/31/2025,0.03423463,,
2021-01-29,Janus Henderson Flexible Bond Fund,471023606,JAFIX,1/29/2021,1/29/2021,1/29/2021,0.01641582,,
2021-02-26,Janus Henderson Flexible Bond Fund,471023606,JAFIX,2/26/2021,2/26/2021,2/26/2021,0.01977443,,
2021-03-31,Janus Henderson Flexible Bond Fund,471023606,JAFIX,3/31/2021,3/31/2021,3/31/2021,0.01949880,,
2021-04-30,Janus Henderson Flexible Bond Fund,471023606,JAFIX,4/30/2021,4/30/2021,4/30/2021,0.02106113,,
2021-05-28,Janus Henderson Flexible Bond Fund,471023606,JAFIX,5/28/2021,5/28/2021,5/28/2021,0.01836120,,
2021-06-30,Janus Henderson Flexible Bond Fund,471023606,JAFIX,6/30/2021,6/30/2021,6/30/2021,0.01872663,,
2021-07-30,Janus Henderson Flexible Bond Fund,471023606,JAFIX,7/30/2021,7/30/2021,7/30/2021,0.01918053,,
2021-08-31,Janus Henderson Flexible Bond Fund,471023606,JAFIX,8/31/2021,8/31/2021,8/31/2021,0.01711498,,
2021-09-30,Janus Henderson Flexible Bond Fund,471023606,JAFIX,9/30/2021,9/30/2021,9/30/2021,0.01705408,,
2021-10-29,Janus Henderson Flexible Bond Fund,471023606,JAFIX,10/29/2021,10/29/2021,10/29/2021,0.01421889,,
2021-11-30,Janus Henderson Flexible Bond Fund,471023606,JAFIX,11/30/2021,11/30/2021,11/30/2021,0.01354250,,
2021-12-31,Janus Henderson Flexible Bond Fund,471023606,JAFIX,12/31/2021,12/31/2021,12/31/2021,0.01510932,,
2022-01-31,Janus Henderson Flexible Bond Fund,471023606,JAFIX,1/31/2022,1/31/2022,1/31/2022,0.01281334,,
2022-02-28,Janus Henderson Flexible Bond Fund,471023606,JAFIX,2/28/2022,2/28/2022,2/28/2022,0.01579509,,
2022-03-31,Janus Henderson Flexible Bond Fund,471023606,JAFIX,3/31/2022,3/31/2022,3/31/2022,0.01596783,,
2022-04-29,Janus Henderson Flexible Bond Fund,471023606,JAFIX,4/29/2022,4/29/2022,4/29/2022,0.01898055,,
2022-05-31,Janus Henderson Flexible Bond Fund,471023606,JAFIX,5/31/2022,5/31/2022,5/31/2022,0.01634952,,
2022-06-30,Janus Henderson Flexible Bond Fund,471023606,JAFIX,6/30/2022,6/30/2022,6/30/2022,0.01936911,,
2022-07-29,Janus Henderson Flexible Bond Fund,471023606,JAFIX,7/29/2022,7/29/2022,7/29/2022,0.01954416,,
2022-08-31,Janus Henderson Flexible Bond Fund,471023606,JAFIX,8/31/2022,8/31/2022,8/31/2022,0.02113923,,
2022-09-30,Janus Henderson Flexible Bond Fund,471023606,JAFIX,9/30/2022,9/30/2022,9/30/2022,0.02383323,,
2022-10-31,Janus Henderson Flexible Bond Fund,471023606,JAFIX,10/31/2022,10/31/2022,10/31/2022,0.02234317,,
2022-11-30,Janus Henderson Flexible Bond Fund,471023606,JAFIX,11/30/2022,11/30/2022,11/30/2022,0.02529401,,
2022-12-30,Janus Henderson Flexible Bond Fund,471023606,JAFIX,12/30/2022,12/30/2022,12/30/2022,0.02965538,,
2023-01-31,Janus Henderson Flexible Bond Fund,471023606,JAFIX,1/31/2023,1/31/2023,1/31/2023,0.02529846,,
2023-02-28,Janus Henderson Flexible Bond Fund,471023606,JAFIX,2/28/2023,2/28/2023,2/28/2023,0.02652438,,
2023-03-31,Janus Henderson Flexible Bond Fund,471023606,JAFIX,3/31/2023,3/31/2023,3/31/2023,0.03022119,,
2023-04-28,Janus Henderson Flexible Bond Fund,471023606,JAFIX,4/28/2023,4/28/2023,4/28/2023,0.02565724,,
2023-05-31,Janus Henderson Flexible Bond Fund,471023606,JAFIX,5/31/2023,5/31/2023,5/31/2023,0.02838602,,
2023-06-30,Janus Henderson Flexible Bond Fund,471023606,JAFIX,6/30/2023,6/30/2023,6/30/2023,0.03130728,,
2023-07-31,Janus Henderson Flexible Bond Fund,471023606,JAFIX,7/31/2023,7/31/2023,7/31/2023,0.02877939,,
2023-08-31,Janus Henderson Flexible Bond Fund,471023606,JAFIX,8/31/2023,8/31/2023,8/31/2023,0.03308073,,
2023-09-29,Janus Henderson Flexible Bond Fund,471023606,JAFIX,9/29/2023,9/29/2023,9/29/2023,0.03404526,,
2023-10-31,Janus Henderson Flexible Bond Fund,471023606,JAFIX,10/31/2023,10/31/2023,10/31/2023,0.03205492,,
2023-11-30,Janus Henderson Flexible Bond Fund,471023606,JAFIX,11/30/2023,11/30/2023,11/30/2023,0.03399156,,
2023-12-29,Janus Henderson Flexible Bond Fund,471023606,JAFIX,12/29/2023,12/29/2023,12/29/2023,0.03561960,,
2024-01-31,Janus Henderson Flexible Bond Fund,471023606,JAFIX,1/31/2024,1/31/2024,1/31/2024,0.03479218,,
2024-02-29,Janus Henderson Flexible Bond Fund,471023606,JAFIX,2/29/2024,2/29/2024,2/29/2024,0.03508675,,
2024-03-28,Janus Henderson Flexible Bond Fund,471023606,JAFIX,3/28/2024,3/28/2024,3/28/2024,0.03576059,,
2024-04-30,Janus Henderson Flexible Bond Fund,471023606,JAFIX,4/30/2024,4/30/2024,4/30/2024,0.03647758,,
2024-05-31,Janus Henderson Flexible Bond Fund,471023606,JAFIX,5/31/2024,5/31/2024,5/31/2024,0.03795810,,
2024-06-28,Janus Henderson Flexible Bond Fund,471023606,JAFIX,6/28/2024,6/28/2024,6/28/2024,0.03528741,,
2024-07-31,Janus Henderson Flexible Bond Fund,471023606,JAFIX,7/31/2024,7/31/2024,7/31/2024,0.03698525,,
2024-08-30,Janus Henderson Flexible Bond Fund,471023606,JAFIX,8/30/2024,8/30/2024,8/30/2024,0.03977207,,
2024-09-30,Janus Henderson Flexible Bond Fund,471023606,JAFIX,9/30/2024,9/30/2024,9/30/2024,0.03476462,,
2024-10-31,Janus Henderson Flexible Bond Fund,471023606,JAFIX,10/31/2024,10/31/2024,10/31/2024,0.03650843,,
2024-11-29,Janus Henderson Flexible Bond Fund,471023606,JAFIX,11/29/2024,11/29/2024,11/29/2024,0.04094684,,
2024-12-31,Janus Henderson Flexible Bond Fund,471023606,JAFIX,12/31/2024,12/31/2024,12/31/2024,0.03722562,,
2025-01-31,Janus Henderson Flexible Bond Fund,471023606,JAFIX,1/31/2025,1/31/2025,1/31/2025,0.03748179,,
2025-02-28,Janus Henderson Flexible Bond Fund,471023606,JAFIX,2/28/2025,2/28/2025,2/28/2025,0.03532498,,
2025-03-31,Janus Henderson Flexible Bond Fund,471023606,JAFIX,3/31/2025,3/31/2025,3/31/2025,0.03488150,,
2025-04-30,Janus Henderson Flexible Bond Fund,471023606,JAFIX,4/30/2025,4/30/2025,4/30/2025,0.03667921,,
2025-05-30,Janus Henderson Flexible Bond Fund,471023606,JAFIX,5/30/2025,5/30/2025,5/30/2025,0.03684020,,
2025-06-30,Janus Henderson Flexible Bond Fund,471023606,JAFIX,6/30/2025,6/30/2025,6/30/2025,0.03573973,,
2025-07-31,Janus Henderson Flexible Bond Fund,471023606,JAFIX,7/31/2025,7/31/2025,7/31/2025,0.03631152,,
2025-08-29,Janus Henderson Flexible Bond Fund,471023606,JAFIX,8/29/2025,8/29/2025,8/29/2025,0.03709183,,
2025-09-30,Janus Henderson Flexible Bond Fund,471023606,JAFIX,9/30/2025,9/30/2025,9/30/2025,0.03510976,,
2025-10-31,Janus Henderson Flexible Bond Fund,471023606,JAFIX,10/31/2025,10/31/2025,10/31/2025,0.03782021,,
2025-11-28,Janus Henderson Flexible Bond Fund,471023606,JAFIX,11/28/2025,11/28/2025,11/28/2025,0.03415920,,
2025-12-31,Janus Henderson Flexible Bond Fund,471023606,JAFIX,12/31/2025,12/31/2025,12/31/2025,0.03629836,,
2021-01-29,Janus Henderson High-Yield Fund,471023762,JAHYX,1/29/2021,1/29/2021,1/29/2021,0.02985923,,
2021-02-26,Janus Henderson High-Yield Fund,471023762,JAHYX,2/26/2021,2/26/2021,2/26/2021,0.03520041,,
2021-03-31,Janus Henderson High-Yield Fund,471023762,JAHYX,3/31/2021,3/31/2021,3/31/2021,0.03302318,,
2021-04-30,Janus Henderson High-Yield Fund,471023762,JAHYX,4/30/2021,4/30/2021,4/30/2021,0.03550786,,
2021-05-28,Janus Henderson High-Yield Fund,471023762,JAHYX,5/28/2021,5/28/2021,5/28/2021,0.02963523,,
2021-06-30,Janus Henderson High-Yield Fund,471023762,JAHYX,6/30/2021,6/30/2021,6/30/2021,0.03117773,,
2021-07-30,Janus Henderson High-Yield Fund,471023762,JAHYX,7/30/2021,7/30/2021,7/30/2021,0.03274757,,
2021-08-31,Janus Henderson High-Yield Fund,471023762,JAHYX,8/31/2021,8/31/2021,8/31/2021,0.03264745,,
2021-09-30,Janus Henderson High-Yield Fund,471023762,JAHYX,9/30/2021,9/30/2021,9/30/2021,0.03023863,,
2021-10-29,Janus Henderson High-Yield Fund,471023762,JAHYX,10/29/2021,10/29/2021,10/29/2021,0.03239447,,
2021-11-30,Janus Henderson High-Yield Fund,471023762,JAHYX,11/30/2021,11/30/2021,11/30/2021,0.03930831,,
2021-12-31,Janus Henderson High-Yield Fund,471023762,JAHYX,12/31/2021,12/31/2021,12/31/2021,0.03217620,,
2022-01-31,Janus Henderson High-Yield Fund,471023762,JAHYX,1/31/2022,1/31/2022,1/31/2022,0.02725847,,
2022-02-28,Janus Henderson High-Yield Fund,471023762,JAHYX,2/28/2022,2/28/2022,2/28/2022,0.03264991,,
2022-03-31,Janus Henderson High-Yield Fund,471023762,JAHYX,3/31/2022,3/31/2022,3/31/2022,0.03094835,,
2022-04-29,Janus Henderson High-Yield Fund,471023762,JAHYX,4/29/2022,4/29/2022,4/29/2022,0.03118519,,
2022-05-31,Janus Henderson High-Yield Fund,471023762,JAHYX,5/31/2022,5/31/2022,5/31/2022,0.03031291,,
2022-06-30,Janus Henderson High-Yield Fund,471023762,JAHYX,6/30/2022,6/30/2022,6/30/2022,0.03114706,,
2022-07-29,Janus Henderson High-Yield Fund,471023762,JAHYX,7/29/2022,7/29/2022,7/29/2022,0.03190437,,
2022-08-31,Janus Henderson High-Yield Fund,471023762,JAHYX,8/31/2022,8/31/2022,8/31/2022,0.03356360,,
2022-09-30,Janus Henderson High-Yield Fund,471023762,JAHYX,9/30/2022,9/30/2022,9/30/2022,0.03567706,,
2022-10-31,Janus Henderson High-Yield Fund,471023762,JAHYX,10/31/2022,10/31/2022,10/31/2022,0.03128687,,
2022-11-30,Janus Henderson High-Yield Fund,471023762,JAHYX,11/30/2022,11/30/2022,11/30/2022,0.03477153,,
2022-12-30,Janus Henderson High-Yield Fund,471023762,JAHYX,12/30/2022,12/30/2022,12/30/2022,0.03764698,,
2023-01-31,Janus Henderson High-Yield Fund,471023762,JAHYX,1/31/2023,1/31/2023,1/31/2023,0.03341103,,
2023-02-28,Janus Henderson High-Yield Fund,471023762,JAHYX,2/28/2023,2/28/2023,2/28/2023,0.03653208,,
2023-03-31,Janus Henderson High-Yield Fund,471023762,JAHYX,3/31/2023,3/31/2023,3/31/2023,0.03862878,,
2023-04-28,Janus Henderson High-Yield Fund,471023762,JAHYX,4/28/2023,4/28/2023,4/28/2023,0.03389011,,
2023-05-31,Janus Henderson High-Yield Fund,471023762,JAHYX,5/31/2023,5/31/2023,5/31/2023,0.03755695,,
2023-06-30,Janus Henderson High-Yield Fund,471023762,JAHYX,6/30/2023,6/30/2023,6/30/2023,0.03953276,,
2023-07-31,Janus Henderson High-Yield Fund,471023762,JAHYX,7/31/2023,7/31/2023,7/31/2023,0.03430712,,
2023-08-31,Janus Henderson High-Yield Fund,471023762,JAHYX,8/31/2023,8/31/2023,8/31/2023,0.03786560,,
2023-09-29,Janus Henderson High-Yield Fund,471023762,JAHYX,9/29/2023,9/29/2023,9/29/2023,0.03899771,,
2023-10-31,Janus Henderson High-Yield Fund,471023762,JAHYX,10/31/2023,10/31/2023,10/31/2023,0.03726879,,
2023-11-30,Janus Henderson High-Yield Fund,471023762,JAHYX,11/30/2023,11/30/2023,11/30/2023,0.03891083,,
2023-12-29,Janus Henderson High-Yield Fund,471023762,JAHYX,12/29/2023,12/29/2023,12/29/2023,0.03972886,,
2024-01-31,Janus Henderson High-Yield Fund,471023762,JAHYX,1/31/2024,1/31/2024,1/31/2024,0.03727152,,
2024-02-29,Janus Henderson High-Yield Fund,471023762,JAHYX,2/29/2024,2/29/2024,2/29/2024,0.03903520,,
2024-03-28,Janus Henderson High-Yield Fund,471023762,JAHYX,3/28/2024,3/28/2024,3/28/2024,0.03819199,,
2024-04-30,Janus Henderson High-Yield Fund,471023762,JAHYX,4/30/2024,4/30/2024,4/30/2024,0.03958048,,
2024-05-31,Janus Henderson High-Yield Fund,471023762,JAHYX,5/31/2024,5/31/2024,5/31/2024,0.04307923,,
2024-06-28,Janus Henderson High-Yield Fund,471023762,JAHYX,6/28/2024,6/28/2024,6/28/2024,0.03751146,,
2024-07-31,Janus Henderson High-Yield Fund,471023762,JAHYX,7/31/2024,7/31/2024,7/31/2024,0.03989688,,
2024-08-30,Janus Henderson High-Yield Fund,471023762,JAHYX,8/30/2024,8/30/2024,8/30/2024,0.04453915,,
2024-09-30,Janus Henderson High-Yield Fund,471023762,JAHYX,9/30/2024,9/30/2024,9/30/2024,0.03738481,,
2024-10-31,Janus Henderson High-Yield Fund,471023762,JAHYX,10/31/2024,10/31/2024,10/31/2024,0.04043845,,
2024-11-29,Janus Henderson High-Yield Fund,471023762,JAHYX,11/29/2024,11/29/2024,11/29/2024,0.04779830,,
2024-12-31,Janus Henderson High-Yield Fund,471023762,JAHYX,12/31/2024,12/31/2024,12/31/2024,0.04100434,,
2025-01-31,Janus Henderson High-Yield Fund,471023762,JAHYX,1/31/2025,1/31/2025,1/31/2025,0.04181576,,
2025-02-28,Janus Henderson High-Yield Fund,471023762,JAHYX,2/28/2025,2/28/2025,2/28/2025,0.04202967,,
2025-03-31,Janus Henderson High-Yield Fund,471023762,JAHYX,3/31/2025,3/31/2025,3/31/2025,0.03996819,,
2025-04-30,Janus Henderson High-Yield Fund,471023762,JAHYX,4/30/2025,4/30/2025,4/30/2025,0.04157362,,
2025-05-30,Janus Henderson High-Yield Fund,471023762,JAHYX,5/30/2025,5/30/2025,5/30/2025,0.04210632,,
2025-06-30,Janus Henderson High-Yield Fund,471023762,JAHYX,6/30/2025,6/30/2025,6/30/2025,0.03963243,,
2025-07-31,Janus Henderson High-Yield Fund,471023762,JAHYX,7/31/2025,7/31/2025,7/31/2025,0.04104636,,
2025-08-29,Janus Henderson High-Yield Fund,471023762,JAHYX,8/29/2025,8/29/2025,8/29/2025,0.04222270,,
2025-09-30,Janus Henderson High-Yield Fund,471023762,JAHYX,9/30/2025,9/30/2025,9/30/2025,0.03770941,,
2025-10-31,Janus Henderson High-Yield Fund,471023762,JAHYX,10/31/2025,10/31/2025,10/31/2025,0.04140362,,
2025-11-28,Janus Henderson High-Yield Fund,471023762,JAHYX,11/28/2025,11/28/2025,11/28/2025,0.03655916,,
2025-12-31,Janus Henderson High-Yield Fund,471023762,JAHYX,12/31/2025,12/31/2025,12/31/2025,0.04034821,,
2021-01-29,Janus Henderson Money Market Fund,471023838,JAMXX,1/29/2021,1/29/2021,1/29/2021,0.00000101,,
2021-02-26,Janus Henderson Money Market Fund,471023838,JAMXX,2/26/2021,2/26/2021,2/26/2021,0.00000115,,
2021-03-31,Janus Henderson Money Market Fund,471023838,JAMXX,3/31/2021,3/31/2021,3/31/2021,0.00000126,,
2021-04-30,Janus Henderson Money Market Fund,471023838,JAMXX,4/30/2021,4/30/2021,4/30/2021,0.00000131,,
2021-05-28,Janus Henderson Money Market Fund,471023838,JAMXX,5/28/2021,5/28/2021,5/28/2021,0.00000119,,
2021-06-30,Janus Henderson Money Market Fund,471023838,JAMXX,6/30/2021,6/30/2021,6/30/2021,0.00000122,,
2021-07-30,Janus Henderson Money Market Fund,471023838,JAMXX,7/30/2021,7/30/2021,7/30/2021,0.00000123,,
2021-08-31,Janus Henderson Money Market Fund,471023838,JAMXX,8/31/2021,8/31/2021,8/31/2021,0.00000086,,
2021-09-30,Janus Henderson Money Market Fund,471023838,JAMXX,9/30/2021,9/30/2021,9/30/2021,0.00000086,,
2021-10-29,Janus Henderson Money Market Fund,471023838,JAMXX,10/29/2021,10/29/2021,10/29/2021,0.00000088,,
2021-11-30,Janus Henderson Money Market Fund,471023838,JAMXX,11/30/2021,11/30/2021,11/30/2021,0.00000087,,
2021-12-31,Janus Henderson Money Market Fund,471023838,JAMXX,12/31/2021,12/31/2021,12/31/2021,0.00000094,,
2022-01-31,Janus Henderson Money Market Fund,471023838,JAMXX,1/31/2022,1/31/2022,1/31/2022,0.00000083,,
2022-02-28,Janus Henderson Money Market Fund,471023838,JAMXX,2/28/2022,2/28/2022,2/28/2022,0.00000080,,
2022-03-31,Janus Henderson Money Market Fund,471023838,JAMXX,3/31/2022,3/31/2022,3/31/2022,0.00000089,,
2022-04-29,Janus Henderson Money Market Fund,471023838,JAMXX,4/29/2022,4/29/2022,4/29/2022,0.00000140,,
2022-05-31,Janus Henderson Money Market Fund,471023838,JAMXX,5/31/2022,5/31/2022,5/31/2022,0.00000086,,
2022-06-30,Janus Henderson Money Market Fund,471023838,JAMXX,6/30/2022,6/30/2022,6/30/2022,0.00000086,,
2022-07-29,Janus Henderson Money Market Fund,471023838,JAMXX,7/29/2022,7/29/2022,7/29/2022,0.00090278,,
2022-08-31,Janus Henderson Money Market Fund,471023838,JAMXX,8/31/2022,8/31/2022,8/31/2022,0.00144704,,
2022-09-30,Janus Henderson Money Market Fund,471023838,JAMXX,9/30/2022,9/30/2022,9/30/2022,0.00176219,,
2022-10-31,Janus Henderson Money Market Fund,471023838,JAMXX,10/31/2022,10/31/2022,10/31/2022,0.00201597,,
2022-11-30,Janus Henderson Money Market Fund,471023838,JAMXX,11/30/2022,11/30/2022,11/30/2022,0.00259816,,
2022-12-30,Janus Henderson Money Market Fund,471023838,JAMXX,12/30/2022,12/30/2022,12/30/2022,0.00320762,,
2023-01-31,Janus Henderson Money Market Fund,471023838,JAMXX,1/31/2023,1/31/2023,1/31/2023,0.00305045,,
2023-02-28,Janus Henderson Money Market Fund,471023838,JAMXX,2/28/2023,2/28/2023,2/28/2023,0.00304084,,
2023-03-31,Janus Henderson Money Market Fund,471023838,JAMXX,3/31/2023,3/31/2023,3/31/2023,0.00372219,,
2023-04-28,Janus Henderson Money Market Fund,471023838,JAMXX,4/28/2023,4/28/2023,4/28/2023,0.00332211,,
2023-05-31,Janus Henderson Money Market Fund,471023838,JAMXX,5/31/2023,5/31/2023,5/31/2023,0.00378726,,
2023-06-30,Janus Henderson Money Market Fund,471023838,JAMXX,6/30/2023,6/30/2023,6/30/2023,0.00400458,,
2023-07-31,Janus Henderson Money Market Fund,471023838,JAMXX,7/31/2023,7/31/2023,7/31/2023,0.00372292,,
2023-08-31,Janus Henderson Money Market Fund,471023838,JAMXX,8/31/2023,8/31/2023,8/31/2023,0.00404423,,
2023-09-29,Janus Henderson Money Market Fund,471023838,JAMXX,9/29/2023,9/29/2023,9/29/2023,0.00410960,,
2023-10-31,Janus Henderson Money Market Fund,471023838,JAMXX,10/31/2023,10/31/2023,10/31/2023,0.00399452,,
2023-11-30,Janus Henderson Money Market Fund,471023838,JAMXX,11/30/2023,11/30/2023,11/30/2023,0.00399201,,
2023-12-29,Janus Henderson Money Market Fund,471023838,JAMXX,12/29/2023,12/29/2023,12/29/2023,0.00428299,,
2024-01-31,Janus Henderson Money Market Fund,471023838,JAMXX,1/31/2024,1/31/2024,1/31/2024,0.00401044,,
2024-02-29,Janus Henderson Money Market Fund,471023838,JAMXX,2/29/2024,2/29/2024,2/29/2024,0.00382921,,
2024-03-28,Janus Henderson Money Market Fund,471023838,JAMXX,3/28/2024,3/28/2024,3/28/2024,0.00411039,,
2024-04-30,Janus Henderson Money Market Fund,471023838,JAMXX,4/30/2024,4/30/2024,4/30/2024,0.00395921,,
2024-05-31,Janus Henderson Money Market Fund,471023838,JAMXX,5/31/2024,5/31/2024,5/31/2024,0.00435715,,
2024-06-28,Janus Henderson Money Market Fund,471023838,JAMXX,6/28/2024,6/28/2024,6/28/2024,0.00371880,,
2024-07-31,Janus Henderson Money Market Fund,471023838,JAMXX,7/31/2024,7/31/2024,7/31/2024,0.00407738,,
2024-08-30,Janus Henderson Money Market Fund,471023838,JAMXX,8/30/2024,8/30/2024,8/30/2024,0.00434334,,
2024-09-30,Janus Henderson Money Market Fund,471023838,JAMXX,9/30/2024,9/30/2024,9/30/2024,0.00358169,,
2024-10-31,Janus Henderson Money Market Fund,471023838,JAMXX,10/31/2024,10/31/2024,10/31/2024,0.00373341,,
2024-11-29,Janus Henderson Money Market Fund,471023838,JAMXX,11/29/2024,11/29/2024,11/29/2024,0.00365799,,
2024-12-31,Janus Henderson Money Market Fund,471023838,JAMXX,12/31/2024,12/31/2024,12/31/2024,0.00352441,,
2025-01-31,Janus Henderson Money Market Fund,471023838,JAMXX,1/31/2025,1/31/2025,1/31/2025,0.00351446,,
2025-02-28,Janus Henderson Money Market Fund,471023838,JAMXX,2/28/2025,2/28/2025,2/28/2025,0.00304481,,
2025-03-31,Janus Henderson Money Market Fund,471023838,JAMXX,3/31/2025,3/31/2025,3/31/2025,0.00310816,,
2025-04-30,Janus Henderson Money Market Fund,471023838,JAMXX,4/30/2025,4/30/2025,4/30/2025,0.00320603,,
2025-05-30,Janus Henderson Money Market Fund,471023838,JAMXX,5/30/2025,5/30/2025,5/30/2025,0.00342299,,
2025-06-30,Janus Henderson Money Market Fund,471023838,JAMXX,6/30/2025,6/30/2025,6/30/2025,0.00312306,,
2025-07-31,Janus Henderson Money Market Fund,471023838,JAMXX,7/31/2025,7/31/2025,7/31/2025,0.00331075,,
2025-08-29,Janus Henderson Money Market Fund,471023838,JAMXX,8/29/2025,8/29/2025,8/29/2025,0.00342879,,
2025-09-30,Janus Henderson Money Market Fund,471023838,JAMXX,9/30/2025,9/30/2025,9/30/2025,0.00305663,,
2025-10-31,Janus Henderson Money Market Fund,471023838,JAMXX,10/31/2025,10/31/2025,10/31/2025,0.00335622,,
2025-11-28,Janus Henderson Money Market Fund,471023838,JAMXX,11/28/2025,11/28/2025,11/28/2025,0.00275036,,
2025-12-31,Janus Henderson Money Market Fund,471023838,JAMXX,12/31/2025,12/31/2025,12/31/2025,0.00300869,,
2021-01-29,Janus Henderson Flexible Bond Fund,47103E502,JANFX,1/29/2021,1/29/2021,1/29/2021,0.01733955,,
2021-02-26,Janus Henderson Flexible Bond Fund,47103E502,JANFX,2/26/2021,2/26/2021,2/26/2021,0.02069988,,
2021-03-31,Janus Henderson Flexible Bond Fund,47103E502,JANFX,3/31/2021,3/31/2021,3/31/2021,0.02019894,,
2021-04-30,Janus Henderson Flexible Bond Fund,47103E502,JANFX,4/30/2021,4/30/2021,4/30/2021,0.02205778,,
2021-05-28,Janus Henderson Flexible Bond Fund,47103E502,JANFX,5/28/2021,5/28/2021,5/28/2021,0.01925092,,
2021-06-30,Janus Henderson Flexible Bond Fund,47103E502,JANFX,6/30/2021,6/30/2021,6/30/2021,0.01942604,,
2021-07-30,Janus Henderson Flexible Bond Fund,47103E502,JANFX,7/30/2021,7/30/2021,7/30/2021,0.02030628,,
2021-08-31,Janus Henderson Flexible Bond Fund,47103E502,JANFX,8/31/2021,8/31/2021,8/31/2021,0.01816557,,
2021-09-30,Janus Henderson Flexible Bond Fund,47103E502,JANFX,9/30/2021,9/30/2021,9/30/2021,0.01811020,,
2021-10-29,Janus Henderson Flexible Bond Fund,47103E502,JANFX,10/29/2021,10/29/2021,10/29/2021,0.01531636,,
2021-11-30,Janus Henderson Flexible Bond Fund,47103E502,JANFX,11/30/2021,11/30/2021,11/30/2021,0.01416747,,
2021-12-31,Janus Henderson Flexible Bond Fund,47103E502,JANFX,12/31/2021,12/31/2021,12/31/2021,0.01622658,,
2022-01-31,Janus Henderson Flexible Bond Fund,47103E502,JANFX,1/31/2022,1/31/2022,1/31/2022,0.01377140,,
2022-02-28,Janus Henderson Flexible Bond Fund,47103E502,JANFX,2/28/2022,2/28/2022,2/28/2022,0.01643849,,
2022-03-31,Janus Henderson Flexible Bond Fund,47103E502,JANFX,3/31/2022,3/31/2022,3/31/2022,0.01689236,,
2022-04-29,Janus Henderson Flexible Bond Fund,47103E502,JANFX,4/29/2022,4/29/2022,4/29/2022,0.02040134,,
2022-05-31,Janus Henderson Flexible Bond Fund,47103E502,JANFX,5/31/2022,5/31/2022,5/31/2022,0.01715855,,
2022-06-30,Janus Henderson Flexible Bond Fund,47103E502,JANFX,6/30/2022,6/30/2022,6/30/2022,0.01997489,,
2022-07-29,Janus Henderson Flexible Bond Fund,47103E502,JANFX,7/29/2022,7/29/2022,7/29/2022,0.02049610,,
2022-08-31,Janus Henderson Flexible Bond Fund,47103E502,JANFX,8/31/2022,8/31/2022,8/31/2022,0.02199556,,
2022-09-30,Janus Henderson Flexible Bond Fund,47103E502,JANFX,9/30/2022,9/30/2022,9/30/2022,0.02487490,,
2022-10-31,Janus Henderson Flexible Bond Fund,47103E502,JANFX,10/31/2022,10/31/2022,10/31/2022,0.02308507,,
2022-11-30,Janus Henderson Flexible Bond Fund,47103E502,JANFX,11/30/2022,11/30/2022,11/30/2022,0.02631365,,
2022-12-30,Janus Henderson Flexible Bond Fund,47103E502,JANFX,12/30/2022,12/30/2022,12/30/2022,0.03055936,,
2023-01-31,Janus Henderson Flexible Bond Fund,47103E502,JANFX,1/31/2023,1/31/2023,1/31/2023,0.02600382,,
2023-02-28,Janus Henderson Flexible Bond Fund,47103E502,JANFX,2/28/2023,2/28/2023,2/28/2023,0.02705961,,
2023-03-31,Janus Henderson Flexible Bond Fund,47103E502,JANFX,3/31/2023,3/31/2023,3/31/2023,0.03144389,,
2023-04-28,Janus Henderson Flexible Bond Fund,47103E502,JANFX,4/28/2023,4/28/2023,4/28/2023,0.02637745,,
2023-05-31,Janus Henderson Flexible Bond Fund,47103E502,JANFX,5/31/2023,5/31/2023,5/31/2023,0.02960323,,
2023-06-30,Janus Henderson Flexible Bond Fund,47103E502,JANFX,6/30/2023,6/30/2023,6/30/2023,0.03233468,,
2023-07-31,Janus Henderson Flexible Bond Fund,47103E502,JANFX,7/31/2023,7/31/2023,7/31/2023,0.02958439,,
2023-08-31,Janus Henderson Flexible Bond Fund,47103E502,JANFX,8/31/2023,8/31/2023,8/31/2023,0.03384486,,
2023-09-29,Janus Henderson Flexible Bond Fund,47103E502,JANFX,9/29/2023,9/29/2023,9/29/2023,0.03499842,,
2023-10-31,Janus Henderson Flexible Bond Fund,47103E502,JANFX,10/31/2023,10/31/2023,10/31/2023,0.03276731,,
2023-11-30,Janus Henderson Flexible Bond Fund,47103E502,JANFX,11/30/2023,11/30/2023,11/30/2023,0.03457082,,
2023-12-29,Janus Henderson Flexible Bond Fund,47103E502,JANFX,12/29/2023,12/29/2023,12/29/2023,0.03689957,,
2024-01-31,Janus Henderson Flexible Bond Fund,47103E502,JANFX,1/31/2024,1/31/2024,1/31/2024,0.03565030,,
2024-02-29,Janus Henderson Flexible Bond Fund,47103E502,JANFX,2/29/2024,2/29/2024,2/29/2024,0.03582337,,
2024-03-28,Janus Henderson Flexible Bond Fund,47103E502,JANFX,3/28/2024,3/28/2024,3/28/2024,0.03712870,,
2024-04-30,Janus Henderson Flexible Bond Fund,47103E502,JANFX,4/30/2024,4/30/2024,4/30/2024,0.03736207,,
2024-05-31,Janus Henderson Flexible Bond Fund,47103E502,JANFX,5/31/2024,5/31/2024,5/31/2024,0.03876045,,
2024-06-28,Janus Henderson Flexible Bond Fund,47103E502,JANFX,6/28/2024,6/28/2024,6/28/2024,0.03660213,,
2024-07-31,Janus Henderson Flexible Bond Fund,47103E502,JANFX,7/31/2024,7/31/2024,7/31/2024,0.03809042,,
2024-08-30,Janus Henderson Flexible Bond Fund,47103E502,JANFX,8/30/2024,8/30/2024,8/30/2024,0.04076649,,
2024-09-30,Janus Henderson Flexible Bond Fund,47103E502,JANFX,9/30/2024,9/30/2024,9/30/2024,0.03582333,,
2024-10-31,Janus Henderson Flexible Bond Fund,47103E502,JANFX,10/31/2024,10/31/2024,10/31/2024,0.03758386,,
2024-11-29,Janus Henderson Flexible Bond Fund,47103E502,JANFX,11/29/2024,11/29/2024,11/29/2024,0.04174848,,
2024-12-31,Janus Henderson Flexible Bond Fund,47103E502,JANFX,12/31/2024,12/31/2024,12/31/2024,0.03821925,,
2025-01-31,Janus Henderson Flexible Bond Fund,47103E502,JANFX,1/31/2025,1/31/2025,1/31/2025,0.03828786,,
2025-02-28,Janus Henderson Flexible Bond Fund,47103E502,JANFX,2/28/2025,2/28/2025,2/28/2025,0.03621960,,
2025-03-31,Janus Henderson Flexible Bond Fund,47103E502,JANFX,3/31/2025,3/31/2025,3/31/2025,0.03579407,,
2025-04-30,Janus Henderson Flexible Bond Fund,47103E502,JANFX,4/30/2025,4/30/2025,4/30/2025,0.03759824,,
2025-05-30,Janus Henderson Flexible Bond Fund,47103E502,JANFX,5/30/2025,5/30/2025,5/30/2025,0.03767937,,
2025-06-30,Janus Henderson Flexible Bond Fund,47103E502,JANFX,6/30/2025,6/30/2025,6/30/2025,0.03667079,,
2025-07-31,Janus Henderson Flexible Bond Fund,47103E502,JANFX,7/31/2025,7/31/2025,7/31/2025,0.03732614,,
2025-08-29,Janus Henderson Flexible Bond Fund,47103E502,JANFX,8/29/2025,8/29/2025,8/29/2025,0.03794541,,
2025-09-30,Janus Henderson Flexible Bond Fund,47103E502,JANFX,9/30/2025,9/30/2025,9/30/2025,0.03606787,,
2025-10-31,Janus Henderson Flexible Bond Fund,47103E502,JANFX,10/31/2025,10/31/2025,10/31/2025,0.03892584,,
2025-11-28,Janus Henderson Flexible Bond Fund,47103E502,JANFX,11/28/2025,11/28/2025,11/28/2025,0.03490862,,
2025-12-31,Janus Henderson Flexible Bond Fund,47103E502,JANFX,12/31/2025,12/31/2025,12/31/2025,0.03736428,,
2021-01-29,Janus Henderson Short Duration Flexible Bond Fund,471023887,JASBX,1/29/2021,1/29/2021,1/29/2021,0.00374677,,
2021-02-26,Janus Henderson Short Duration Flexible Bond Fund,471023887,JASBX,2/26/2021,2/26/2021,2/26/2021,0.00402003,,
2021-03-31,Janus Henderson Short Duration Flexible Bond Fund,471023887,JASBX,3/31/2021,3/31/2021,3/31/2021,0.00545318,,
2021-04-30,Janus Henderson Short Duration Flexible Bond Fund,471023887,JASBX,4/30/2021,4/30/2021,4/30/2021,0.00460567,,
2021-05-28,Janus Henderson Short Duration Flexible Bond Fund,471023887,JASBX,5/28/2021,5/28/2021,5/28/2021,0.00330776,,
2021-06-30,Janus Henderson Short Duration Flexible Bond Fund,471023887,JASBX,6/30/2021,6/30/2021,6/30/2021,0.00359356,,
2021-07-30,Janus Henderson Short Duration Flexible Bond Fund,471023887,JASBX,7/30/2021,7/30/2021,7/30/2021,0.00367559,,
2021-08-31,Janus Henderson Short Duration Flexible Bond Fund,471023887,JASBX,8/31/2021,8/31/2021,8/31/2021,0.00324993,,
2021-09-30,Janus Henderson Short Duration Flexible Bond Fund,471023887,JASBX,9/30/2021,9/30/2021,9/30/2021,0.00257444,,
2021-10-29,Janus Henderson Short Duration Flexible Bond Fund,471023887,JASBX,10/29/2021,10/29/2021,10/29/2021,0.00260760,,
2021-11-30,Janus Henderson Short Duration Flexible Bond Fund,471023887,JASBX,11/30/2021,11/30/2021,11/30/2021,0.00347110,,
2021-12-31,Janus Henderson Short Duration Flexible Bond Fund,471023887,JASBX,12/31/2021,12/31/2021,12/31/2021,0.00288272,,
2022-01-31,Janus Henderson Short Duration Flexible Bond Fund,471023887,JASBX,1/31/2022,1/31/2022,1/31/2022,0.00262723,,
2022-02-28,Janus Henderson Short Duration Flexible Bond Fund,471023887,JASBX,2/28/2022,2/28/2022,2/28/2022,0.00307698,,
2022-03-31,Janus Henderson Short Duration Flexible Bond Fund,471023887,JASBX,3/31/2022,3/31/2022,3/31/2022,0.00310314,,
2022-04-29,Janus Henderson Short Duration Flexible Bond Fund,471023887,JASBX,4/29/2022,4/29/2022,4/29/2022,0.00418140,,
2022-05-31,Janus Henderson Short Duration Flexible Bond Fund,471023887,JASBX,5/31/2022,5/31/2022,5/31/2022,0.00387031,,
2022-06-30,Janus Henderson Short Duration Flexible Bond Fund,471023887,JASBX,6/30/2022,6/30/2022,6/30/2022,0.00429955,,
2022-07-29,Janus Henderson Short Duration Flexible Bond Fund,471023887,JASBX,7/29/2022,7/29/2022,7/29/2022,0.00465672,,
2022-08-31,Janus Henderson Short Duration Flexible Bond Fund,471023887,JASBX,8/31/2022,8/31/2022,8/31/2022,0.00508315,,
2022-09-30,Janus Henderson Short Duration Flexible Bond Fund,471023887,JASBX,9/30/2022,9/30/2022,9/30/2022,0.00561623,,
2022-10-31,Janus Henderson Short Duration Flexible Bond Fund,471023887,JASBX,10/31/2022,10/31/2022,10/31/2022,0.00527830,,
2022-11-30,Janus Henderson Short Duration Flexible Bond Fund,471023887,JASBX,11/30/2022,11/30/2022,11/30/2022,0.00609690,,
2022-12-30,Janus Henderson Short Duration Flexible Bond Fund,471023887,JASBX,12/30/2022,12/30/2022,12/30/2022,0.00737712,,
2023-01-31,Janus Henderson Short Duration Flexible Bond Fund,471023887,JASBX,1/31/2023,1/31/2023,1/31/2023,0.00699838,,
2023-02-28,Janus Henderson Short Duration Flexible Bond Fund,471023887,JASBX,2/28/2023,2/28/2023,2/28/2023,0.00731621,,
2023-03-31,Janus Henderson Short Duration Flexible Bond Fund,471023887,JASBX,3/31/2023,3/31/2023,3/31/2023,0.00823028,,
2023-04-28,Janus Henderson Short Duration Flexible Bond Fund,471023887,JASBX,4/28/2023,4/28/2023,4/28/2023,0.00716106,,
2023-05-31,Janus Henderson Short Duration Flexible Bond Fund,471023887,JASBX,5/31/2023,5/31/2023,5/31/2023,0.00811535,,
2023-06-30,Janus Henderson Short Duration Flexible Bond Fund,471023887,JASBX,6/30/2023,6/30/2023,6/30/2023,0.00913607,,
2023-07-31,Janus Henderson Short Duration Flexible Bond Fund,471023887,JASBX,7/31/2023,7/31/2023,7/31/2023,0.00872712,,
2023-08-31,Janus Henderson Short Duration Flexible Bond Fund,471023887,JASBX,8/31/2023,8/31/2023,8/31/2023,0.01017127,,
2023-09-29,Janus Henderson Short Duration Flexible Bond Fund,471023887,JASBX,9/29/2023,9/29/2023,9/29/2023,0.01019566,,
2023-10-31,Janus Henderson Short Duration Flexible Bond Fund,471023887,JASBX,10/31/2023,10/31/2023,10/31/2023,0.01023566,,
2023-11-30,Janus Henderson Short Duration Flexible Bond Fund,471023887,JASBX,11/30/2023,11/30/2023,11/30/2023,0.01097916,,
2023-12-29,Janus Henderson Short Duration Flexible Bond Fund,471023887,JASBX,12/29/2023,12/29/2023,12/29/2023,0.01136592,,
2024-01-31,Janus Henderson Short Duration Flexible Bond Fund,471023887,JASBX,1/31/2024,1/31/2024,1/31/2024,0.01146641,,
2024-02-29,Janus Henderson Short Duration Flexible Bond Fund,471023887,JASBX,2/29/2024,2/29/2024,2/29/2024,0.01125200,,
2024-03-28,Janus Henderson Short Duration Flexible Bond Fund,471023887,JASBX,3/28/2024,3/28/2024,3/28/2024,0.01147505,,
2024-04-30,Janus Henderson Short Duration Flexible Bond Fund,471023887,JASBX,4/30/2024,4/30/2024,4/30/2024,0.01195160,,
2024-05-31,Janus Henderson Short Duration Flexible Bond Fund,471023887,JASBX,5/31/2024,5/31/2024,5/31/2024,0.01264856,,
2024-06-28,Janus Henderson Short Duration Flexible Bond Fund,471023887,JASBX,6/28/2024,6/28/2024,6/28/2024,0.01136600,,
2024-07-31,Janus Henderson Short Duration Flexible Bond Fund,471023887,JASBX,7/31/2024,7/31/2024,7/31/2024,0.01240170,,
2024-08-30,Janus Henderson Short Duration Flexible Bond Fund,471023887,JASBX,8/30/2024,8/30/2024,8/30/2024,0.01312470,,
2024-09-30,Janus Henderson Short Duration Flexible Bond Fund,471023887,JASBX,9/30/2024,9/30/2024,9/30/2024,0.01130361,,
2024-10-31,Janus Henderson Short Duration Flexible Bond Fund,471023887,JASBX,10/31/2024,10/31/2024,10/31/2024,0.01188787,,
2024-11-29,Janus Henderson Short Duration Flexible Bond Fund,471023887,JASBX,11/29/2024,11/29/2024,11/29/2024,0.01362347,,
2024-12-31,Janus Henderson Short Duration Flexible Bond Fund,471023887,JASBX,12/31/2024,12/31/2024,12/31/2024,0.01162886,,
2025-01-31,Janus Henderson Short Duration Flexible Bond Fund,471023887,JASBX,1/31/2025,1/31/2025,1/31/2025,0.01182162,,
2025-02-28,Janus Henderson Short Duration Flexible Bond Fund,471023887,JASBX,2/28/2025,2/28/2025,2/28/2025,0.01079213,,
2025-03-31,Janus Henderson Short Duration Flexible Bond Fund,471023887,JASBX,3/31/2025,3/31/2025,3/31/2025,0.01047103,,
2025-04-30,Janus Henderson Short Duration Flexible Bond Fund,471023887,JASBX,4/30/2025,4/30/2025,4/30/2025,0.01112624,,
2025-05-30,Janus Henderson Short Duration Flexible Bond Fund,471023887,JASBX,5/30/2025,5/30/2025,5/30/2025,0.01152178,,
2025-06-30,Janus Henderson Short Duration Flexible Bond Fund,471023887,JASBX,6/30/2025,6/30/2025,6/30/2025,0.01065157,,
2025-07-31,Janus Henderson Short Duration Flexible Bond Fund,471023887,JASBX,7/31/2025,7/31/2025,7/31/2025,0.01120769,,
2025-08-29,Janus Henderson Short Duration Flexible Bond Fund,471023887,JASBX,8/29/2025,8/29/2025,8/29/2025,0.01142680,,
2025-09-30,Janus Henderson Short Duration Flexible Bond Fund,471023887,JASBX,9/30/2025,9/30/2025,9/30/2025,0.01056912,,
2025-10-31,Janus Henderson Short Duration Flexible Bond Fund,471023887,JASBX,10/31/2025,10/31/2025,10/31/2025,0.01155103,,
2025-11-28,Janus Henderson Short Duration Flexible Bond Fund,471023887,JASBX,11/28/2025,11/28/2025,11/28/2025,0.01004687,,
2025-12-31,Janus Henderson Short Duration Flexible Bond Fund,471023887,JASBX,12/31/2025,12/31/2025,12/31/2025,0.01074727,,
2021-01-29,Janus Henderson Flexible Bond Fund,47103C761,JDFAX,1/29/2021,1/29/2021,1/29/2021,0.01507854,,
2021-02-26,Janus Henderson Flexible Bond Fund,47103C761,JDFAX,2/26/2021,2/26/2021,2/26/2021,0.01691504,,
2021-03-31,Janus Henderson Flexible Bond Fund,47103C761,JDFAX,3/31/2021,3/31/2021,3/31/2021,0.01746819,,
2021-04-30,Janus Henderson Flexible Bond Fund,47103C761,JDFAX,4/30/2021,4/30/2021,4/30/2021,0.01919861,,
2021-05-28,Janus Henderson Flexible Bond Fund,47103C761,JDFAX,5/28/2021,5/28/2021,5/28/2021,0.01688954,,
2021-06-30,Janus Henderson Flexible Bond Fund,47103C761,JDFAX,6/30/2021,6/30/2021,6/30/2021,0.01717389,,
2021-07-30,Janus Henderson Flexible Bond Fund,47103C761,JDFAX,7/30/2021,7/30/2021,7/30/2021,0.01757913,,
2021-08-31,Janus Henderson Flexible Bond Fund,47103C761,JDFAX,8/31/2021,8/31/2021,8/31/2021,0.01560508,,
2021-09-30,Janus Henderson Flexible Bond Fund,47103C761,JDFAX,9/30/2021,9/30/2021,9/30/2021,0.01552834,,
2021-10-29,Janus Henderson Flexible Bond Fund,47103C761,JDFAX,10/29/2021,10/29/2021,10/29/2021,0.01267871,,
2021-11-30,Janus Henderson Flexible Bond Fund,47103C761,JDFAX,11/30/2021,11/30/2021,11/30/2021,0.01229829,,
2021-12-31,Janus Henderson Flexible Bond Fund,47103C761,JDFAX,12/31/2021,12/31/2021,12/31/2021,0.01525229,,
2022-01-31,Janus Henderson Flexible Bond Fund,47103C761,JDFAX,1/31/2022,1/31/2022,1/31/2022,0.01202865,,
2022-02-28,Janus Henderson Flexible Bond Fund,47103C761,JDFAX,2/28/2022,2/28/2022,2/28/2022,0.01555013,,
2022-03-31,Janus Henderson Flexible Bond Fund,47103C761,JDFAX,3/31/2022,3/31/2022,3/31/2022,0.01511153,,
2022-04-29,Janus Henderson Flexible Bond Fund,47103C761,JDFAX,4/29/2022,4/29/2022,4/29/2022,0.01940420,,
2022-05-31,Janus Henderson Flexible Bond Fund,47103C761,JDFAX,5/31/2022,5/31/2022,5/31/2022,0.01613897,,
2022-06-30,Janus Henderson Flexible Bond Fund,47103C761,JDFAX,6/30/2022,6/30/2022,6/30/2022,0.01930252,,
2022-07-29,Janus Henderson Flexible Bond Fund,47103C761,JDFAX,7/29/2022,7/29/2022,7/29/2022,0.01850051,,
2022-08-31,Janus Henderson Flexible Bond Fund,47103C761,JDFAX,8/31/2022,8/31/2022,8/31/2022,0.02102788,,
2022-09-30,Janus Henderson Flexible Bond Fund,47103C761,JDFAX,9/30/2022,9/30/2022,9/30/2022,0.02365138,,
2022-10-31,Janus Henderson Flexible Bond Fund,47103C761,JDFAX,10/31/2022,10/31/2022,10/31/2022,0.02224339,,
2022-11-30,Janus Henderson Flexible Bond Fund,47103C761,JDFAX,11/30/2022,11/30/2022,11/30/2022,0.02536228,,
2022-12-30,Janus Henderson Flexible Bond Fund,47103C761,JDFAX,12/30/2022,12/30/2022,12/30/2022,0.02970950,,
2023-01-31,Janus Henderson Flexible Bond Fund,47103C761,JDFAX,1/31/2023,1/31/2023,1/31/2023,0.02446840,,
2023-02-28,Janus Henderson Flexible Bond Fund,47103C761,JDFAX,2/28/2023,2/28/2023,2/28/2023,0.02666376,,
2023-03-31,Janus Henderson Flexible Bond Fund,47103C761,JDFAX,3/31/2023,3/31/2023,3/31/2023,0.02991833,,
2023-04-28,Janus Henderson Flexible Bond Fund,47103C761,JDFAX,4/28/2023,4/28/2023,4/28/2023,0.02530484,,
2023-05-31,Janus Henderson Flexible Bond Fund,47103C761,JDFAX,5/31/2023,5/31/2023,5/31/2023,0.02823827,,
2023-06-30,Janus Henderson Flexible Bond Fund,47103C761,JDFAX,6/30/2023,6/30/2023,6/30/2023,0.03237325,,
2023-07-31,Janus Henderson Flexible Bond Fund,47103C761,JDFAX,7/31/2023,7/31/2023,7/31/2023,0.02798178,,
2023-08-31,Janus Henderson Flexible Bond Fund,47103C761,JDFAX,8/31/2023,8/31/2023,8/31/2023,0.03299921,,
2023-09-29,Janus Henderson Flexible Bond Fund,47103C761,JDFAX,9/29/2023,9/29/2023,9/29/2023,0.03357089,,
2023-10-31,Janus Henderson Flexible Bond Fund,47103C761,JDFAX,10/31/2023,10/31/2023,10/31/2023,0.03203815,,
2023-11-30,Janus Henderson Flexible Bond Fund,47103C761,JDFAX,11/30/2023,11/30/2023,11/30/2023,0.03343189,,
2023-12-29,Janus Henderson Flexible Bond Fund,47103C761,JDFAX,12/29/2023,12/29/2023,12/29/2023,0.03630760,,
2024-01-31,Janus Henderson Flexible Bond Fund,47103C761,JDFAX,1/31/2024,1/31/2024,1/31/2024,0.03421953,,
2024-02-29,Janus Henderson Flexible Bond Fund,47103C761,JDFAX,2/29/2024,2/29/2024,2/29/2024,0.03466311,,
2024-03-28,Janus Henderson Flexible Bond Fund,47103C761,JDFAX,3/28/2024,3/28/2024,3/28/2024,0.03546990,,
2024-04-30,Janus Henderson Flexible Bond Fund,47103C761,JDFAX,4/30/2024,4/30/2024,4/30/2024,0.03651331,,
2024-05-31,Janus Henderson Flexible Bond Fund,47103C761,JDFAX,5/31/2024,5/31/2024,5/31/2024,0.03836535,,
2024-06-28,Janus Henderson Flexible Bond Fund,47103C761,JDFAX,6/28/2024,6/28/2024,6/28/2024,0.03589629,,
2024-07-31,Janus Henderson Flexible Bond Fund,47103C761,JDFAX,7/31/2024,7/31/2024,7/31/2024,0.03697738,,
2024-08-30,Janus Henderson Flexible Bond Fund,47103C761,JDFAX,8/30/2024,8/30/2024,8/30/2024,0.03952080,,
2024-09-30,Janus Henderson Flexible Bond Fund,47103C761,JDFAX,9/30/2024,9/30/2024,9/30/2024,0.03475602,,
2024-10-31,Janus Henderson Flexible Bond Fund,47103C761,JDFAX,10/31/2024,10/31/2024,10/31/2024,0.03641149,,
2024-11-29,Janus Henderson Flexible Bond Fund,47103C761,JDFAX,11/29/2024,11/29/2024,11/29/2024,0.03950512,,
2024-12-31,Janus Henderson Flexible Bond Fund,47103C761,JDFAX,12/31/2024,12/31/2024,12/31/2024,0.03564570,,
2025-01-31,Janus Henderson Flexible Bond Fund,47103C761,JDFAX,1/31/2025,1/31/2025,1/31/2025,0.03574709,,
2025-02-28,Janus Henderson Flexible Bond Fund,47103C761,JDFAX,2/28/2025,2/28/2025,2/28/2025,0.03389807,,
2025-03-31,Janus Henderson Flexible Bond Fund,47103C761,JDFAX,3/31/2025,3/31/2025,3/31/2025,0.03356156,,
2025-04-30,Janus Henderson Flexible Bond Fund,47103C761,JDFAX,4/30/2025,4/30/2025,4/30/2025,0.03545991,,
2025-05-30,Janus Henderson Flexible Bond Fund,47103C761,JDFAX,5/30/2025,5/30/2025,5/30/2025,0.03519843,,
2025-06-30,Janus Henderson Flexible Bond Fund,47103C761,JDFAX,6/30/2025,6/30/2025,6/30/2025,0.03448872,,
2025-07-31,Janus Henderson Flexible Bond Fund,47103C761,JDFAX,7/31/2025,7/31/2025,7/31/2025,0.03496516,,
2025-08-29,Janus Henderson Flexible Bond Fund,47103C761,JDFAX,8/29/2025,8/29/2025,8/29/2025,0.03535269,,
2025-09-30,Janus Henderson Flexible Bond Fund,47103C761,JDFAX,9/30/2025,9/30/2025,9/30/2025,0.03387035,,
2025-10-31,Janus Henderson Flexible Bond Fund,47103C761,JDFAX,10/31/2025,10/31/2025,10/31/2025,0.03655126,,
2025-11-28,Janus Henderson Flexible Bond Fund,47103C761,JDFAX,11/28/2025,11/28/2025,11/28/2025,0.03271817,,
2025-12-31,Janus Henderson Flexible Bond Fund,47103C761,JDFAX,12/31/2025,12/31/2025,12/31/2025,0.03501711,,
2021-01-29,Janus Henderson Flexible Bond Fund,47103D504,JDFNX,1/29/2021,1/29/2021,1/29/2021,0.01856126,,
2021-02-26,Janus Henderson Flexible Bond Fund,47103D504,JDFNX,2/26/2021,2/26/2021,2/26/2021,0.02190169,,
2021-03-31,Janus Henderson Flexible Bond Fund,47103D504,JDFNX,3/31/2021,3/31/2021,3/31/2021,0.02154405,,
2021-04-30,Janus Henderson Flexible Bond Fund,47103D504,JDFNX,4/30/2021,4/30/2021,4/30/2021,0.02345273,,
2021-05-28,Janus Henderson Flexible Bond Fund,47103D504,JDFNX,5/28/2021,5/28/2021,5/28/2021,0.02053076,,
2021-06-30,Janus Henderson Flexible Bond Fund,47103D504,JDFNX,6/30/2021,6/30/2021,6/30/2021,0.02076758,,
2021-07-30,Janus Henderson Flexible Bond Fund,47103D504,JDFNX,7/30/2021,7/30/2021,7/30/2021,0.02162847,,
2021-08-31,Janus Henderson Flexible Bond Fund,47103D504,JDFNX,8/31/2021,8/31/2021,8/31/2021,0.01939115,,
2021-09-30,Janus Henderson Flexible Bond Fund,47103D504,JDFNX,9/30/2021,9/30/2021,9/30/2021,0.01932952,,
2021-10-29,Janus Henderson Flexible Bond Fund,47103D504,JDFNX,10/29/2021,10/29/2021,10/29/2021,0.01653976,,
2021-11-30,Janus Henderson Flexible Bond Fund,47103D504,JDFNX,11/30/2021,11/30/2021,11/30/2021,0.01533161,,
2021-12-31,Janus Henderson Flexible Bond Fund,47103D504,JDFNX,12/31/2021,12/31/2021,12/31/2021,0.01757999,,
2022-01-31,Janus Henderson Flexible Bond Fund,47103D504,JDFNX,1/31/2022,1/31/2022,1/31/2022,0.01495282,,
2022-02-28,Janus Henderson Flexible Bond Fund,47103D504,JDFNX,2/28/2022,2/28/2022,2/28/2022,0.01761072,,
2022-03-31,Janus Henderson Flexible Bond Fund,47103D504,JDFNX,3/31/2022,3/31/2022,3/31/2022,0.01815892,,
2022-04-29,Janus Henderson Flexible Bond Fund,47103D504,JDFNX,4/29/2022,4/29/2022,4/29/2022,0.02109970,,
2022-05-31,Janus Henderson Flexible Bond Fund,47103D504,JDFNX,5/31/2022,5/31/2022,5/31/2022,0.01835859,,
2022-06-30,Janus Henderson Flexible Bond Fund,47103D504,JDFNX,6/30/2022,6/30/2022,6/30/2022,0.02117408,,
2022-07-29,Janus Henderson Flexible Bond Fund,47103D504,JDFNX,7/29/2022,7/29/2022,7/29/2022,0.02161640,,
2022-08-31,Janus Henderson Flexible Bond Fund,47103D504,JDFNX,8/31/2022,8/31/2022,8/31/2022,0.02302292,,
2022-09-30,Janus Henderson Flexible Bond Fund,47103D504,JDFNX,9/30/2022,9/30/2022,9/30/2022,0.02588137,,
2022-10-31,Janus Henderson Flexible Bond Fund,47103D504,JDFNX,10/31/2022,10/31/2022,10/31/2022,0.02412252,,
2022-11-30,Janus Henderson Flexible Bond Fund,47103D504,JDFNX,11/30/2022,11/30/2022,11/30/2022,0.02714540,,
2022-12-30,Janus Henderson Flexible Bond Fund,47103D504,JDFNX,12/30/2022,12/30/2022,12/30/2022,0.03154345,,
2023-01-31,Janus Henderson Flexible Bond Fund,47103D504,JDFNX,1/31/2023,1/31/2023,1/31/2023,0.02708642,,
2023-02-28,Janus Henderson Flexible Bond Fund,47103D504,JDFNX,2/28/2023,2/28/2023,2/28/2023,0.02808724,,
2023-03-31,Janus Henderson Flexible Bond Fund,47103D504,JDFNX,3/31/2023,3/31/2023,3/31/2023,0.03223684,,
2023-04-28,Janus Henderson Flexible Bond Fund,47103D504,JDFNX,4/28/2023,4/28/2023,4/28/2023,0.02738768,,
2023-05-31,Janus Henderson Flexible Bond Fund,47103D504,JDFNX,5/31/2023,5/31/2023,5/31/2023,0.03010212,,
2023-06-30,Janus Henderson Flexible Bond Fund,47103D504,JDFNX,6/30/2023,6/30/2023,6/30/2023,0.03325261,,
2023-07-31,Janus Henderson Flexible Bond Fund,47103D504,JDFNX,7/31/2023,7/31/2023,7/31/2023,0.03059986,,
2023-08-31,Janus Henderson Flexible Bond Fund,47103D504,JDFNX,8/31/2023,8/31/2023,8/31/2023,0.03481638,,
2023-09-29,Janus Henderson Flexible Bond Fund,47103D504,JDFNX,9/29/2023,9/29/2023,9/29/2023,0.03591843,,
2023-10-31,Janus Henderson Flexible Bond Fund,47103D504,JDFNX,10/31/2023,10/31/2023,10/31/2023,0.03380819,,
2023-11-30,Janus Henderson Flexible Bond Fund,47103D504,JDFNX,11/30/2023,11/30/2023,11/30/2023,0.03562300,,
2023-12-29,Janus Henderson Flexible Bond Fund,47103D504,JDFNX,12/29/2023,12/29/2023,12/29/2023,0.03762289,,
2024-01-31,Janus Henderson Flexible Bond Fund,47103D504,JDFNX,1/31/2024,1/31/2024,1/31/2024,0.03666986,,
2024-02-29,Janus Henderson Flexible Bond Fund,47103D504,JDFNX,2/29/2024,2/29/2024,2/29/2024,0.03671722,,
2024-03-28,Janus Henderson Flexible Bond Fund,47103D504,JDFNX,3/28/2024,3/28/2024,3/28/2024,0.03768777,,
2024-04-30,Janus Henderson Flexible Bond Fund,47103D504,JDFNX,4/30/2024,4/30/2024,4/30/2024,0.03829594,,
2024-05-31,Janus Henderson Flexible Bond Fund,47103D504,JDFNX,5/31/2024,5/31/2024,5/31/2024,0.03977956,,
2024-06-28,Janus Henderson Flexible Bond Fund,47103D504,JDFNX,6/28/2024,6/28/2024,6/28/2024,0.03701963,,
2024-07-31,Janus Henderson Flexible Bond Fund,47103D504,JDFNX,7/31/2024,7/31/2024,7/31/2024,0.03893737,,
2024-08-30,Janus Henderson Flexible Bond Fund,47103D504,JDFNX,8/30/2024,8/30/2024,8/30/2024,0.04171891,,
2024-09-30,Janus Henderson Flexible Bond Fund,47103D504,JDFNX,9/30/2024,9/30/2024,9/30/2024,0.03657084,,
2024-10-31,Janus Henderson Flexible Bond Fund,47103D504,JDFNX,10/31/2024,10/31/2024,10/31/2024,0.03846910,,
2024-11-29,Janus Henderson Flexible Bond Fund,47103D504,JDFNX,11/29/2024,11/29/2024,11/29/2024,0.04268366,,
2024-12-31,Janus Henderson Flexible Bond Fund,47103D504,JDFNX,12/31/2024,12/31/2024,12/31/2024,0.03914076,,
2025-01-31,Janus Henderson Flexible Bond Fund,47103D504,JDFNX,1/31/2025,1/31/2025,1/31/2025,0.03924602,,
2025-02-28,Janus Henderson Flexible Bond Fund,47103D504,JDFNX,2/28/2025,2/28/2025,2/28/2025,0.03706361,,
2025-03-31,Janus Henderson Flexible Bond Fund,47103D504,JDFNX,3/31/2025,3/31/2025,3/31/2025,0.03668393,,
2025-04-30,Janus Henderson Flexible Bond Fund,47103D504,JDFNX,4/30/2025,4/30/2025,4/30/2025,0.03851995,,
2025-05-30,Janus Henderson Flexible Bond Fund,47103D504,JDFNX,5/30/2025,5/30/2025,5/30/2025,0.03863417,,
2025-06-30,Janus Henderson Flexible Bond Fund,47103D504,JDFNX,6/30/2025,6/30/2025,6/30/2025,0.03755309,,
2025-07-31,Janus Henderson Flexible Bond Fund,47103D504,JDFNX,7/31/2025,7/31/2025,7/31/2025,0.03826337,,
2025-08-29,Janus Henderson Flexible Bond Fund,47103D504,JDFNX,8/29/2025,8/29/2025,8/29/2025,0.03888305,,
2025-09-30,Janus Henderson Flexible Bond Fund,47103D504,JDFNX,9/30/2025,9/30/2025,9/30/2025,0.03693944,,
2025-10-31,Janus Henderson Flexible Bond Fund,47103D504,JDFNX,10/31/2025,10/31/2025,10/31/2025,0.03991192,,
2025-11-28,Janus Henderson Flexible Bond Fund,47103D504,JDFNX,11/28/2025,11/28/2025,11/28/2025,0.03574704,,
2025-12-31,Janus Henderson Flexible Bond Fund,47103D504,JDFNX,12/31/2025,12/31/2025,12/31/2025,0.03830819,,
2021-01-29,Janus Henderson Flexible Bond Fund,47103C738,JDFRX,1/29/2021,1/29/2021,1/29/2021,0.01197234,,
2021-02-26,Janus Henderson Flexible Bond Fund,47103C738,JDFRX,2/26/2021,2/26/2021,2/26/2021,0.01535945,,
2021-03-31,Janus Henderson Flexible Bond Fund,47103C738,JDFRX,3/31/2021,3/31/2021,3/31/2021,0.01515384,,
2021-04-30,Janus Henderson Flexible Bond Fund,47103C738,JDFRX,4/30/2021,4/30/2021,4/30/2021,0.01647216,,
2021-05-28,Janus Henderson Flexible Bond Fund,47103C738,JDFRX,5/28/2021,5/28/2021,5/28/2021,0.01345964,,
2021-06-30,Janus Henderson Flexible Bond Fund,47103C738,JDFRX,6/30/2021,6/30/2021,6/30/2021,0.01406699,,
2021-07-30,Janus Henderson Flexible Bond Fund,47103C738,JDFRX,7/30/2021,7/30/2021,7/30/2021,0.01414431,,
2021-08-31,Janus Henderson Flexible Bond Fund,47103C738,JDFRX,8/31/2021,8/31/2021,8/31/2021,0.01239133,,
2021-09-30,Janus Henderson Flexible Bond Fund,47103C738,JDFRX,9/30/2021,9/30/2021,9/30/2021,0.01233619,,
2021-10-29,Janus Henderson Flexible Bond Fund,47103C738,JDFRX,10/29/2021,10/29/2021,10/29/2021,0.00939564,,
2021-11-30,Janus Henderson Flexible Bond Fund,47103C738,JDFRX,11/30/2021,11/30/2021,11/30/2021,0.00892906,,
2021-12-31,Janus Henderson Flexible Bond Fund,47103C738,JDFRX,12/31/2021,12/31/2021,12/31/2021,0.00996600,,
2022-01-31,Janus Henderson Flexible Bond Fund,47103C738,JDFRX,1/31/2022,1/31/2022,1/31/2022,0.00836853,,
2022-02-28,Janus Henderson Flexible Bond Fund,47103C738,JDFRX,2/28/2022,2/28/2022,2/28/2022,0.01155776,,
2022-03-31,Janus Henderson Flexible Bond Fund,47103C738,JDFRX,3/31/2022,3/31/2022,3/31/2022,0.01140437,,
2022-04-29,Janus Henderson Flexible Bond Fund,47103C738,JDFRX,4/29/2022,4/29/2022,4/29/2022,0.01457641,,
2022-05-31,Janus Henderson Flexible Bond Fund,47103C738,JDFRX,5/31/2022,5/31/2022,5/31/2022,0.01214844,,
2022-06-30,Janus Henderson Flexible Bond Fund,47103C738,JDFRX,6/30/2022,6/30/2022,6/30/2022,0.01527857,,
2022-07-29,Janus Henderson Flexible Bond Fund,47103C738,JDFRX,7/29/2022,7/29/2022,7/29/2022,0.01523832,,
2022-08-31,Janus Henderson Flexible Bond Fund,47103C738,JDFRX,8/31/2022,8/31/2022,8/31/2022,0.01682997,,
2022-09-30,Janus Henderson Flexible Bond Fund,47103C738,JDFRX,9/30/2022,9/30/2022,9/30/2022,0.01959750,,
2022-10-31,Janus Henderson Flexible Bond Fund,47103C738,JDFRX,10/31/2022,10/31/2022,10/31/2022,0.01859121,,
2022-11-30,Janus Henderson Flexible Bond Fund,47103C738,JDFRX,11/30/2022,11/30/2022,11/30/2022,0.02139237,,
2022-12-30,Janus Henderson Flexible Bond Fund,47103C738,JDFRX,12/30/2022,12/30/2022,12/30/2022,0.02522902,,
2023-01-31,Janus Henderson Flexible Bond Fund,47103C738,JDFRX,1/31/2023,1/31/2023,1/31/2023,0.02149585,,
2023-02-28,Janus Henderson Flexible Bond Fund,47103C738,JDFRX,2/28/2023,2/28/2023,2/28/2023,0.02286417,,
2023-03-31,Janus Henderson Flexible Bond Fund,47103C738,JDFRX,3/31/2023,3/31/2023,3/31/2023,0.02601865,,
2023-04-28,Janus Henderson Flexible Bond Fund,47103C738,JDFRX,4/28/2023,4/28/2023,4/28/2023,0.02202917,,
2023-05-31,Janus Henderson Flexible Bond Fund,47103C738,JDFRX,5/31/2023,5/31/2023,5/31/2023,0.02495335,,
2023-06-30,Janus Henderson Flexible Bond Fund,47103C738,JDFRX,6/30/2023,6/30/2023,6/30/2023,0.02729391,,
2023-07-31,Janus Henderson Flexible Bond Fund,47103C738,JDFRX,7/31/2023,7/31/2023,7/31/2023,0.02497989,,
2023-08-31,Janus Henderson Flexible Bond Fund,47103C738,JDFRX,8/31/2023,8/31/2023,8/31/2023,0.02905326,,
2023-09-29,Janus Henderson Flexible Bond Fund,47103C738,JDFRX,9/29/2023,9/29/2023,9/29/2023,0.03008227,,
2023-10-31,Janus Henderson Flexible Bond Fund,47103C738,JDFRX,10/31/2023,10/31/2023,10/31/2023,0.02832633,,
2023-11-30,Janus Henderson Flexible Bond Fund,47103C738,JDFRX,11/30/2023,11/30/2023,11/30/2023,0.03013453,,
2023-12-29,Janus Henderson Flexible Bond Fund,47103C738,JDFRX,12/29/2023,12/29/2023,12/29/2023,0.03146268,,
2024-01-31,Janus Henderson Flexible Bond Fund,47103C738,JDFRX,1/31/2024,1/31/2024,1/31/2024,0.03091016,,
2024-02-29,Janus Henderson Flexible Bond Fund,47103C738,JDFRX,2/29/2024,2/29/2024,2/29/2024,0.03135460,,
2024-03-28,Janus Henderson Flexible Bond Fund,47103C738,JDFRX,3/28/2024,3/28/2024,3/28/2024,0.03182206,,
2024-04-30,Janus Henderson Flexible Bond Fund,47103C738,JDFRX,4/30/2024,4/30/2024,4/30/2024,0.03273367,,
2024-05-31,Janus Henderson Flexible Bond Fund,47103C738,JDFRX,5/31/2024,5/31/2024,5/31/2024,0.03363819,,
2024-06-28,Janus Henderson Flexible Bond Fund,47103C738,JDFRX,6/28/2024,6/28/2024,6/28/2024,0.03174765,,
2024-07-31,Janus Henderson Flexible Bond Fund,47103C738,JDFRX,7/31/2024,7/31/2024,7/31/2024,0.03305050,,
2024-08-30,Janus Henderson Flexible Bond Fund,47103C738,JDFRX,8/30/2024,8/30/2024,8/30/2024,0.03562307,,
2024-09-30,Janus Henderson Flexible Bond Fund,47103C738,JDFRX,9/30/2024,9/30/2024,9/30/2024,0.03111581,,
2024-10-31,Janus Henderson Flexible Bond Fund,47103C738,JDFRX,10/31/2024,10/31/2024,10/31/2024,0.03246279,,
2024-11-29,Janus Henderson Flexible Bond Fund,47103C738,JDFRX,11/29/2024,11/29/2024,11/29/2024,0.03699017,,
2024-12-31,Janus Henderson Flexible Bond Fund,47103C738,JDFRX,12/31/2024,12/31/2024,12/31/2024,0.03327966,,
2025-01-31,Janus Henderson Flexible Bond Fund,47103C738,JDFRX,1/31/2025,1/31/2025,1/31/2025,0.03346460,,
2025-02-28,Janus Henderson Flexible Bond Fund,47103C738,JDFRX,2/28/2025,2/28/2025,2/28/2025,0.03178130,,
2025-03-31,Janus Henderson Flexible Bond Fund,47103C738,JDFRX,3/31/2025,3/31/2025,3/31/2025,0.03117312,,
2025-04-30,Janus Henderson Flexible Bond Fund,47103C738,JDFRX,4/30/2025,4/30/2025,4/30/2025,0.03287243,,
2025-05-30,Janus Henderson Flexible Bond Fund,47103C738,JDFRX,5/30/2025,5/30/2025,5/30/2025,0.03277394,,
2025-06-30,Janus Henderson Flexible Bond Fund,47103C738,JDFRX,6/30/2025,6/30/2025,6/30/2025,0.03206462,,
2025-07-31,Janus Henderson Flexible Bond Fund,47103C738,JDFRX,7/31/2025,7/31/2025,7/31/2025,0.03236570,,
2025-08-29,Janus Henderson Flexible Bond Fund,47103C738,JDFRX,8/29/2025,8/29/2025,8/29/2025,0.03301482,,
2025-09-30,Janus Henderson Flexible Bond Fund,47103C738,JDFRX,9/30/2025,9/30/2025,9/30/2025,0.03136982,,
2025-10-31,Janus Henderson Flexible Bond Fund,47103C738,JDFRX,10/31/2025,10/31/2025,10/31/2025,0.03354442,,
2025-11-28,Janus Henderson Flexible Bond Fund,47103C738,JDFRX,11/28/2025,11/28/2025,11/28/2025,0.03058143,,
2025-12-31,Janus Henderson Flexible Bond Fund,47103C738,JDFRX,12/31/2025,12/31/2025,12/31/2025,0.03217127,,
2021-01-29,Janus Henderson High-Yield Fund,47103C589,JDHCX,1/29/2021,1/29/2021,1/29/2021,0.02420614,,
2021-02-26,Janus Henderson High-Yield Fund,47103C589,JDHCX,2/26/2021,2/26/2021,2/26/2021,0.02939087,,
2021-03-31,Janus Henderson High-Yield Fund,47103C589,JDHCX,3/31/2021,3/31/2021,3/31/2021,0.02723596,,
2021-04-30,Janus Henderson High-Yield Fund,47103C589,JDHCX,4/30/2021,4/30/2021,4/30/2021,0.02951513,,
2021-05-28,Janus Henderson High-Yield Fund,47103C589,JDHCX,5/28/2021,5/28/2021,5/28/2021,0.02411580,,
2021-06-30,Janus Henderson High-Yield Fund,47103C589,JDHCX,6/30/2021,6/30/2021,6/30/2021,0.02698781,,
2021-07-30,Janus Henderson High-Yield Fund,47103C589,JDHCX,7/30/2021,7/30/2021,7/30/2021,0.02645580,,
2021-08-31,Janus Henderson High-Yield Fund,47103C589,JDHCX,8/31/2021,8/31/2021,8/31/2021,0.02676974,,
2021-09-30,Janus Henderson High-Yield Fund,47103C589,JDHCX,9/30/2021,9/30/2021,9/30/2021,0.02439293,,
2021-10-29,Janus Henderson High-Yield Fund,47103C589,JDHCX,10/29/2021,10/29/2021,10/29/2021,0.02622502,,
2021-11-30,Janus Henderson High-Yield Fund,47103C589,JDHCX,11/30/2021,11/30/2021,11/30/2021,0.03308846,,
2021-12-31,Janus Henderson High-Yield Fund,47103C589,JDHCX,12/31/2021,12/31/2021,12/31/2021,0.02580014,,
2022-01-31,Janus Henderson High-Yield Fund,47103C589,JDHCX,1/31/2022,1/31/2022,1/31/2022,0.02158002,,
2022-02-28,Janus Henderson High-Yield Fund,47103C589,JDHCX,2/28/2022,2/28/2022,2/28/2022,0.02807701,,
2022-03-31,Janus Henderson High-Yield Fund,47103C589,JDHCX,3/31/2022,3/31/2022,3/31/2022,0.02524541,,
2022-04-29,Janus Henderson High-Yield Fund,47103C589,JDHCX,4/29/2022,4/29/2022,4/29/2022,0.02569497,,
2022-05-31,Janus Henderson High-Yield Fund,47103C589,JDHCX,5/31/2022,5/31/2022,5/31/2022,0.02548176,,
2022-06-30,Janus Henderson High-Yield Fund,47103C589,JDHCX,6/30/2022,6/30/2022,6/30/2022,0.02653131,,
2022-07-29,Janus Henderson High-Yield Fund,47103C589,JDHCX,7/29/2022,7/29/2022,7/29/2022,0.02692549,,
2022-08-31,Janus Henderson High-Yield Fund,47103C589,JDHCX,8/31/2022,8/31/2022,8/31/2022,0.02902642,,
2022-09-30,Janus Henderson High-Yield Fund,47103C589,JDHCX,9/30/2022,9/30/2022,9/30/2022,0.03059120,,
2022-10-31,Janus Henderson High-Yield Fund,47103C589,JDHCX,10/31/2022,10/31/2022,10/31/2022,0.02686779,,
2022-11-30,Janus Henderson High-Yield Fund,47103C589,JDHCX,11/30/2022,11/30/2022,11/30/2022,0.03013721,,
2022-12-30,Janus Henderson High-Yield Fund,47103C589,JDHCX,12/30/2022,12/30/2022,12/30/2022,0.03087813,,
2023-01-31,Janus Henderson High-Yield Fund,47103C589,JDHCX,1/31/2023,1/31/2023,1/31/2023,0.02881366,,
2023-02-28,Janus Henderson High-Yield Fund,47103C589,JDHCX,2/28/2023,2/28/2023,2/28/2023,0.03170834,,
2023-03-31,Janus Henderson High-Yield Fund,47103C589,JDHCX,3/31/2023,3/31/2023,3/31/2023,0.03345506,,
2023-04-28,Janus Henderson High-Yield Fund,47103C589,JDHCX,4/28/2023,4/28/2023,4/28/2023,0.02950996,,
2023-05-31,Janus Henderson High-Yield Fund,47103C589,JDHCX,5/31/2023,5/31/2023,5/31/2023,0.03363098,,
2023-06-30,Janus Henderson High-Yield Fund,47103C589,JDHCX,6/30/2023,6/30/2023,6/30/2023,0.03448060,,
2023-07-31,Janus Henderson High-Yield Fund,47103C589,JDHCX,7/31/2023,7/31/2023,7/31/2023,0.02969612,,
2023-08-31,Janus Henderson High-Yield Fund,47103C589,JDHCX,8/31/2023,8/31/2023,8/31/2023,0.03390080,,
2023-09-29,Janus Henderson High-Yield Fund,47103C589,JDHCX,9/29/2023,9/29/2023,9/29/2023,0.03416297,,
2023-10-31,Janus Henderson High-Yield Fund,47103C589,JDHCX,10/31/2023,10/31/2023,10/31/2023,0.03274555,,
2023-11-30,Janus Henderson High-Yield Fund,47103C589,JDHCX,11/30/2023,11/30/2023,11/30/2023,0.03905785,,
2023-12-29,Janus Henderson High-Yield Fund,47103C589,JDHCX,12/29/2023,12/29/2023,12/29/2023,0.03469221,,
2024-01-31,Janus Henderson High-Yield Fund,47103C589,JDHCX,1/31/2024,1/31/2024,1/31/2024,0.03246299,,
2024-02-29,Janus Henderson High-Yield Fund,47103C589,JDHCX,2/29/2024,2/29/2024,2/29/2024,0.03463703,,
2024-03-28,Janus Henderson High-Yield Fund,47103C589,JDHCX,3/28/2024,3/28/2024,3/28/2024,0.03309662,,
2024-04-30,Janus Henderson High-Yield Fund,47103C589,JDHCX,4/30/2024,4/30/2024,4/30/2024,0.03472291,,
2024-05-31,Janus Henderson High-Yield Fund,47103C589,JDHCX,5/31/2024,5/31/2024,5/31/2024,0.03799346,,
2024-06-28,Janus Henderson High-Yield Fund,47103C589,JDHCX,6/28/2024,6/28/2024,6/28/2024,0.03301053,,
2024-07-31,Janus Henderson High-Yield Fund,47103C589,JDHCX,7/31/2024,7/31/2024,7/31/2024,0.03487232,,
2024-08-30,Janus Henderson High-Yield Fund,47103C589,JDHCX,8/30/2024,8/30/2024,8/30/2024,0.03952330,,
2024-09-30,Janus Henderson High-Yield Fund,47103C589,JDHCX,9/30/2024,9/30/2024,9/30/2024,0.03275796,,
2024-10-31,Janus Henderson High-Yield Fund,47103C589,JDHCX,10/31/2024,10/31/2024,10/31/2024,0.03536771,,
2024-11-29,Janus Henderson High-Yield Fund,47103C589,JDHCX,11/29/2024,11/29/2024,11/29/2024,0.04323314,,
2024-12-31,Janus Henderson High-Yield Fund,47103C589,JDHCX,12/31/2024,12/31/2024,12/31/2024,0.03593577,,
2025-01-31,Janus Henderson High-Yield Fund,47103C589,JDHCX,1/31/2025,1/31/2025,1/31/2025,0.03699259,,
2025-02-28,Janus Henderson High-Yield Fund,47103C589,JDHCX,2/28/2025,2/28/2025,2/28/2025,0.03741145,,
2025-03-31,Janus Henderson High-Yield Fund,47103C589,JDHCX,3/31/2025,3/31/2025,3/31/2025,0.03520900,,
2025-04-30,Janus Henderson High-Yield Fund,47103C589,JDHCX,4/30/2025,4/30/2025,4/30/2025,0.03685768,,
2025-05-30,Janus Henderson High-Yield Fund,47103C589,JDHCX,5/30/2025,5/30/2025,5/30/2025,0.03774997,,
2025-06-30,Janus Henderson High-Yield Fund,47103C589,JDHCX,6/30/2025,6/30/2025,6/30/2025,0.03488807,,
2025-07-31,Janus Henderson High-Yield Fund,47103C589,JDHCX,7/31/2025,7/31/2025,7/31/2025,0.03595060,,
2025-08-29,Janus Henderson High-Yield Fund,47103C589,JDHCX,8/29/2025,8/29/2025,8/29/2025,0.03760039,,
2025-09-30,Janus Henderson High-Yield Fund,47103C589,JDHCX,9/30/2025,9/30/2025,9/30/2025,0.03305185,,
2025-10-31,Janus Henderson High-Yield Fund,47103C589,JDHCX,10/31/2025,10/31/2025,10/31/2025,0.03603603,,
2025-11-28,Janus Henderson High-Yield Fund,47103C589,JDHCX,11/28/2025,11/28/2025,11/28/2025,0.03176940,,
2025-12-31,Janus Henderson High-Yield Fund,47103C589,JDHCX,12/31/2025,12/31/2025,12/31/2025,0.03516600,,
2021-01-29,Janus Henderson High-Yield Fund,47103C555,JDHYX,1/29/2021,1/29/2021,1/29/2021,0.02811456,,
2021-02-26,Janus Henderson High-Yield Fund,47103C555,JDHYX,2/26/2021,2/26/2021,2/26/2021,0.03344127,,
2021-03-31,Janus Henderson High-Yield Fund,47103C555,JDHYX,3/31/2021,3/31/2021,3/31/2021,0.03098683,,
2021-04-30,Janus Henderson High-Yield Fund,47103C555,JDHYX,4/30/2021,4/30/2021,4/30/2021,0.03358699,,
2021-05-28,Janus Henderson High-Yield Fund,47103C555,JDHYX,5/28/2021,5/28/2021,5/28/2021,0.02789086,,
2021-06-30,Janus Henderson High-Yield Fund,47103C555,JDHYX,6/30/2021,6/30/2021,6/30/2021,0.02926340,,
2021-07-30,Janus Henderson High-Yield Fund,47103C555,JDHYX,7/30/2021,7/30/2021,7/30/2021,0.03078000,,
2021-08-31,Janus Henderson High-Yield Fund,47103C555,JDHYX,8/31/2021,8/31/2021,8/31/2021,0.03081460,,
2021-09-30,Janus Henderson High-Yield Fund,47103C555,JDHYX,9/30/2021,9/30/2021,9/30/2021,0.02839315,,
2021-10-29,Janus Henderson High-Yield Fund,47103C555,JDHYX,10/29/2021,10/29/2021,10/29/2021,0.03046808,,
2021-11-30,Janus Henderson High-Yield Fund,47103C555,JDHYX,11/30/2021,11/30/2021,11/30/2021,0.03714071,,
2021-12-31,Janus Henderson High-Yield Fund,47103C555,JDHYX,12/31/2021,12/31/2021,12/31/2021,0.03020783,,
2022-01-31,Janus Henderson High-Yield Fund,47103C555,JDHYX,1/31/2022,1/31/2022,1/31/2022,0.02543900,,
2022-02-28,Janus Henderson High-Yield Fund,47103C555,JDHYX,2/28/2022,2/28/2022,2/28/2022,0.03079092,,
2022-03-31,Janus Henderson High-Yield Fund,47103C555,JDHYX,3/31/2022,3/31/2022,3/31/2022,0.02915021,,
2022-04-29,Janus Henderson High-Yield Fund,47103C555,JDHYX,4/29/2022,4/29/2022,4/29/2022,0.02960063,,
2022-05-31,Janus Henderson High-Yield Fund,47103C555,JDHYX,5/31/2022,5/31/2022,5/31/2022,0.02890238,,
2022-06-30,Janus Henderson High-Yield Fund,47103C555,JDHYX,6/30/2022,6/30/2022,6/30/2022,0.02966812,,
2022-07-29,Janus Henderson High-Yield Fund,47103C555,JDHYX,7/29/2022,7/29/2022,7/29/2022,0.03041820,,
2022-08-31,Janus Henderson High-Yield Fund,47103C555,JDHYX,8/31/2022,8/31/2022,8/31/2022,0.03187796,,
2022-09-30,Janus Henderson High-Yield Fund,47103C555,JDHYX,9/30/2022,9/30/2022,9/30/2022,0.03410081,,
2022-10-31,Janus Henderson High-Yield Fund,47103C555,JDHYX,10/31/2022,10/31/2022,10/31/2022,0.03003340,,
2022-11-30,Janus Henderson High-Yield Fund,47103C555,JDHYX,11/30/2022,11/30/2022,11/30/2022,0.03339171,,
2022-12-30,Janus Henderson High-Yield Fund,47103C555,JDHYX,12/30/2022,12/30/2022,12/30/2022,0.03585015,,
2023-01-31,Janus Henderson High-Yield Fund,47103C555,JDHYX,1/31/2023,1/31/2023,1/31/2023,0.03202675,,
2023-02-28,Janus Henderson High-Yield Fund,47103C555,JDHYX,2/28/2023,2/28/2023,2/28/2023,0.03498386,,
2023-03-31,Janus Henderson High-Yield Fund,47103C555,JDHYX,3/31/2023,3/31/2023,3/31/2023,0.03709234,,
2023-04-28,Janus Henderson High-Yield Fund,47103C555,JDHYX,4/28/2023,4/28/2023,4/28/2023,0.03256107,,
2023-05-31,Janus Henderson High-Yield Fund,47103C555,JDHYX,5/31/2023,5/31/2023,5/31/2023,0.03594303,,
2023-06-30,Janus Henderson High-Yield Fund,47103C555,JDHYX,6/30/2023,6/30/2023,6/30/2023,0.03802450,,
2023-07-31,Janus Henderson High-Yield Fund,47103C555,JDHYX,7/31/2023,7/31/2023,7/31/2023,0.03278459,,
2023-08-31,Janus Henderson High-Yield Fund,47103C555,JDHYX,8/31/2023,8/31/2023,8/31/2023,0.03631173,,
2023-09-29,Janus Henderson High-Yield Fund,47103C555,JDHYX,9/29/2023,9/29/2023,9/29/2023,0.03757972,,
2023-10-31,Janus Henderson High-Yield Fund,47103C555,JDHYX,10/31/2023,10/31/2023,10/31/2023,0.03595879,,
2023-11-30,Janus Henderson High-Yield Fund,47103C555,JDHYX,11/30/2023,11/30/2023,11/30/2023,0.03730228,,
2023-12-29,Janus Henderson High-Yield Fund,47103C555,JDHYX,12/29/2023,12/29/2023,12/29/2023,0.03819785,,
2024-01-31,Janus Henderson High-Yield Fund,47103C555,JDHYX,1/31/2024,1/31/2024,1/31/2024,0.03582305,,
2024-02-29,Janus Henderson High-Yield Fund,47103C555,JDHYX,2/29/2024,2/29/2024,2/29/2024,0.03733678,,
2024-03-28,Janus Henderson High-Yield Fund,47103C555,JDHYX,3/28/2024,3/28/2024,3/28/2024,0.03669846,,
2024-04-30,Janus Henderson High-Yield Fund,47103C555,JDHYX,4/30/2024,4/30/2024,4/30/2024,0.03814994,,
2024-05-31,Janus Henderson High-Yield Fund,47103C555,JDHYX,5/31/2024,5/31/2024,5/31/2024,0.04140134,,
2024-06-28,Janus Henderson High-Yield Fund,47103C555,JDHYX,6/28/2024,6/28/2024,6/28/2024,0.03615193,,
2024-07-31,Janus Henderson High-Yield Fund,47103C555,JDHYX,7/31/2024,7/31/2024,7/31/2024,0.03837270,,
2024-08-30,Janus Henderson High-Yield Fund,47103C555,JDHYX,8/30/2024,8/30/2024,8/30/2024,0.04285724,,
2024-09-30,Janus Henderson High-Yield Fund,47103C555,JDHYX,9/30/2024,9/30/2024,9/30/2024,0.03598231,,
2024-10-31,Janus Henderson High-Yield Fund,47103C555,JDHYX,10/31/2024,10/31/2024,10/31/2024,0.03888252,,
2024-11-29,Janus Henderson High-Yield Fund,47103C555,JDHYX,11/29/2024,11/29/2024,11/29/2024,0.04653410,,
2024-12-31,Janus Henderson High-Yield Fund,47103C555,JDHYX,12/31/2024,12/31/2024,12/31/2024,0.03945736,,
2025-01-31,Janus Henderson High-Yield Fund,47103C555,JDHYX,1/31/2025,1/31/2025,1/31/2025,0.04020217,,
2025-02-28,Janus Henderson High-Yield Fund,47103C555,JDHYX,2/28/2025,2/28/2025,2/28/2025,0.04064616,,
2025-03-31,Janus Henderson High-Yield Fund,47103C555,JDHYX,3/31/2025,3/31/2025,3/31/2025,0.03853782,,
2025-04-30,Janus Henderson High-Yield Fund,47103C555,JDHYX,4/30/2025,4/30/2025,4/30/2025,0.04014502,,
2025-05-30,Janus Henderson High-Yield Fund,47103C555,JDHYX,5/30/2025,5/30/2025,5/30/2025,0.04059908,,
2025-06-30,Janus Henderson High-Yield Fund,47103C555,JDHYX,6/30/2025,6/30/2025,6/30/2025,0.03819798,,
2025-07-31,Janus Henderson High-Yield Fund,47103C555,JDHYX,7/31/2025,7/31/2025,7/31/2025,0.03949219,,
2025-08-29,Janus Henderson High-Yield Fund,47103C555,JDHYX,8/29/2025,8/29/2025,8/29/2025,0.04062435,,
2025-09-30,Janus Henderson High-Yield Fund,47103C555,JDHYX,9/30/2025,9/30/2025,9/30/2025,0.03623361,,
2025-10-31,Janus Henderson High-Yield Fund,47103C555,JDHYX,10/31/2025,10/31/2025,10/31/2025,0.03972324,,
2025-11-28,Janus Henderson High-Yield Fund,47103C555,JDHYX,11/28/2025,11/28/2025,11/28/2025,0.03515817,,
2025-12-31,Janus Henderson High-Yield Fund,47103C555,JDHYX,12/31/2025,12/31/2025,12/31/2025,0.03872923,,
2021-01-29,Janus Henderson Flexible Bond Fund,47103C753,JFICX,1/29/2021,1/29/2021,1/29/2021,0.00915887,,
2021-02-26,Janus Henderson Flexible Bond Fund,47103C753,JFICX,2/26/2021,2/26/2021,2/26/2021,0.01241307,,
2021-03-31,Janus Henderson Flexible Bond Fund,47103C753,JFICX,3/31/2021,3/31/2021,3/31/2021,0.01334654,,
2021-04-30,Janus Henderson Flexible Bond Fund,47103C753,JFICX,4/30/2021,4/30/2021,4/30/2021,0.01409728,,
2021-05-28,Janus Henderson Flexible Bond Fund,47103C753,JFICX,5/28/2021,5/28/2021,5/28/2021,0.01040515,,
2021-06-30,Janus Henderson Flexible Bond Fund,47103C753,JFICX,6/30/2021,6/30/2021,6/30/2021,0.01280796,,
2021-07-30,Janus Henderson Flexible Bond Fund,47103C753,JFICX,7/30/2021,7/30/2021,7/30/2021,0.01111329,,
2021-08-31,Janus Henderson Flexible Bond Fund,47103C753,JFICX,8/31/2021,8/31/2021,8/31/2021,0.00949590,,
2021-09-30,Janus Henderson Flexible Bond Fund,47103C753,JFICX,9/30/2021,9/30/2021,9/30/2021,0.00948310,,
2021-10-29,Janus Henderson Flexible Bond Fund,47103C753,JFICX,10/29/2021,10/29/2021,10/29/2021,0.00643218,,
2021-11-30,Janus Henderson Flexible Bond Fund,47103C753,JFICX,11/30/2021,11/30/2021,11/30/2021,0.00637242,,
2021-12-31,Janus Henderson Flexible Bond Fund,47103C753,JFICX,12/31/2021,12/31/2021,12/31/2021,0.00746724,,
2022-01-31,Janus Henderson Flexible Bond Fund,47103C753,JFICX,1/31/2022,1/31/2022,1/31/2022,0.00587055,,
2022-02-28,Janus Henderson Flexible Bond Fund,47103C753,JFICX,2/28/2022,2/28/2022,2/28/2022,0.00997463,,
2022-03-31,Janus Henderson Flexible Bond Fund,47103C753,JFICX,3/31/2022,3/31/2022,3/31/2022,0.00899737,,
2022-04-29,Janus Henderson Flexible Bond Fund,47103C753,JFICX,4/29/2022,4/29/2022,4/29/2022,0.01229078,,
2022-05-31,Janus Henderson Flexible Bond Fund,47103C753,JFICX,5/31/2022,5/31/2022,5/31/2022,0.01032090,,
2022-06-30,Janus Henderson Flexible Bond Fund,47103C753,JFICX,6/30/2022,6/30/2022,6/30/2022,0.01404445,,
2022-07-29,Janus Henderson Flexible Bond Fund,47103C753,JFICX,7/29/2022,7/29/2022,7/29/2022,0.01282853,,
2022-08-31,Janus Henderson Flexible Bond Fund,47103C753,JFICX,8/31/2022,8/31/2022,8/31/2022,0.01517495,,
2022-09-30,Janus Henderson Flexible Bond Fund,47103C753,JFICX,9/30/2022,9/30/2022,9/30/2022,0.01731805,,
2022-10-31,Janus Henderson Flexible Bond Fund,47103C753,JFICX,10/31/2022,10/31/2022,10/31/2022,0.01673885,,
2022-11-30,Janus Henderson Flexible Bond Fund,47103C753,JFICX,11/30/2022,11/30/2022,11/30/2022,0.01974321,,
2022-12-30,Janus Henderson Flexible Bond Fund,47103C753,JFICX,12/30/2022,12/30/2022,12/30/2022,0.02375571,,
2023-01-31,Janus Henderson Flexible Bond Fund,47103C753,JFICX,1/31/2023,1/31/2023,1/31/2023,0.01978986,,
2023-02-28,Janus Henderson Flexible Bond Fund,47103C753,JFICX,2/28/2023,2/28/2023,2/28/2023,0.02174334,,
2023-03-31,Janus Henderson Flexible Bond Fund,47103C753,JFICX,3/31/2023,3/31/2023,3/31/2023,0.02332080,,
2023-04-28,Janus Henderson Flexible Bond Fund,47103C753,JFICX,4/28/2023,4/28/2023,4/28/2023,0.02075209,,
2023-05-31,Janus Henderson Flexible Bond Fund,47103C753,JFICX,5/31/2023,5/31/2023,5/31/2023,0.02334693,,
2023-06-30,Janus Henderson Flexible Bond Fund,47103C753,JFICX,6/30/2023,6/30/2023,6/30/2023,0.02531417,,
2023-07-31,Janus Henderson Flexible Bond Fund,47103C753,JFICX,7/31/2023,7/31/2023,7/31/2023,0.02287954,,
2023-08-31,Janus Henderson Flexible Bond Fund,47103C753,JFICX,8/31/2023,8/31/2023,8/31/2023,0.02782801,,
2023-09-29,Janus Henderson Flexible Bond Fund,47103C753,JFICX,9/29/2023,9/29/2023,9/29/2023,0.02798464,,
2023-10-31,Janus Henderson Flexible Bond Fund,47103C753,JFICX,10/31/2023,10/31/2023,10/31/2023,0.02658099,,
2023-11-30,Janus Henderson Flexible Bond Fund,47103C753,JFICX,11/30/2023,11/30/2023,11/30/2023,0.02790838,,
2023-12-29,Janus Henderson Flexible Bond Fund,47103C753,JFICX,12/29/2023,12/29/2023,12/29/2023,0.02976436,,
2024-01-31,Janus Henderson Flexible Bond Fund,47103C753,JFICX,1/31/2024,1/31/2024,1/31/2024,0.02894006,,
2024-02-29,Janus Henderson Flexible Bond Fund,47103C753,JFICX,2/29/2024,2/29/2024,2/29/2024,0.02990874,,
2024-03-28,Janus Henderson Flexible Bond Fund,47103C753,JFICX,3/28/2024,3/28/2024,3/28/2024,0.02975354,,
2024-04-30,Janus Henderson Flexible Bond Fund,47103C753,JFICX,4/30/2024,4/30/2024,4/30/2024,0.03088960,,
2024-05-31,Janus Henderson Flexible Bond Fund,47103C753,JFICX,5/31/2024,5/31/2024,5/31/2024,0.03238447,,
2024-06-28,Janus Henderson Flexible Bond Fund,47103C753,JFICX,6/28/2024,6/28/2024,6/28/2024,0.03021603,,
2024-07-31,Janus Henderson Flexible Bond Fund,47103C753,JFICX,7/31/2024,7/31/2024,7/31/2024,0.03107503,,
2024-08-30,Janus Henderson Flexible Bond Fund,47103C753,JFICX,8/30/2024,8/30/2024,8/30/2024,0.03370024,,
2024-09-30,Janus Henderson Flexible Bond Fund,47103C753,JFICX,9/30/2024,9/30/2024,9/30/2024,0.02923365,,
2024-10-31,Janus Henderson Flexible Bond Fund,47103C753,JFICX,10/31/2024,10/31/2024,10/31/2024,0.03041767,,
2024-11-29,Janus Henderson Flexible Bond Fund,47103C753,JFICX,11/29/2024,11/29/2024,11/29/2024,0.03513057,,
2024-12-31,Janus Henderson Flexible Bond Fund,47103C753,JFICX,12/31/2024,12/31/2024,12/31/2024,0.03061983,,
2025-01-31,Janus Henderson Flexible Bond Fund,47103C753,JFICX,1/31/2025,1/31/2025,1/31/2025,0.03129896,,
2025-02-28,Janus Henderson Flexible Bond Fund,47103C753,JFICX,2/28/2025,2/28/2025,2/28/2025,0.02951227,,
2025-03-31,Janus Henderson Flexible Bond Fund,47103C753,JFICX,3/31/2025,3/31/2025,3/31/2025,0.02881503,,
2025-04-30,Janus Henderson Flexible Bond Fund,47103C753,JFICX,4/30/2025,4/30/2025,4/30/2025,0.03046120,,
2025-05-30,Janus Henderson Flexible Bond Fund,47103C753,JFICX,5/30/2025,5/30/2025,5/30/2025,0.03065465,,
2025-06-30,Janus Henderson Flexible Bond Fund,47103C753,JFICX,6/30/2025,6/30/2025,6/30/2025,0.02977962,,
2025-07-31,Janus Henderson Flexible Bond Fund,47103C753,JFICX,7/31/2025,7/31/2025,7/31/2025,0.02990319,,
2025-08-29,Janus Henderson Flexible Bond Fund,47103C753,JFICX,8/29/2025,8/29/2025,8/29/2025,0.03064206,,
2025-09-30,Janus Henderson Flexible Bond Fund,47103C753,JFICX,9/30/2025,9/30/2025,9/30/2025,0.02898130,,
2025-10-31,Janus Henderson Flexible Bond Fund,47103C753,JFICX,10/31/2025,10/31/2025,10/31/2025,0.03083237,,
2025-11-28,Janus Henderson Flexible Bond Fund,47103C753,JFICX,11/28/2025,11/28/2025,11/28/2025,0.02891688,,
2025-12-31,Janus Henderson Flexible Bond Fund,47103C753,JFICX,12/31/2025,12/31/2025,12/31/2025,0.02964976,,
2021-01-29,Janus Henderson Flexible Bond Fund,47103C746,JFLEX,1/29/2021,1/29/2021,1/29/2021,0.01792090,,
2021-02-26,Janus Henderson Flexible Bond Fund,47103C746,JFLEX,2/26/2021,2/26/2021,2/26/2021,0.02124792,,
2021-03-31,Janus Henderson Flexible Bond Fund,47103C746,JFLEX,3/31/2021,3/31/2021,3/31/2021,0.02086224,,
2021-04-30,Janus Henderson Flexible Bond Fund,47103C746,JFLEX,4/30/2021,4/30/2021,4/30/2021,0.02276267,,
2021-05-28,Janus Henderson Flexible Bond Fund,47103C746,JFLEX,5/28/2021,5/28/2021,5/28/2021,0.02002850,,
2021-06-30,Janus Henderson Flexible Bond Fund,47103C746,JFLEX,6/30/2021,6/30/2021,6/30/2021,0.02014756,,
2021-07-30,Janus Henderson Flexible Bond Fund,47103C746,JFLEX,7/30/2021,7/30/2021,7/30/2021,0.02097130,,
2021-08-31,Janus Henderson Flexible Bond Fund,47103C746,JFLEX,8/31/2021,8/31/2021,8/31/2021,0.01872331,,
2021-09-30,Janus Henderson Flexible Bond Fund,47103C746,JFLEX,9/30/2021,9/30/2021,9/30/2021,0.01868273,,
2021-10-29,Janus Henderson Flexible Bond Fund,47103C746,JFLEX,10/29/2021,10/29/2021,10/29/2021,0.01580398,,
2021-11-30,Janus Henderson Flexible Bond Fund,47103C746,JFLEX,11/30/2021,11/30/2021,11/30/2021,0.01497780,,
2021-12-31,Janus Henderson Flexible Bond Fund,47103C746,JFLEX,12/31/2021,12/31/2021,12/31/2021,0.01751898,,
2022-01-31,Janus Henderson Flexible Bond Fund,47103C746,JFLEX,1/31/2022,1/31/2022,1/31/2022,0.01452339,,
2022-02-28,Janus Henderson Flexible Bond Fund,47103C746,JFLEX,2/28/2022,2/28/2022,2/28/2022,0.01734492,,
2022-03-31,Janus Henderson Flexible Bond Fund,47103C746,JFLEX,3/31/2022,3/31/2022,3/31/2022,0.01783328,,
2022-04-29,Janus Henderson Flexible Bond Fund,47103C746,JFLEX,4/29/2022,4/29/2022,4/29/2022,0.02089512,,
2022-05-31,Janus Henderson Flexible Bond Fund,47103C746,JFLEX,5/31/2022,5/31/2022,5/31/2022,0.01848512,,
2022-06-30,Janus Henderson Flexible Bond Fund,47103C746,JFLEX,6/30/2022,6/30/2022,6/30/2022,0.02129210,,
2022-07-29,Janus Henderson Flexible Bond Fund,47103C746,JFLEX,7/29/2022,7/29/2022,7/29/2022,0.02123504,,
2022-08-31,Janus Henderson Flexible Bond Fund,47103C746,JFLEX,8/31/2022,8/31/2022,8/31/2022,0.02298575,,
2022-09-30,Janus Henderson Flexible Bond Fund,47103C746,JFLEX,9/30/2022,9/30/2022,9/30/2022,0.02565695,,
2022-10-31,Janus Henderson Flexible Bond Fund,47103C746,JFLEX,10/31/2022,10/31/2022,10/31/2022,0.02410486,,
2022-11-30,Janus Henderson Flexible Bond Fund,47103C746,JFLEX,11/30/2022,11/30/2022,11/30/2022,0.02732794,,
2022-12-30,Janus Henderson Flexible Bond Fund,47103C746,JFLEX,12/30/2022,12/30/2022,12/30/2022,0.03136508,,
2023-01-31,Janus Henderson Flexible Bond Fund,47103C746,JFLEX,1/31/2023,1/31/2023,1/31/2023,0.02705262,,
2023-02-28,Janus Henderson Flexible Bond Fund,47103C746,JFLEX,2/28/2023,2/28/2023,2/28/2023,0.02813334,,
2023-03-31,Janus Henderson Flexible Bond Fund,47103C746,JFLEX,3/31/2023,3/31/2023,3/31/2023,0.03157974,,
2023-04-28,Janus Henderson Flexible Bond Fund,47103C746,JFLEX,4/28/2023,4/28/2023,4/28/2023,0.02764548,,
2023-05-31,Janus Henderson Flexible Bond Fund,47103C746,JFLEX,5/31/2023,5/31/2023,5/31/2023,0.03028114,,
2023-06-30,Janus Henderson Flexible Bond Fund,47103C746,JFLEX,6/30/2023,6/30/2023,6/30/2023,0.03339985,,
2023-07-31,Janus Henderson Flexible Bond Fund,47103C746,JFLEX,7/31/2023,7/31/2023,7/31/2023,0.03025089,,
2023-08-31,Janus Henderson Flexible Bond Fund,47103C746,JFLEX,8/31/2023,8/31/2023,8/31/2023,0.03484586,,
2023-09-29,Janus Henderson Flexible Bond Fund,47103C746,JFLEX,9/29/2023,9/29/2023,9/29/2023,0.03563200,,
2023-10-31,Janus Henderson Flexible Bond Fund,47103C746,JFLEX,10/31/2023,10/31/2023,10/31/2023,0.03374994,,
2023-11-30,Janus Henderson Flexible Bond Fund,47103C746,JFLEX,11/30/2023,11/30/2023,11/30/2023,0.03533591,,
2023-12-29,Janus Henderson Flexible Bond Fund,47103C746,JFLEX,12/29/2023,12/29/2023,12/29/2023,0.03795976,,
2024-01-31,Janus Henderson Flexible Bond Fund,47103C746,JFLEX,1/31/2024,1/31/2024,1/31/2024,0.03655699,,
2024-02-29,Janus Henderson Flexible Bond Fund,47103C746,JFLEX,2/29/2024,2/29/2024,2/29/2024,0.03683760,,
2024-03-28,Janus Henderson Flexible Bond Fund,47103C746,JFLEX,3/28/2024,3/28/2024,3/28/2024,0.03780398,,
2024-04-30,Janus Henderson Flexible Bond Fund,47103C746,JFLEX,4/30/2024,4/30/2024,4/30/2024,0.03776630,,
2024-05-31,Janus Henderson Flexible Bond Fund,47103C746,JFLEX,5/31/2024,5/31/2024,5/31/2024,0.04011303,,
2024-06-28,Janus Henderson Flexible Bond Fund,47103C746,JFLEX,6/28/2024,6/28/2024,6/28/2024,0.03741823,,
2024-07-31,Janus Henderson Flexible Bond Fund,47103C746,JFLEX,7/31/2024,7/31/2024,7/31/2024,0.03896374,,
2024-08-30,Janus Henderson Flexible Bond Fund,47103C746,JFLEX,8/30/2024,8/30/2024,8/30/2024,0.04171143,,
2024-09-30,Janus Henderson Flexible Bond Fund,47103C746,JFLEX,9/30/2024,9/30/2024,9/30/2024,0.03663271,,
2024-10-31,Janus Henderson Flexible Bond Fund,47103C746,JFLEX,10/31/2024,10/31/2024,10/31/2024,0.03845325,,
2024-11-29,Janus Henderson Flexible Bond Fund,47103C746,JFLEX,11/29/2024,11/29/2024,11/29/2024,0.04214160,,
2024-12-31,Janus Henderson Flexible Bond Fund,47103C746,JFLEX,12/31/2024,12/31/2024,12/31/2024,0.03843903,,
2025-01-31,Janus Henderson Flexible Bond Fund,47103C746,JFLEX,1/31/2025,1/31/2025,1/31/2025,0.03852617,,
2025-02-28,Janus Henderson Flexible Bond Fund,47103C746,JFLEX,2/28/2025,2/28/2025,2/28/2025,0.03654426,,
2025-03-31,Janus Henderson Flexible Bond Fund,47103C746,JFLEX,3/31/2025,3/31/2025,3/31/2025,0.03606904,,
2025-04-30,Janus Henderson Flexible Bond Fund,47103C746,JFLEX,4/30/2025,4/30/2025,4/30/2025,0.03793848,,
2025-05-30,Janus Henderson Flexible Bond Fund,47103C746,JFLEX,5/30/2025,5/30/2025,5/30/2025,0.03802712,,
2025-06-30,Janus Henderson Flexible Bond Fund,47103C746,JFLEX,6/30/2025,6/30/2025,6/30/2025,0.03693635,,
2025-07-31,Janus Henderson Flexible Bond Fund,47103C746,JFLEX,7/31/2025,7/31/2025,7/31/2025,0.03765289,,
2025-08-29,Janus Henderson Flexible Bond Fund,47103C746,JFLEX,8/29/2025,8/29/2025,8/29/2025,0.03821142,,
2025-09-30,Janus Henderson Flexible Bond Fund,47103C746,JFLEX,9/30/2025,9/30/2025,9/30/2025,0.03641898,,
2025-10-31,Janus Henderson Flexible Bond Fund,47103C746,JFLEX,10/31/2025,10/31/2025,10/31/2025,0.03920929,,
2025-11-28,Janus Henderson Flexible Bond Fund,47103C746,JFLEX,11/28/2025,11/28/2025,11/28/2025,0.03513224,,
2025-12-31,Janus Henderson Flexible Bond Fund,47103C746,JFLEX,12/31/2025,12/31/2025,12/31/2025,0.03775680,,
2021-01-29,Janus Henderson High-Yield Fund,47103C597,JHYAX,1/29/2021,1/29/2021,1/29/2021,0.02916826,,
2021-02-26,Janus Henderson High-Yield Fund,47103C597,JHYAX,2/26/2021,2/26/2021,2/26/2021,0.03448945,,
2021-03-31,Janus Henderson High-Yield Fund,47103C597,JHYAX,3/31/2021,3/31/2021,3/31/2021,0.03211417,,
2021-04-30,Janus Henderson High-Yield Fund,47103C597,JHYAX,4/30/2021,4/30/2021,4/30/2021,0.03472566,,
2021-05-28,Janus Henderson High-Yield Fund,47103C597,JHYAX,5/28/2021,5/28/2021,5/28/2021,0.02900109,,
2021-06-30,Janus Henderson High-Yield Fund,47103C597,JHYAX,6/30/2021,6/30/2021,6/30/2021,0.03035377,,
2021-07-30,Janus Henderson High-Yield Fund,47103C597,JHYAX,7/30/2021,7/30/2021,7/30/2021,0.03202579,,
2021-08-31,Janus Henderson High-Yield Fund,47103C597,JHYAX,8/31/2021,8/31/2021,8/31/2021,0.03193658,,
2021-09-30,Janus Henderson High-Yield Fund,47103C597,JHYAX,9/30/2021,9/30/2021,9/30/2021,0.02956856,,
2021-10-29,Janus Henderson High-Yield Fund,47103C597,JHYAX,10/29/2021,10/29/2021,10/29/2021,0.03161625,,
2021-11-30,Janus Henderson High-Yield Fund,47103C597,JHYAX,11/30/2021,11/30/2021,11/30/2021,0.03811254,,
2021-12-31,Janus Henderson High-Yield Fund,47103C597,JHYAX,12/31/2021,12/31/2021,12/31/2021,0.03130621,,
2022-01-31,Janus Henderson High-Yield Fund,47103C597,JHYAX,1/31/2022,1/31/2022,1/31/2022,0.02649194,,
2022-02-28,Janus Henderson High-Yield Fund,47103C597,JHYAX,2/28/2022,2/28/2022,2/28/2022,0.03173659,,
2022-03-31,Janus Henderson High-Yield Fund,47103C597,JHYAX,3/31/2022,3/31/2022,3/31/2022,0.03014022,,
2022-04-29,Janus Henderson High-Yield Fund,47103C597,JHYAX,4/29/2022,4/29/2022,4/29/2022,0.03034424,,
2022-05-31,Janus Henderson High-Yield Fund,47103C597,JHYAX,5/31/2022,5/31/2022,5/31/2022,0.02961140,,
2022-06-30,Janus Henderson High-Yield Fund,47103C597,JHYAX,6/30/2022,6/30/2022,6/30/2022,0.03022352,,
2022-07-29,Janus Henderson High-Yield Fund,47103C597,JHYAX,7/29/2022,7/29/2022,7/29/2022,0.03122981,,
2022-08-31,Janus Henderson High-Yield Fund,47103C597,JHYAX,8/31/2022,8/31/2022,8/31/2022,0.03267668,,
2022-09-30,Janus Henderson High-Yield Fund,47103C597,JHYAX,9/30/2022,9/30/2022,9/30/2022,0.03495083,,
2022-10-31,Janus Henderson High-Yield Fund,47103C597,JHYAX,10/31/2022,10/31/2022,10/31/2022,0.03077578,,
2022-11-30,Janus Henderson High-Yield Fund,47103C597,JHYAX,11/30/2022,11/30/2022,11/30/2022,0.03423360,,
2022-12-30,Janus Henderson High-Yield Fund,47103C597,JHYAX,12/30/2022,12/30/2022,12/30/2022,0.03664440,,
2023-01-31,Janus Henderson High-Yield Fund,47103C597,JHYAX,1/31/2023,1/31/2023,1/31/2023,0.03258592,,
2023-02-28,Janus Henderson High-Yield Fund,47103C597,JHYAX,2/28/2023,2/28/2023,2/28/2023,0.03543574,,
2023-03-31,Janus Henderson High-Yield Fund,47103C597,JHYAX,3/31/2023,3/31/2023,3/31/2023,0.03784578,,
2023-04-28,Janus Henderson High-Yield Fund,47103C597,JHYAX,4/28/2023,4/28/2023,4/28/2023,0.03394327,,
2023-05-31,Janus Henderson High-Yield Fund,47103C597,JHYAX,5/31/2023,5/31/2023,5/31/2023,0.03683424,,
2023-06-30,Janus Henderson High-Yield Fund,47103C597,JHYAX,6/30/2023,6/30/2023,6/30/2023,0.03893564,,
2023-07-31,Janus Henderson High-Yield Fund,47103C597,JHYAX,7/31/2023,7/31/2023,7/31/2023,0.03380461,,
2023-08-31,Janus Henderson High-Yield Fund,47103C597,JHYAX,8/31/2023,8/31/2023,8/31/2023,0.03712701,,
2023-09-29,Janus Henderson High-Yield Fund,47103C597,JHYAX,9/29/2023,9/29/2023,9/29/2023,0.03854655,,
2023-10-31,Janus Henderson High-Yield Fund,47103C597,JHYAX,10/31/2023,10/31/2023,10/31/2023,0.03689687,,
2023-11-30,Janus Henderson High-Yield Fund,47103C597,JHYAX,11/30/2023,11/30/2023,11/30/2023,0.03816643,,
2023-12-29,Janus Henderson High-Yield Fund,47103C597,JHYAX,12/29/2023,12/29/2023,12/29/2023,0.03933325,,
2024-01-31,Janus Henderson High-Yield Fund,47103C597,JHYAX,1/31/2024,1/31/2024,1/31/2024,0.03691539,,
2024-02-29,Janus Henderson High-Yield Fund,47103C597,JHYAX,2/29/2024,2/29/2024,2/29/2024,0.03835650,,
2024-03-28,Janus Henderson High-Yield Fund,47103C597,JHYAX,3/28/2024,3/28/2024,3/28/2024,0.03785608,,
2024-04-30,Janus Henderson High-Yield Fund,47103C597,JHYAX,4/30/2024,4/30/2024,4/30/2024,0.03927499,,
2024-05-31,Janus Henderson High-Yield Fund,47103C597,JHYAX,5/31/2024,5/31/2024,5/31/2024,0.04254989,,
2024-06-28,Janus Henderson High-Yield Fund,47103C597,JHYAX,6/28/2024,6/28/2024,6/28/2024,0.03719783,,
2024-07-31,Janus Henderson High-Yield Fund,47103C597,JHYAX,7/31/2024,7/31/2024,7/31/2024,0.03956263,,
2024-08-30,Janus Henderson High-Yield Fund,47103C597,JHYAX,8/30/2024,8/30/2024,8/30/2024,0.04398766,,
2024-09-30,Janus Henderson High-Yield Fund,47103C597,JHYAX,9/30/2024,9/30/2024,9/30/2024,0.03705187,,
2024-10-31,Janus Henderson High-Yield Fund,47103C597,JHYAX,10/31/2024,10/31/2024,10/31/2024,0.04010154,,
2024-11-29,Janus Henderson High-Yield Fund,47103C597,JHYAX,11/29/2024,11/29/2024,11/29/2024,0.04726910,,
2024-12-31,Janus Henderson High-Yield Fund,47103C597,JHYAX,12/31/2024,12/31/2024,12/31/2024,0.04057336,,
2025-01-31,Janus Henderson High-Yield Fund,47103C597,JHYAX,1/31/2025,1/31/2025,1/31/2025,0.04123615,,
2025-02-28,Janus Henderson High-Yield Fund,47103C597,JHYAX,2/28/2025,2/28/2025,2/28/2025,0.04170886,,
2025-03-31,Janus Henderson High-Yield Fund,47103C597,JHYAX,3/31/2025,3/31/2025,3/31/2025,0.03963355,,
2025-04-30,Janus Henderson High-Yield Fund,47103C597,JHYAX,4/30/2025,4/30/2025,4/30/2025,0.04122592,,
2025-05-30,Janus Henderson High-Yield Fund,47103C597,JHYAX,5/30/2025,5/30/2025,5/30/2025,0.04158915,,
2025-06-30,Janus Henderson High-Yield Fund,47103C597,JHYAX,6/30/2025,6/30/2025,6/30/2025,0.03933258,,
2025-07-31,Janus Henderson High-Yield Fund,47103C597,JHYAX,7/31/2025,7/31/2025,7/31/2025,0.04075282,,
2025-08-29,Janus Henderson High-Yield Fund,47103C597,JHYAX,8/29/2025,8/29/2025,8/29/2025,0.04168520,,
2025-09-30,Janus Henderson High-Yield Fund,47103C597,JHYAX,9/30/2025,9/30/2025,9/30/2025,0.03738028,,
2025-10-31,Janus Henderson High-Yield Fund,47103C597,JHYAX,10/31/2025,10/31/2025,10/31/2025,0.04101902,,
2025-11-28,Janus Henderson High-Yield Fund,47103C597,JHYAX,11/28/2025,11/28/2025,11/28/2025,0.03604267,,
2025-12-31,Janus Henderson High-Yield Fund,47103C597,JHYAX,12/31/2025,12/31/2025,12/31/2025,0.04000956,,
2021-01-29,Janus Henderson High-Yield Fund,47103C571,JHYFX,1/29/2021,1/29/2021,1/29/2021,0.03118469,,
2021-02-26,Janus Henderson High-Yield Fund,47103C571,JHYFX,2/26/2021,2/26/2021,2/26/2021,0.03612572,,
2021-03-31,Janus Henderson High-Yield Fund,47103C571,JHYFX,3/31/2021,3/31/2021,3/31/2021,0.03385120,,
2021-04-30,Janus Henderson High-Yield Fund,47103C571,JHYFX,4/30/2021,4/30/2021,4/30/2021,0.03663316,,
2021-05-28,Janus Henderson High-Yield Fund,47103C571,JHYFX,5/28/2021,5/28/2021,5/28/2021,0.03081672,,
2021-06-30,Janus Henderson High-Yield Fund,47103C571,JHYFX,6/30/2021,6/30/2021,6/30/2021,0.03213494,,
2021-07-30,Janus Henderson High-Yield Fund,47103C571,JHYFX,7/30/2021,7/30/2021,7/30/2021,0.03403348,,
2021-08-31,Janus Henderson High-Yield Fund,47103C571,JHYFX,8/31/2021,8/31/2021,8/31/2021,0.03371153,,
2021-09-30,Janus Henderson High-Yield Fund,47103C571,JHYFX,9/30/2021,9/30/2021,9/30/2021,0.03142248,,
2021-10-29,Janus Henderson High-Yield Fund,47103C571,JHYFX,10/29/2021,10/29/2021,10/29/2021,0.03345226,,
2021-11-30,Janus Henderson High-Yield Fund,47103C571,JHYFX,11/30/2021,11/30/2021,11/30/2021,0.03983197,,
2021-12-31,Janus Henderson High-Yield Fund,47103C571,JHYFX,12/31/2021,12/31/2021,12/31/2021,0.03328051,,
2022-01-31,Janus Henderson High-Yield Fund,47103C571,JHYFX,1/31/2022,1/31/2022,1/31/2022,0.02820813,,
2022-02-28,Janus Henderson High-Yield Fund,47103C571,JHYFX,2/28/2022,2/28/2022,2/28/2022,0.03328002,,
2022-03-31,Janus Henderson High-Yield Fund,47103C571,JHYFX,3/31/2022,3/31/2022,3/31/2022,0.03199967,,
2022-04-29,Janus Henderson High-Yield Fund,47103C571,JHYFX,4/29/2022,4/29/2022,4/29/2022,0.03210654,,
2022-05-31,Janus Henderson High-Yield Fund,47103C571,JHYFX,5/31/2022,5/31/2022,5/31/2022,0.03135823,,
2022-06-30,Janus Henderson High-Yield Fund,47103C571,JHYFX,6/30/2022,6/30/2022,6/30/2022,0.03166391,,
2022-07-29,Janus Henderson High-Yield Fund,47103C571,JHYFX,7/29/2022,7/29/2022,7/29/2022,0.03275186,,
2022-08-31,Janus Henderson High-Yield Fund,47103C571,JHYFX,8/31/2022,8/31/2022,8/31/2022,0.03449549,,
2022-09-30,Janus Henderson High-Yield Fund,47103C571,JHYFX,9/30/2022,9/30/2022,9/30/2022,0.03665309,,
2022-10-31,Janus Henderson High-Yield Fund,47103C571,JHYFX,10/31/2022,10/31/2022,10/31/2022,0.03158126,,
2022-11-30,Janus Henderson High-Yield Fund,47103C571,JHYFX,11/30/2022,11/30/2022,11/30/2022,0.03569618,,
2022-12-30,Janus Henderson High-Yield Fund,47103C571,JHYFX,12/30/2022,12/30/2022,12/30/2022,0.03845412,,
2023-01-31,Janus Henderson High-Yield Fund,47103C571,JHYFX,1/31/2023,1/31/2023,1/31/2023,0.03428629,,
2023-02-28,Janus Henderson High-Yield Fund,47103C571,JHYFX,2/28/2023,2/28/2023,2/28/2023,0.03703678,,
2023-03-31,Janus Henderson High-Yield Fund,47103C571,JHYFX,3/31/2023,3/31/2023,3/31/2023,0.03951665,,
2023-04-28,Janus Henderson High-Yield Fund,47103C571,JHYFX,4/28/2023,4/28/2023,4/28/2023,0.03477040,,
2023-05-31,Janus Henderson High-Yield Fund,47103C571,JHYFX,5/31/2023,5/31/2023,5/31/2023,0.03807714,,
2023-06-30,Janus Henderson High-Yield Fund,47103C571,JHYFX,6/30/2023,6/30/2023,6/30/2023,0.04037464,,
2023-07-31,Janus Henderson High-Yield Fund,47103C571,JHYFX,7/31/2023,7/31/2023,7/31/2023,0.03519024,,
2023-08-31,Janus Henderson High-Yield Fund,47103C571,JHYFX,8/31/2023,8/31/2023,8/31/2023,0.03840551,,
2023-09-29,Janus Henderson High-Yield Fund,47103C571,JHYFX,9/29/2023,9/29/2023,9/29/2023,0.03974095,,
2023-10-31,Janus Henderson High-Yield Fund,47103C571,JHYFX,10/31/2023,10/31/2023,10/31/2023,0.03795142,,
2023-11-30,Janus Henderson High-Yield Fund,47103C571,JHYFX,11/30/2023,11/30/2023,11/30/2023,0.03936870,,
2023-12-29,Janus Henderson High-Yield Fund,47103C571,JHYFX,12/29/2023,12/29/2023,12/29/2023,0.04072277,,
2024-01-31,Janus Henderson High-Yield Fund,47103C571,JHYFX,1/31/2024,1/31/2024,1/31/2024,0.03812345,,
2024-02-29,Janus Henderson High-Yield Fund,47103C571,JHYFX,2/29/2024,2/29/2024,2/29/2024,0.03950239,,
2024-03-28,Janus Henderson High-Yield Fund,47103C571,JHYFX,3/28/2024,3/28/2024,3/28/2024,0.03897554,,
2024-04-30,Janus Henderson High-Yield Fund,47103C571,JHYFX,4/30/2024,4/30/2024,4/30/2024,0.04044740,,
2024-05-31,Janus Henderson High-Yield Fund,47103C571,JHYFX,5/31/2024,5/31/2024,5/31/2024,0.04387176,,
2024-06-28,Janus Henderson High-Yield Fund,47103C571,JHYFX,6/28/2024,6/28/2024,6/28/2024,0.03821726,,
2024-07-31,Janus Henderson High-Yield Fund,47103C571,JHYFX,7/31/2024,7/31/2024,7/31/2024,0.04063059,,
2024-08-30,Janus Henderson High-Yield Fund,47103C571,JHYFX,8/30/2024,8/30/2024,8/30/2024,0.04515673,,
2024-09-30,Janus Henderson High-Yield Fund,47103C571,JHYFX,9/30/2024,9/30/2024,9/30/2024,0.03816824,,
2024-10-31,Janus Henderson High-Yield Fund,47103C571,JHYFX,10/31/2024,10/31/2024,10/31/2024,0.04163428,,
2024-11-29,Janus Henderson High-Yield Fund,47103C571,JHYFX,11/29/2024,11/29/2024,11/29/2024,0.04865974,,
2024-12-31,Janus Henderson High-Yield Fund,47103C571,JHYFX,12/31/2024,12/31/2024,12/31/2024,0.04199358,,
2025-01-31,Janus Henderson High-Yield Fund,47103C571,JHYFX,1/31/2025,1/31/2025,1/31/2025,0.04252541,,
2025-02-28,Janus Henderson High-Yield Fund,47103C571,JHYFX,2/28/2025,2/28/2025,2/28/2025,0.04284493,,
2025-03-31,Janus Henderson High-Yield Fund,47103C571,JHYFX,3/31/2025,3/31/2025,3/31/2025,0.04076192,,
2025-04-30,Janus Henderson High-Yield Fund,47103C571,JHYFX,4/30/2025,4/30/2025,4/30/2025,0.04240327,,
2025-05-30,Janus Henderson High-Yield Fund,47103C571,JHYFX,5/30/2025,5/30/2025,5/30/2025,0.04305447,,
2025-06-30,Janus Henderson High-Yield Fund,47103C571,JHYFX,6/30/2025,6/30/2025,6/30/2025,0.04074929,,
2025-07-31,Janus Henderson High-Yield Fund,47103C571,JHYFX,7/31/2025,7/31/2025,7/31/2025,0.04225100,,
2025-08-29,Janus Henderson High-Yield Fund,47103C571,JHYFX,8/29/2025,8/29/2025,8/29/2025,0.04240774,,
2025-09-30,Janus Henderson High-Yield Fund,47103C571,JHYFX,9/30/2025,9/30/2025,9/30/2025,0.03844919,,
2025-10-31,Janus Henderson High-Yield Fund,47103C571,JHYFX,10/31/2025,10/31/2025,10/31/2025,0.04226268,,
2025-11-28,Janus Henderson High-Yield Fund,47103C571,JHYFX,11/28/2025,11/28/2025,11/28/2025,0.03709726,,
2025-12-31,Janus Henderson High-Yield Fund,47103C571,JHYFX,12/31/2025,12/31/2025,12/31/2025,0.04127563,,
2021-01-29,Janus Henderson High-Yield Fund,47103D850,JHYNX,1/29/2021,1/29/2021,1/29/2021,0.03145836,,
2021-02-26,Janus Henderson High-Yield Fund,47103D850,JHYNX,2/26/2021,2/26/2021,2/26/2021,0.03681841,,
2021-03-31,Janus Henderson High-Yield Fund,47103D850,JHYNX,3/31/2021,3/31/2021,3/31/2021,0.03456391,,
2021-04-30,Janus Henderson High-Yield Fund,47103D850,JHYNX,4/30/2021,4/30/2021,4/30/2021,0.03734508,,
2021-05-28,Janus Henderson High-Yield Fund,47103D850,JHYNX,5/28/2021,5/28/2021,5/28/2021,0.03130341,,
2021-06-30,Janus Henderson High-Yield Fund,47103D850,JHYNX,6/30/2021,6/30/2021,6/30/2021,0.03268244,,
2021-07-30,Janus Henderson High-Yield Fund,47103D850,JHYNX,7/30/2021,7/30/2021,7/30/2021,0.03462366,,
2021-08-31,Janus Henderson High-Yield Fund,47103D850,JHYNX,8/31/2021,8/31/2021,8/31/2021,0.03438500,,
2021-09-30,Janus Henderson High-Yield Fund,47103D850,JHYNX,9/30/2021,9/30/2021,9/30/2021,0.03198638,,
2021-10-29,Janus Henderson High-Yield Fund,47103D850,JHYNX,10/29/2021,10/29/2021,10/29/2021,0.03417984,,
2021-11-30,Janus Henderson High-Yield Fund,47103D850,JHYNX,11/30/2021,11/30/2021,11/30/2021,0.04050284,,
2021-12-31,Janus Henderson High-Yield Fund,47103D850,JHYNX,12/31/2021,12/31/2021,12/31/2021,0.03406757,,
2022-01-31,Janus Henderson High-Yield Fund,47103D850,JHYNX,1/31/2022,1/31/2022,1/31/2022,0.02890942,,
2022-02-28,Janus Henderson High-Yield Fund,47103D850,JHYNX,2/28/2022,2/28/2022,2/28/2022,0.03390501,,
2022-03-31,Janus Henderson High-Yield Fund,47103D850,JHYNX,3/31/2022,3/31/2022,3/31/2022,0.03261514,,
2022-04-29,Janus Henderson High-Yield Fund,47103D850,JHYNX,4/29/2022,4/29/2022,4/29/2022,0.03281741,,
2022-05-31,Janus Henderson High-Yield Fund,47103D850,JHYNX,5/31/2022,5/31/2022,5/31/2022,0.03181587,,
2022-06-30,Janus Henderson High-Yield Fund,47103D850,JHYNX,6/30/2022,6/30/2022,6/30/2022,0.03236325,,
2022-07-29,Janus Henderson High-Yield Fund,47103D850,JHYNX,7/29/2022,7/29/2022,7/29/2022,0.03340674,,
2022-08-31,Janus Henderson High-Yield Fund,47103D850,JHYNX,8/31/2022,8/31/2022,8/31/2022,0.03484524,,
2022-09-30,Janus Henderson High-Yield Fund,47103D850,JHYNX,9/30/2022,9/30/2022,9/30/2022,0.03717883,,
2022-10-31,Janus Henderson High-Yield Fund,47103D850,JHYNX,10/31/2022,10/31/2022,10/31/2022,0.03262639,,
2022-11-30,Janus Henderson High-Yield Fund,47103D850,JHYNX,11/30/2022,11/30/2022,11/30/2022,0.03616472,,
2022-12-30,Janus Henderson High-Yield Fund,47103D850,JHYNX,12/30/2022,12/30/2022,12/30/2022,0.03886888,,
2023-01-31,Janus Henderson High-Yield Fund,47103D850,JHYNX,1/31/2023,1/31/2023,1/31/2023,0.03480461,,
2023-02-28,Janus Henderson High-Yield Fund,47103D850,JHYNX,2/28/2023,2/28/2023,2/28/2023,0.03757321,,
2023-03-31,Janus Henderson High-Yield Fund,47103D850,JHYNX,3/31/2023,3/31/2023,3/31/2023,0.04017847,,
2023-04-28,Janus Henderson High-Yield Fund,47103D850,JHYNX,4/28/2023,4/28/2023,4/28/2023,0.03522484,,
2023-05-31,Janus Henderson High-Yield Fund,47103D850,JHYNX,5/31/2023,5/31/2023,5/31/2023,0.03871227,,
2023-06-30,Janus Henderson High-Yield Fund,47103D850,JHYNX,6/30/2023,6/30/2023,6/30/2023,0.04106024,,
2023-07-31,Janus Henderson High-Yield Fund,47103D850,JHYNX,7/31/2023,7/31/2023,7/31/2023,0.03569364,,
2023-08-31,Janus Henderson High-Yield Fund,47103D850,JHYNX,8/31/2023,8/31/2023,8/31/2023,0.03899395,,
2023-09-29,Janus Henderson High-Yield Fund,47103D850,JHYNX,9/29/2023,9/29/2023,9/29/2023,0.04044046,,
2023-10-31,Janus Henderson High-Yield Fund,47103D850,JHYNX,10/31/2023,10/31/2023,10/31/2023,0.03866653,,
2023-11-30,Janus Henderson High-Yield Fund,47103D850,JHYNX,11/30/2023,11/30/2023,11/30/2023,0.03998276,,
2023-12-29,Janus Henderson High-Yield Fund,47103D850,JHYNX,12/29/2023,12/29/2023,12/29/2023,0.04126968,,
2024-01-31,Janus Henderson High-Yield Fund,47103D850,JHYNX,1/31/2024,1/31/2024,1/31/2024,0.03872454,,
2024-02-29,Janus Henderson High-Yield Fund,47103D850,JHYNX,2/29/2024,2/29/2024,2/29/2024,0.04004703,,
2024-03-28,Janus Henderson High-Yield Fund,47103D850,JHYNX,3/28/2024,3/28/2024,3/28/2024,0.03969737,,
2024-04-30,Janus Henderson High-Yield Fund,47103D850,JHYNX,4/30/2024,4/30/2024,4/30/2024,0.04102501,,
2024-05-31,Janus Henderson High-Yield Fund,47103D850,JHYNX,5/31/2024,5/31/2024,5/31/2024,0.04449023,,
2024-06-28,Janus Henderson High-Yield Fund,47103D850,JHYNX,6/28/2024,6/28/2024,6/28/2024,0.03887846,,
2024-07-31,Janus Henderson High-Yield Fund,47103D850,JHYNX,7/31/2024,7/31/2024,7/31/2024,0.04144119,,
2024-08-30,Janus Henderson High-Yield Fund,47103D850,JHYNX,8/30/2024,8/30/2024,8/30/2024,0.04601830,,
2024-09-30,Janus Henderson High-Yield Fund,47103D850,JHYNX,9/30/2024,9/30/2024,9/30/2024,0.03880900,,
2024-10-31,Janus Henderson High-Yield Fund,47103D850,JHYNX,10/31/2024,10/31/2024,10/31/2024,0.04202812,,
2024-11-29,Janus Henderson High-Yield Fund,47103D850,JHYNX,11/29/2024,11/29/2024,11/29/2024,0.04922834,,
2024-12-31,Janus Henderson High-Yield Fund,47103D850,JHYNX,12/31/2024,12/31/2024,12/31/2024,0.04259387,,
2025-01-31,Janus Henderson High-Yield Fund,47103D850,JHYNX,1/31/2025,1/31/2025,1/31/2025,0.04326222,,
2025-02-28,Janus Henderson High-Yield Fund,47103D850,JHYNX,2/28/2025,2/28/2025,2/28/2025,0.04346942,,
2025-03-31,Janus Henderson High-Yield Fund,47103D850,JHYNX,3/31/2025,3/31/2025,3/31/2025,0.04144046,,
2025-04-30,Janus Henderson High-Yield Fund,47103D850,JHYNX,4/30/2025,4/30/2025,4/30/2025,0.04303636,,
2025-05-30,Janus Henderson High-Yield Fund,47103D850,JHYNX,5/30/2025,5/30/2025,5/30/2025,0.04354460,,
2025-06-30,Janus Henderson High-Yield Fund,47103D850,JHYNX,6/30/2025,6/30/2025,6/30/2025,0.04111256,,
2025-07-31,Janus Henderson High-Yield Fund,47103D850,JHYNX,7/31/2025,7/31/2025,7/31/2025,0.04265582,,
2025-08-29,Janus Henderson High-Yield Fund,47103D850,JHYNX,8/29/2025,8/29/2025,8/29/2025,0.04367704,,
2025-09-30,Janus Henderson High-Yield Fund,47103D850,JHYNX,9/30/2025,9/30/2025,9/30/2025,0.03918975,,
2025-10-31,Janus Henderson High-Yield Fund,47103D850,JHYNX,10/31/2025,10/31/2025,10/31/2025,0.04308866,,
2025-11-28,Janus Henderson High-Yield Fund,47103D850,JHYNX,11/28/2025,11/28/2025,11/28/2025,0.03781281,,
2025-12-31,Janus Henderson High-Yield Fund,47103D850,JHYNX,12/31/2025,12/31/2025,12/31/2025,0.04197234,,
2021-01-29,Janus Henderson High-Yield Fund,47103C563,JHYRX,1/29/2021,1/29/2021,1/29/2021,0.02638588,,
2021-02-26,Janus Henderson High-Yield Fund,47103C563,JHYRX,2/26/2021,2/26/2021,2/26/2021,0.03171419,,
2021-03-31,Janus Henderson High-Yield Fund,47103C563,JHYRX,3/31/2021,3/31/2021,3/31/2021,0.02902945,,
2021-04-30,Janus Henderson High-Yield Fund,47103C563,JHYRX,4/30/2021,4/30/2021,4/30/2021,0.03163357,,
2021-05-28,Janus Henderson High-Yield Fund,47103C563,JHYRX,5/28/2021,5/28/2021,5/28/2021,0.02612065,,
2021-06-30,Janus Henderson High-Yield Fund,47103C563,JHYRX,6/30/2021,6/30/2021,6/30/2021,0.02733017,,
2021-07-30,Janus Henderson High-Yield Fund,47103C563,JHYRX,7/30/2021,7/30/2021,7/30/2021,0.02881509,,
2021-08-31,Janus Henderson High-Yield Fund,47103C563,JHYRX,8/31/2021,8/31/2021,8/31/2021,0.02897020,,
2021-09-30,Janus Henderson High-Yield Fund,47103C563,JHYRX,9/30/2021,9/30/2021,9/30/2021,0.02654424,,
2021-10-29,Janus Henderson High-Yield Fund,47103C563,JHYRX,10/29/2021,10/29/2021,10/29/2021,0.02857988,,
2021-11-30,Janus Henderson High-Yield Fund,47103C563,JHYRX,11/30/2021,11/30/2021,11/30/2021,0.03510239,,
2021-12-31,Janus Henderson High-Yield Fund,47103C563,JHYRX,12/31/2021,12/31/2021,12/31/2021,0.02821794,,
2022-01-31,Janus Henderson High-Yield Fund,47103C563,JHYRX,1/31/2022,1/31/2022,1/31/2022,0.02370827,,
2022-02-28,Janus Henderson High-Yield Fund,47103C563,JHYRX,2/28/2022,2/28/2022,2/28/2022,0.02904266,,
2022-03-31,Janus Henderson High-Yield Fund,47103C563,JHYRX,3/31/2022,3/31/2022,3/31/2022,0.02738561,,
2022-04-29,Janus Henderson High-Yield Fund,47103C563,JHYRX,4/29/2022,4/29/2022,4/29/2022,0.02787779,,
2022-05-31,Janus Henderson High-Yield Fund,47103C563,JHYRX,5/31/2022,5/31/2022,5/31/2022,0.02731625,,
2022-06-30,Janus Henderson High-Yield Fund,47103C563,JHYRX,6/30/2022,6/30/2022,6/30/2022,0.02799921,,
2022-07-29,Janus Henderson High-Yield Fund,47103C563,JHYRX,7/29/2022,7/29/2022,7/29/2022,0.02883816,,
2022-08-31,Janus Henderson High-Yield Fund,47103C563,JHYRX,8/31/2022,8/31/2022,8/31/2022,0.03014196,,
2022-09-30,Janus Henderson High-Yield Fund,47103C563,JHYRX,9/30/2022,9/30/2022,9/30/2022,0.03247605,,
2022-10-31,Janus Henderson High-Yield Fund,47103C563,JHYRX,10/31/2022,10/31/2022,10/31/2022,0.02862106,,
2022-11-30,Janus Henderson High-Yield Fund,47103C563,JHYRX,11/30/2022,11/30/2022,11/30/2022,0.03189638,,
2022-12-30,Janus Henderson High-Yield Fund,47103C563,JHYRX,12/30/2022,12/30/2022,12/30/2022,0.03411576,,
2023-01-31,Janus Henderson High-Yield Fund,47103C563,JHYRX,1/31/2023,1/31/2023,1/31/2023,0.03054461,,
2023-02-28,Janus Henderson High-Yield Fund,47103C563,JHYRX,2/28/2023,2/28/2023,2/28/2023,0.03346827,,
2023-03-31,Janus Henderson High-Yield Fund,47103C563,JHYRX,3/31/2023,3/31/2023,3/31/2023,0.03542775,,
2023-04-28,Janus Henderson High-Yield Fund,47103C563,JHYRX,4/28/2023,4/28/2023,4/28/2023,0.03115805,,
2023-05-31,Janus Henderson High-Yield Fund,47103C563,JHYRX,5/31/2023,5/31/2023,5/31/2023,0.03424512,,
2023-06-30,Janus Henderson High-Yield Fund,47103C563,JHYRX,6/30/2023,6/30/2023,6/30/2023,0.03641509,,
2023-07-31,Janus Henderson High-Yield Fund,47103C563,JHYRX,7/31/2023,7/31/2023,7/31/2023,0.03131367,,
2023-08-31,Janus Henderson High-Yield Fund,47103C563,JHYRX,8/31/2023,8/31/2023,8/31/2023,0.03462746,,
2023-09-29,Janus Henderson High-Yield Fund,47103C563,JHYRX,9/29/2023,9/29/2023,9/29/2023,0.03602424,,
2023-10-31,Janus Henderson High-Yield Fund,47103C563,JHYRX,10/31/2023,10/31/2023,10/31/2023,0.03449868,,
2023-11-30,Janus Henderson High-Yield Fund,47103C563,JHYRX,11/30/2023,11/30/2023,11/30/2023,0.03573302,,
2023-12-29,Janus Henderson High-Yield Fund,47103C563,JHYRX,12/29/2023,12/29/2023,12/29/2023,0.03656411,,
2024-01-31,Janus Henderson High-Yield Fund,47103C563,JHYRX,1/31/2024,1/31/2024,1/31/2024,0.03428501,,
2024-02-29,Janus Henderson High-Yield Fund,47103C563,JHYRX,2/29/2024,2/29/2024,2/29/2024,0.03573534,,
2024-03-28,Janus Henderson High-Yield Fund,47103C563,JHYRX,3/28/2024,3/28/2024,3/28/2024,0.03506692,,
2024-04-30,Janus Henderson High-Yield Fund,47103C563,JHYRX,4/30/2024,4/30/2024,4/30/2024,0.03658647,,
2024-05-31,Janus Henderson High-Yield Fund,47103C563,JHYRX,5/31/2024,5/31/2024,5/31/2024,0.03986430,,
2024-06-28,Janus Henderson High-Yield Fund,47103C563,JHYRX,6/28/2024,6/28/2024,6/28/2024,0.03469073,,
2024-07-31,Janus Henderson High-Yield Fund,47103C563,JHYRX,7/31/2024,7/31/2024,7/31/2024,0.03674288,,
2024-08-30,Janus Henderson High-Yield Fund,47103C563,JHYRX,8/30/2024,8/30/2024,8/30/2024,0.04217884,,
2024-09-30,Janus Henderson High-Yield Fund,47103C563,JHYRX,9/30/2024,9/30/2024,9/30/2024,0.03449510,,
2024-10-31,Janus Henderson High-Yield Fund,47103C563,JHYRX,10/31/2024,10/31/2024,10/31/2024,0.03723779,,
2024-11-29,Janus Henderson High-Yield Fund,47103C563,JHYRX,11/29/2024,11/29/2024,11/29/2024,0.04447036,,
2024-12-31,Janus Henderson High-Yield Fund,47103C563,JHYRX,12/31/2024,12/31/2024,12/31/2024,0.03783228,,
2025-01-31,Janus Henderson High-Yield Fund,47103C563,JHYRX,1/31/2025,1/31/2025,1/31/2025,0.03839347,,
2025-02-28,Janus Henderson High-Yield Fund,47103C563,JHYRX,2/28/2025,2/28/2025,2/28/2025,0.03914848,,
2025-03-31,Janus Henderson High-Yield Fund,47103C563,JHYRX,3/31/2025,3/31/2025,3/31/2025,0.03702284,,
2025-04-30,Janus Henderson High-Yield Fund,47103C563,JHYRX,4/30/2025,4/30/2025,4/30/2025,0.03862409,,
2025-05-30,Janus Henderson High-Yield Fund,47103C563,JHYRX,5/30/2025,5/30/2025,5/30/2025,0.03874968,,
2025-06-30,Janus Henderson High-Yield Fund,47103C563,JHYRX,6/30/2025,6/30/2025,6/30/2025,0.03667918,,
2025-07-31,Janus Henderson High-Yield Fund,47103C563,JHYRX,7/31/2025,7/31/2025,7/31/2025,0.03784741,,
2025-08-29,Janus Henderson High-Yield Fund,47103C563,JHYRX,8/29/2025,8/29/2025,8/29/2025,0.03873726,,
2025-09-30,Janus Henderson High-Yield Fund,47103C563,JHYRX,9/30/2025,9/30/2025,9/30/2025,0.03467698,,
2025-10-31,Janus Henderson High-Yield Fund,47103C563,JHYRX,10/31/2025,10/31/2025,10/31/2025,0.03796697,,
2025-11-28,Janus Henderson High-Yield Fund,47103C563,JHYRX,11/28/2025,11/28/2025,11/28/2025,0.03347444,,
2025-12-31,Janus Henderson High-Yield Fund,47103C563,JHYRX,12/31/2025,12/31/2025,12/31/2025,0.03701310,,
2022-01-31,Janus Henderson Multi-Sector Income Fund,47103D496,JMTNX,1/31/2022,1/31/2022,1/31/2022,0.02840969,,
2022-02-28,Janus Henderson Multi-Sector Income Fund,47103D496,JMTNX,2/28/2022,2/28/2022,2/28/2022,0.03257175,,
2022-03-31,Janus Henderson Multi-Sector Income Fund,47103D496,JMTNX,3/31/2022,3/31/2022,3/31/2022,0.03123978,,
2022-04-29,Janus Henderson Multi-Sector Income Fund,47103D496,JMTNX,4/29/2022,4/29/2022,4/29/2022,0.03224582,,
2022-05-31,Janus Henderson Multi-Sector Income Fund,47103D496,JMTNX,5/31/2022,5/31/2022,5/31/2022,0.03079921,,
2022-06-30,Janus Henderson Multi-Sector Income Fund,47103D496,JMTNX,6/30/2022,6/30/2022,6/30/2022,0.03345664,,
2022-07-29,Janus Henderson Multi-Sector Income Fund,47103D496,JMTNX,7/29/2022,7/29/2022,7/29/2022,0.03679657,,
2022-08-31,Janus Henderson Multi-Sector Income Fund,47103D496,JMTNX,8/31/2022,8/31/2022,8/31/2022,0.03866391,,
2022-09-30,Janus Henderson Multi-Sector Income Fund,47103D496,JMTNX,9/30/2022,9/30/2022,9/30/2022,0.04158831,,
2022-10-31,Janus Henderson Multi-Sector Income Fund,47103D496,JMTNX,10/31/2022,10/31/2022,10/31/2022,0.03948082,,
2022-11-30,Janus Henderson Multi-Sector Income Fund,47103D496,JMTNX,11/30/2022,11/30/2022,11/30/2022,0.04142225,,
2022-12-30,Janus Henderson Multi-Sector Income Fund,47103D496,JMTNX,12/30/2022,12/30/2022,12/30/2022,0.04543842,,
2023-01-31,Janus Henderson Multi-Sector Income Fund,47103D496,JMTNX,1/31/2023,1/31/2023,1/31/2023,0.04197747,,
2023-02-28,Janus Henderson Multi-Sector Income Fund,47103D496,JMTNX,2/28/2023,2/28/2023,2/28/2023,0.04227502,,
2023-03-31,Janus Henderson Multi-Sector Income Fund,47103D496,JMTNX,3/31/2023,3/31/2023,3/31/2023,0.04834256,,
2023-04-28,Janus Henderson Multi-Sector Income Fund,47103D496,JMTNX,4/28/2023,4/28/2023,4/28/2023,0.04172933,,
2023-05-31,Janus Henderson Multi-Sector Income Fund,47103D496,JMTNX,5/31/2023,5/31/2023,5/31/2023,0.04574873,,
2023-06-30,Janus Henderson Multi-Sector Income Fund,47103D496,JMTNX,6/30/2023,6/30/2023,6/30/2023,0.05128001,,
2023-07-31,Janus Henderson Multi-Sector Income Fund,47103D496,JMTNX,7/31/2023,7/31/2023,7/31/2023,0.04491169,,
2023-08-31,Janus Henderson Multi-Sector Income Fund,47103D496,JMTNX,8/31/2023,8/31/2023,8/31/2023,0.05521561,,
2023-09-29,Janus Henderson Multi-Sector Income Fund,47103D496,JMTNX,9/29/2023,9/29/2023,9/29/2023,0.05050425,,
2023-10-31,Janus Henderson Multi-Sector Income Fund,47103D496,JMTNX,10/31/2023,10/31/2023,10/31/2023,0.04828689,,
2023-11-30,Janus Henderson Multi-Sector Income Fund,47103D496,JMTNX,11/30/2023,11/30/2023,11/30/2023,0.04920144,,
2023-12-29,Janus Henderson Multi-Sector Income Fund,47103D496,JMTNX,12/29/2023,12/29/2023,12/29/2023,0.05143291,,
2024-01-31,Janus Henderson Multi-Sector Income Fund,47103D496,JMTNX,1/31/2024,1/31/2024,1/31/2024,0.05026328,,
2024-02-29,Janus Henderson Multi-Sector Income Fund,47103D496,JMTNX,2/29/2024,2/29/2024,2/29/2024,0.04984991,,
2024-03-28,Janus Henderson Multi-Sector Income Fund,47103D496,JMTNX,3/28/2024,3/28/2024,3/28/2024,0.05076147,,
2024-04-30,Janus Henderson Multi-Sector Income Fund,47103D496,JMTNX,4/30/2024,4/30/2024,4/30/2024,0.05146677,,
2024-05-31,Janus Henderson Multi-Sector Income Fund,47103D496,JMTNX,5/31/2024,5/31/2024,5/31/2024,0.05327383,,
2024-06-28,Janus Henderson Multi-Sector Income Fund,47103D496,JMTNX,6/28/2024,6/28/2024,6/28/2024,0.04540583,,
2024-07-31,Janus Henderson Multi-Sector Income Fund,47103D496,JMTNX,7/31/2024,7/31/2024,7/31/2024,0.05272643,,
2024-08-30,Janus Henderson Multi-Sector Income Fund,47103D496,JMTNX,8/30/2024,8/30/2024,8/30/2024,0.05398914,,
2024-09-30,Janus Henderson Multi-Sector Income Fund,47103D496,JMTNX,9/30/2024,9/30/2024,9/30/2024,0.04544971,,
2024-10-31,Janus Henderson Multi-Sector Income Fund,47103D496,JMTNX,10/31/2024,10/31/2024,10/31/2024,0.05104375,,
2024-11-29,Janus Henderson Multi-Sector Income Fund,47103D496,JMTNX,11/29/2024,11/29/2024,11/29/2024,0.05338402,,
2024-12-31,Janus Henderson Multi-Sector Income Fund,47103D496,JMTNX,12/31/2024,12/31/2024,12/31/2024,0.05035596,,
2025-01-31,Janus Henderson Multi-Sector Income Fund,47103D496,JMTNX,1/31/2025,1/31/2025,1/31/2025,0.04871940,,
2025-02-28,Janus Henderson Multi-Sector Income Fund,47103D496,JMTNX,2/28/2025,2/28/2025,2/28/2025,0.04746734,,
2025-03-31,Janus Henderson Multi-Sector Income Fund,47103D496,JMTNX,3/31/2025,3/31/2025,3/31/2025,0.04483944,,
2025-04-30,Janus Henderson Multi-Sector Income Fund,47103D496,JMTNX,4/30/2025,4/30/2025,4/30/2025,0.04947484,,
2025-05-30,Janus Henderson Multi-Sector Income Fund,47103D496,JMTNX,5/30/2025,5/30/2025,5/30/2025,0.05031372,,
2025-06-30,Janus Henderson Multi-Sector Income Fund,47103D496,JMTNX,6/30/2025,6/30/2025,6/30/2025,0.04675783,,
2025-07-31,Janus Henderson Multi-Sector Income Fund,47103D496,JMTNX,7/31/2025,7/31/2025,7/31/2025,0.04764786,,
2025-08-29,Janus Henderson Multi-Sector Income Fund,47103D496,JMTNX,8/29/2025,8/29/2025,8/29/2025,0.05025930,,
2025-09-30,Janus Henderson Multi-Sector Income Fund,47103D496,JMTNX,9/30/2025,9/30/2025,9/30/2025,0.04799253,,
2025-10-31,Janus Henderson Multi-Sector Income Fund,47103D496,JMTNX,10/31/2025,10/31/2025,10/31/2025,0.05242313,,
2025-11-28,Janus Henderson Multi-Sector Income Fund,47103D496,JMTNX,11/28/2025,11/28/2025,11/28/2025,0.04618114,,
2025-12-31,Janus Henderson Multi-Sector Income Fund,47103D496,JMTNX,12/31/2025,12/31/2025,12/31/2025,0.05366335,,
2022-01-31,Janus Henderson Multi-Sector Income Fund,47103D546,JMUAX,1/31/2022,1/31/2022,1/31/2022,0.02606755,,
2022-02-28,Janus Henderson Multi-Sector Income Fund,47103D546,JMUAX,2/28/2022,2/28/2022,2/28/2022,0.03043835,,
2022-03-31,Janus Henderson Multi-Sector Income Fund,47103D546,JMUAX,3/31/2022,3/31/2022,3/31/2022,0.02883639,,
2022-04-29,Janus Henderson Multi-Sector Income Fund,47103D546,JMUAX,4/29/2022,4/29/2022,4/29/2022,0.02984158,,
2022-05-31,Janus Henderson Multi-Sector Income Fund,47103D546,JMUAX,5/31/2022,5/31/2022,5/31/2022,0.02866048,,
2022-06-30,Janus Henderson Multi-Sector Income Fund,47103D546,JMUAX,6/30/2022,6/30/2022,6/30/2022,0.03124911,,
2022-07-29,Janus Henderson Multi-Sector Income Fund,47103D546,JMUAX,7/29/2022,7/29/2022,7/29/2022,0.03451598,,
2022-08-31,Janus Henderson Multi-Sector Income Fund,47103D546,JMUAX,8/31/2022,8/31/2022,8/31/2022,0.03632350,,
2022-09-30,Janus Henderson Multi-Sector Income Fund,47103D546,JMUAX,9/30/2022,9/30/2022,9/30/2022,0.03932867,,
2022-10-31,Janus Henderson Multi-Sector Income Fund,47103D546,JMUAX,10/31/2022,10/31/2022,10/31/2022,0.03740228,,
2022-11-30,Janus Henderson Multi-Sector Income Fund,47103D546,JMUAX,11/30/2022,11/30/2022,11/30/2022,0.03932288,,
2022-12-30,Janus Henderson Multi-Sector Income Fund,47103D546,JMUAX,12/30/2022,12/30/2022,12/30/2022,0.04308779,,
2023-01-31,Janus Henderson Multi-Sector Income Fund,47103D546,JMUAX,1/31/2023,1/31/2023,1/31/2023,0.03998359,,
2023-02-28,Janus Henderson Multi-Sector Income Fund,47103D546,JMUAX,2/28/2023,2/28/2023,2/28/2023,0.04026974,,
2023-03-31,Janus Henderson Multi-Sector Income Fund,47103D546,JMUAX,3/31/2023,3/31/2023,3/31/2023,0.04590849,,
2023-04-28,Janus Henderson Multi-Sector Income Fund,47103D546,JMUAX,4/28/2023,4/28/2023,4/28/2023,0.03981143,,
2023-05-31,Janus Henderson Multi-Sector Income Fund,47103D546,JMUAX,5/31/2023,5/31/2023,5/31/2023,0.04348471,,
2023-06-30,Janus Henderson Multi-Sector Income Fund,47103D546,JMUAX,6/30/2023,6/30/2023,6/30/2023,0.04891335,,
2023-07-31,Janus Henderson Multi-Sector Income Fund,47103D546,JMUAX,7/31/2023,7/31/2023,7/31/2023,0.04282970,,
2023-08-31,Janus Henderson Multi-Sector Income Fund,47103D546,JMUAX,8/31/2023,8/31/2023,8/31/2023,0.05287919,,
2023-09-29,Janus Henderson Multi-Sector Income Fund,47103D546,JMUAX,9/29/2023,9/29/2023,9/29/2023,0.04824316,,
2023-10-31,Janus Henderson Multi-Sector Income Fund,47103D546,JMUAX,10/31/2023,10/31/2023,10/31/2023,0.04619240,,
2023-11-30,Janus Henderson Multi-Sector Income Fund,47103D546,JMUAX,11/30/2023,11/30/2023,11/30/2023,0.04707706,,
2023-12-29,Janus Henderson Multi-Sector Income Fund,47103D546,JMUAX,12/29/2023,12/29/2023,12/29/2023,0.04911354,,
2024-01-31,Janus Henderson Multi-Sector Income Fund,47103D546,JMUAX,1/31/2024,1/31/2024,1/31/2024,0.04806391,,
2024-02-29,Janus Henderson Multi-Sector Income Fund,47103D546,JMUAX,2/29/2024,2/29/2024,2/29/2024,0.04776302,,
2024-03-28,Janus Henderson Multi-Sector Income Fund,47103D546,JMUAX,3/28/2024,3/28/2024,3/28/2024,0.04836061,,
2024-04-30,Janus Henderson Multi-Sector Income Fund,47103D546,JMUAX,4/30/2024,4/30/2024,4/30/2024,0.04931854,,
2024-05-31,Janus Henderson Multi-Sector Income Fund,47103D546,JMUAX,5/31/2024,5/31/2024,5/31/2024,0.05095055,,
2024-06-28,Janus Henderson Multi-Sector Income Fund,47103D546,JMUAX,6/28/2024,6/28/2024,6/28/2024,0.04325682,,
2024-07-31,Janus Henderson Multi-Sector Income Fund,47103D546,JMUAX,7/31/2024,7/31/2024,7/31/2024,0.05046028,,
2024-08-30,Janus Henderson Multi-Sector Income Fund,47103D546,JMUAX,8/30/2024,8/30/2024,8/30/2024,0.05161043,,
2024-09-30,Janus Henderson Multi-Sector Income Fund,47103D546,JMUAX,9/30/2024,9/30/2024,9/30/2024,0.04337764,,
2024-10-31,Janus Henderson Multi-Sector Income Fund,47103D546,JMUAX,10/31/2024,10/31/2024,10/31/2024,0.04881779,,
2024-11-29,Janus Henderson Multi-Sector Income Fund,47103D546,JMUAX,11/29/2024,11/29/2024,11/29/2024,0.05108049,,
2024-12-31,Janus Henderson Multi-Sector Income Fund,47103D546,JMUAX,12/31/2024,12/31/2024,12/31/2024,0.04799516,,
2025-01-31,Janus Henderson Multi-Sector Income Fund,47103D546,JMUAX,1/31/2025,1/31/2025,1/31/2025,0.04631728,,
2025-02-28,Janus Henderson Multi-Sector Income Fund,47103D546,JMUAX,2/28/2025,2/28/2025,2/28/2025,0.04542568,,
2025-03-31,Janus Henderson Multi-Sector Income Fund,47103D546,JMUAX,3/31/2025,3/31/2025,3/31/2025,0.04275205,,
2025-04-30,Janus Henderson Multi-Sector Income Fund,47103D546,JMUAX,4/30/2025,4/30/2025,4/30/2025,0.04728041,,
2025-05-30,Janus Henderson Multi-Sector Income Fund,47103D546,JMUAX,5/30/2025,5/30/2025,5/30/2025,0.04803267,,
2025-06-30,Janus Henderson Multi-Sector Income Fund,47103D546,JMUAX,6/30/2025,6/30/2025,6/30/2025,0.04464787,,
2025-07-31,Janus Henderson Multi-Sector Income Fund,47103D546,JMUAX,7/31/2025,7/31/2025,7/31/2025,0.04542629,,
2025-08-29,Janus Henderson Multi-Sector Income Fund,47103D546,JMUAX,8/29/2025,8/29/2025,8/29/2025,0.04795663,,
2025-09-30,Janus Henderson Multi-Sector Income Fund,47103D546,JMUAX,9/30/2025,9/30/2025,9/30/2025,0.04589227,,
2025-10-31,Janus Henderson Multi-Sector Income Fund,47103D546,JMUAX,10/31/2025,10/31/2025,10/31/2025,0.05004587,,
2025-11-28,Janus Henderson Multi-Sector Income Fund,47103D546,JMUAX,11/28/2025,11/28/2025,11/28/2025,0.04415760,,
2025-12-31,Janus Henderson Multi-Sector Income Fund,47103D546,JMUAX,12/31/2025,12/31/2025,12/31/2025,0.05138497,,
2022-01-31,Janus Henderson Multi-Sector Income Fund,47103D538,JMUCX,1/31/2022,1/31/2022,1/31/2022,0.02017325,,
2022-02-28,Janus Henderson Multi-Sector Income Fund,47103D538,JMUCX,2/28/2022,2/28/2022,2/28/2022,0.02529684,,
2022-03-31,Janus Henderson Multi-Sector Income Fund,47103D538,JMUCX,3/31/2022,3/31/2022,3/31/2022,0.02276113,,
2022-04-29,Janus Henderson Multi-Sector Income Fund,47103D538,JMUCX,4/29/2022,4/29/2022,4/29/2022,0.02385125,,
2022-05-31,Janus Henderson Multi-Sector Income Fund,47103D538,JMUCX,5/31/2022,5/31/2022,5/31/2022,0.02307023,,
2022-06-30,Janus Henderson Multi-Sector Income Fund,47103D538,JMUCX,6/30/2022,6/30/2022,6/30/2022,0.02656537,,
2022-07-29,Janus Henderson Multi-Sector Income Fund,47103D538,JMUCX,7/29/2022,7/29/2022,7/29/2022,0.02873792,,
2022-08-31,Janus Henderson Multi-Sector Income Fund,47103D538,JMUCX,8/31/2022,8/31/2022,8/31/2022,0.03139192,,
2022-09-30,Janus Henderson Multi-Sector Income Fund,47103D538,JMUCX,9/30/2022,9/30/2022,9/30/2022,0.03346690,,
2022-10-31,Janus Henderson Multi-Sector Income Fund,47103D538,JMUCX,10/31/2022,10/31/2022,10/31/2022,0.03234081,,
2022-11-30,Janus Henderson Multi-Sector Income Fund,47103D538,JMUCX,11/30/2022,11/30/2022,11/30/2022,0.03413206,,
2022-12-30,Janus Henderson Multi-Sector Income Fund,47103D538,JMUCX,12/30/2022,12/30/2022,12/30/2022,0.03961956,,
2023-01-31,Janus Henderson Multi-Sector Income Fund,47103D538,JMUCX,1/31/2023,1/31/2023,1/31/2023,0.03494283,,
2023-02-28,Janus Henderson Multi-Sector Income Fund,47103D538,JMUCX,2/28/2023,2/28/2023,2/28/2023,0.03599911,,
2023-03-31,Janus Henderson Multi-Sector Income Fund,47103D538,JMUCX,3/31/2023,3/31/2023,3/31/2023,0.04031591,,
2023-04-28,Janus Henderson Multi-Sector Income Fund,47103D538,JMUCX,4/28/2023,4/28/2023,4/28/2023,0.03501154,,
2023-05-31,Janus Henderson Multi-Sector Income Fund,47103D538,JMUCX,5/31/2023,5/31/2023,5/31/2023,0.03950605,,
2023-06-30,Janus Henderson Multi-Sector Income Fund,47103D538,JMUCX,6/30/2023,6/30/2023,6/30/2023,0.04345545,,
2023-07-31,Janus Henderson Multi-Sector Income Fund,47103D538,JMUCX,7/31/2023,7/31/2023,7/31/2023,0.03772117,,
2023-08-31,Janus Henderson Multi-Sector Income Fund,47103D538,JMUCX,8/31/2023,8/31/2023,8/31/2023,0.04821676,,
2023-09-29,Janus Henderson Multi-Sector Income Fund,47103D538,JMUCX,9/29/2023,9/29/2023,9/29/2023,0.04281564,,
2023-10-31,Janus Henderson Multi-Sector Income Fund,47103D538,JMUCX,10/31/2023,10/31/2023,10/31/2023,0.04104959,,
2023-11-30,Janus Henderson Multi-Sector Income Fund,47103D538,JMUCX,11/30/2023,11/30/2023,11/30/2023,0.04093966,,
2023-12-29,Janus Henderson Multi-Sector Income Fund,47103D538,JMUCX,12/29/2023,12/29/2023,12/29/2023,0.04343940,,
2024-01-31,Janus Henderson Multi-Sector Income Fund,47103D538,JMUCX,1/31/2024,1/31/2024,1/31/2024,0.04267022,,
2024-02-29,Janus Henderson Multi-Sector Income Fund,47103D538,JMUCX,2/29/2024,2/29/2024,2/29/2024,0.04329221,,
2024-03-28,Janus Henderson Multi-Sector Income Fund,47103D538,JMUCX,3/28/2024,3/28/2024,3/28/2024,0.04292085,,
2024-04-30,Janus Henderson Multi-Sector Income Fund,47103D538,JMUCX,4/30/2024,4/30/2024,4/30/2024,0.04401925,,
2024-05-31,Janus Henderson Multi-Sector Income Fund,47103D538,JMUCX,5/31/2024,5/31/2024,5/31/2024,0.04543403,,
2024-06-28,Janus Henderson Multi-Sector Income Fund,47103D538,JMUCX,6/28/2024,6/28/2024,6/28/2024,0.03835569,,
2024-07-31,Janus Henderson Multi-Sector Income Fund,47103D538,JMUCX,7/31/2024,7/31/2024,7/31/2024,0.04487124,,
2024-08-30,Janus Henderson Multi-Sector Income Fund,47103D538,JMUCX,8/30/2024,8/30/2024,8/30/2024,0.04632129,,
2024-09-30,Janus Henderson Multi-Sector Income Fund,47103D538,JMUCX,9/30/2024,9/30/2024,9/30/2024,0.03825851,,
2024-10-31,Janus Henderson Multi-Sector Income Fund,47103D538,JMUCX,10/31/2024,10/31/2024,10/31/2024,0.04324518,,
2024-11-29,Janus Henderson Multi-Sector Income Fund,47103D538,JMUCX,11/29/2024,11/29/2024,11/29/2024,0.04565711,,
2024-12-31,Janus Henderson Multi-Sector Income Fund,47103D538,JMUCX,12/31/2024,12/31/2024,12/31/2024,0.04253587,,
2025-01-31,Janus Henderson Multi-Sector Income Fund,47103D538,JMUCX,1/31/2025,1/31/2025,1/31/2025,0.04078423,,
2025-02-28,Janus Henderson Multi-Sector Income Fund,47103D538,JMUCX,2/28/2025,2/28/2025,2/28/2025,0.04037674,,
2025-03-31,Janus Henderson Multi-Sector Income Fund,47103D538,JMUCX,3/31/2025,3/31/2025,3/31/2025,0.03750973,,
2025-04-30,Janus Henderson Multi-Sector Income Fund,47103D538,JMUCX,4/30/2025,4/30/2025,4/30/2025,0.04201939,,
2025-05-30,Janus Henderson Multi-Sector Income Fund,47103D538,JMUCX,5/30/2025,5/30/2025,5/30/2025,0.04303549,,
2025-06-30,Janus Henderson Multi-Sector Income Fund,47103D538,JMUCX,6/30/2025,6/30/2025,6/30/2025,0.03944156,,
2025-07-31,Janus Henderson Multi-Sector Income Fund,47103D538,JMUCX,7/31/2025,7/31/2025,7/31/2025,0.03979351,,
2025-08-29,Janus Henderson Multi-Sector Income Fund,47103D538,JMUCX,8/29/2025,8/29/2025,8/29/2025,0.04263416,,
2025-09-30,Janus Henderson Multi-Sector Income Fund,47103D538,JMUCX,9/30/2025,9/30/2025,9/30/2025,0.04057704,,
2025-10-31,Janus Henderson Multi-Sector Income Fund,47103D538,JMUCX,10/31/2025,10/31/2025,10/31/2025,0.04396363,,
2025-11-28,Janus Henderson Multi-Sector Income Fund,47103D538,JMUCX,11/28/2025,11/28/2025,11/28/2025,0.04021021,,
2025-12-31,Janus Henderson Multi-Sector Income Fund,47103D538,JMUCX,12/31/2025,12/31/2025,12/31/2025,0.04547997,,
2022-01-31,Janus Henderson Multi-Sector Income Fund,47103D520,JMUDX,1/31/2022,1/31/2022,1/31/2022,0.02740954,,
2022-02-28,Janus Henderson Multi-Sector Income Fund,47103D520,JMUDX,2/28/2022,2/28/2022,2/28/2022,0.03159126,,
2022-03-31,Janus Henderson Multi-Sector Income Fund,47103D520,JMUDX,3/31/2022,3/31/2022,3/31/2022,0.03015743,,
2022-04-29,Janus Henderson Multi-Sector Income Fund,47103D520,JMUDX,4/29/2022,4/29/2022,4/29/2022,0.03118171,,
2022-05-31,Janus Henderson Multi-Sector Income Fund,47103D520,JMUDX,5/31/2022,5/31/2022,5/31/2022,0.02970796,,
2022-06-30,Janus Henderson Multi-Sector Income Fund,47103D520,JMUDX,6/30/2022,6/30/2022,6/30/2022,0.03236957,,
2022-07-29,Janus Henderson Multi-Sector Income Fund,47103D520,JMUDX,7/29/2022,7/29/2022,7/29/2022,0.03575972,,
2022-08-31,Janus Henderson Multi-Sector Income Fund,47103D520,JMUDX,8/31/2022,8/31/2022,8/31/2022,0.03763773,,
2022-09-30,Janus Henderson Multi-Sector Income Fund,47103D520,JMUDX,9/30/2022,9/30/2022,9/30/2022,0.04051928,,
2022-10-31,Janus Henderson Multi-Sector Income Fund,47103D520,JMUDX,10/31/2022,10/31/2022,10/31/2022,0.03854969,,
2022-11-30,Janus Henderson Multi-Sector Income Fund,47103D520,JMUDX,11/30/2022,11/30/2022,11/30/2022,0.04038476,,
2022-12-30,Janus Henderson Multi-Sector Income Fund,47103D520,JMUDX,12/30/2022,12/30/2022,12/30/2022,0.04427077,,
2023-01-31,Janus Henderson Multi-Sector Income Fund,47103D520,JMUDX,1/31/2023,1/31/2023,1/31/2023,0.04098419,,
2023-02-28,Janus Henderson Multi-Sector Income Fund,47103D520,JMUDX,2/28/2023,2/28/2023,2/28/2023,0.04134302,,
2023-03-31,Janus Henderson Multi-Sector Income Fund,47103D520,JMUDX,3/31/2023,3/31/2023,3/31/2023,0.04725717,,
2023-04-28,Janus Henderson Multi-Sector Income Fund,47103D520,JMUDX,4/28/2023,4/28/2023,4/28/2023,0.04080952,,
2023-05-31,Janus Henderson Multi-Sector Income Fund,47103D520,JMUDX,5/31/2023,5/31/2023,5/31/2023,0.04472227,,
2023-06-30,Janus Henderson Multi-Sector Income Fund,47103D520,JMUDX,6/30/2023,6/30/2023,6/30/2023,0.05039334,,
2023-07-31,Janus Henderson Multi-Sector Income Fund,47103D520,JMUDX,7/31/2023,7/31/2023,7/31/2023,0.04398079,,
2023-08-31,Janus Henderson Multi-Sector Income Fund,47103D520,JMUDX,8/31/2023,8/31/2023,8/31/2023,0.05423679,,
2023-09-29,Janus Henderson Multi-Sector Income Fund,47103D520,JMUDX,9/29/2023,9/29/2023,9/29/2023,0.04952985,,
2023-10-31,Janus Henderson Multi-Sector Income Fund,47103D520,JMUDX,10/31/2023,10/31/2023,10/31/2023,0.04732188,,
2023-11-30,Janus Henderson Multi-Sector Income Fund,47103D520,JMUDX,11/30/2023,11/30/2023,11/30/2023,0.04823275,,
2023-12-29,Janus Henderson Multi-Sector Income Fund,47103D520,JMUDX,12/29/2023,12/29/2023,12/29/2023,0.05038353,,
2024-01-31,Janus Henderson Multi-Sector Income Fund,47103D520,JMUDX,1/31/2024,1/31/2024,1/31/2024,0.04927340,,
2024-02-29,Janus Henderson Multi-Sector Income Fund,47103D520,JMUDX,2/29/2024,2/29/2024,2/29/2024,0.04890710,,
2024-03-28,Janus Henderson Multi-Sector Income Fund,47103D520,JMUDX,3/28/2024,3/28/2024,3/28/2024,0.04974874,,
2024-04-30,Janus Henderson Multi-Sector Income Fund,47103D520,JMUDX,4/30/2024,4/30/2024,4/30/2024,0.05049762,,
2024-05-31,Janus Henderson Multi-Sector Income Fund,47103D520,JMUDX,5/31/2024,5/31/2024,5/31/2024,0.05219147,,
2024-06-28,Janus Henderson Multi-Sector Income Fund,47103D520,JMUDX,6/28/2024,6/28/2024,6/28/2024,0.04448670,,
2024-07-31,Janus Henderson Multi-Sector Income Fund,47103D520,JMUDX,7/31/2024,7/31/2024,7/31/2024,0.05175060,,
2024-08-30,Janus Henderson Multi-Sector Income Fund,47103D520,JMUDX,8/30/2024,8/30/2024,8/30/2024,0.05296352,,
2024-09-30,Janus Henderson Multi-Sector Income Fund,47103D520,JMUDX,9/30/2024,9/30/2024,9/30/2024,0.04457222,,
2024-10-31,Janus Henderson Multi-Sector Income Fund,47103D520,JMUDX,10/31/2024,10/31/2024,10/31/2024,0.05012513,,
2024-11-29,Janus Henderson Multi-Sector Income Fund,47103D520,JMUDX,11/29/2024,11/29/2024,11/29/2024,0.05245393,,
2024-12-31,Janus Henderson Multi-Sector Income Fund,47103D520,JMUDX,12/31/2024,12/31/2024,12/31/2024,0.04942852,,
2025-01-31,Janus Henderson Multi-Sector Income Fund,47103D520,JMUDX,1/31/2025,1/31/2025,1/31/2025,0.04777382,,
2025-02-28,Janus Henderson Multi-Sector Income Fund,47103D520,JMUDX,2/28/2025,2/28/2025,2/28/2025,0.04662745,,
2025-03-31,Janus Henderson Multi-Sector Income Fund,47103D520,JMUDX,3/31/2025,3/31/2025,3/31/2025,0.04396136,,
2025-04-30,Janus Henderson Multi-Sector Income Fund,47103D520,JMUDX,4/30/2025,4/30/2025,4/30/2025,0.04856078,,
2025-05-30,Janus Henderson Multi-Sector Income Fund,47103D520,JMUDX,5/30/2025,5/30/2025,5/30/2025,0.04933453,,
2025-06-30,Janus Henderson Multi-Sector Income Fund,47103D520,JMUDX,6/30/2025,6/30/2025,6/30/2025,0.04583687,,
2025-07-31,Janus Henderson Multi-Sector Income Fund,47103D520,JMUDX,7/31/2025,7/31/2025,7/31/2025,0.04671074,,
2025-08-29,Janus Henderson Multi-Sector Income Fund,47103D520,JMUDX,8/29/2025,8/29/2025,8/29/2025,0.04930101,,
2025-09-30,Janus Henderson Multi-Sector Income Fund,47103D520,JMUDX,9/30/2025,9/30/2025,9/30/2025,0.04712255,,
2025-10-31,Janus Henderson Multi-Sector Income Fund,47103D520,JMUDX,10/31/2025,10/31/2025,10/31/2025,0.05142071,,
2025-11-28,Janus Henderson Multi-Sector Income Fund,47103D520,JMUDX,11/28/2025,11/28/2025,11/28/2025,0.04532012,,
2025-12-31,Janus Henderson Multi-Sector Income Fund,47103D520,JMUDX,12/31/2025,12/31/2025,12/31/2025,0.05267482,,
2022-01-31,Janus Henderson Multi-Sector Income Fund,47103D512,JMUIX,1/31/2022,1/31/2022,1/31/2022,0.02762396,,
2022-02-28,Janus Henderson Multi-Sector Income Fund,47103D512,JMUIX,2/28/2022,2/28/2022,2/28/2022,0.03199019,,
2022-03-31,Janus Henderson Multi-Sector Income Fund,47103D512,JMUIX,3/31/2022,3/31/2022,3/31/2022,0.03048867,,
2022-04-29,Janus Henderson Multi-Sector Income Fund,47103D512,JMUIX,4/29/2022,4/29/2022,4/29/2022,0.03143308,,
2022-05-31,Janus Henderson Multi-Sector Income Fund,47103D512,JMUIX,5/31/2022,5/31/2022,5/31/2022,0.03021829,,
2022-06-30,Janus Henderson Multi-Sector Income Fund,47103D512,JMUIX,6/30/2022,6/30/2022,6/30/2022,0.03277191,,
2022-07-29,Janus Henderson Multi-Sector Income Fund,47103D512,JMUIX,7/29/2022,7/29/2022,7/29/2022,0.03611671,,
2022-08-31,Janus Henderson Multi-Sector Income Fund,47103D512,JMUIX,8/31/2022,8/31/2022,8/31/2022,0.03807130,,
2022-09-30,Janus Henderson Multi-Sector Income Fund,47103D512,JMUIX,9/30/2022,9/30/2022,9/30/2022,0.04090178,,
2022-10-31,Janus Henderson Multi-Sector Income Fund,47103D512,JMUIX,10/31/2022,10/31/2022,10/31/2022,0.03876529,,
2022-11-30,Janus Henderson Multi-Sector Income Fund,47103D512,JMUIX,11/30/2022,11/30/2022,11/30/2022,0.04081138,,
2022-12-30,Janus Henderson Multi-Sector Income Fund,47103D512,JMUIX,12/30/2022,12/30/2022,12/30/2022,0.04475206,,
2023-01-31,Janus Henderson Multi-Sector Income Fund,47103D512,JMUIX,1/31/2023,1/31/2023,1/31/2023,0.04129732,,
2023-02-28,Janus Henderson Multi-Sector Income Fund,47103D512,JMUIX,2/28/2023,2/28/2023,2/28/2023,0.04157400,,
2023-03-31,Janus Henderson Multi-Sector Income Fund,47103D512,JMUIX,3/31/2023,3/31/2023,3/31/2023,0.04751769,,
2023-04-28,Janus Henderson Multi-Sector Income Fund,47103D512,JMUIX,4/28/2023,4/28/2023,4/28/2023,0.04127044,,
2023-05-31,Janus Henderson Multi-Sector Income Fund,47103D512,JMUIX,5/31/2023,5/31/2023,5/31/2023,0.04506615,,
2023-06-30,Janus Henderson Multi-Sector Income Fund,47103D512,JMUIX,6/30/2023,6/30/2023,6/30/2023,0.05043817,,
2023-07-31,Janus Henderson Multi-Sector Income Fund,47103D512,JMUIX,7/31/2023,7/31/2023,7/31/2023,0.04430774,,
2023-08-31,Janus Henderson Multi-Sector Income Fund,47103D512,JMUIX,8/31/2023,8/31/2023,8/31/2023,0.05451052,,
2023-09-29,Janus Henderson Multi-Sector Income Fund,47103D512,JMUIX,9/29/2023,9/29/2023,9/29/2023,0.04979367,,
2023-10-31,Janus Henderson Multi-Sector Income Fund,47103D512,JMUIX,10/31/2023,10/31/2023,10/31/2023,0.04762731,,
2023-11-30,Janus Henderson Multi-Sector Income Fund,47103D512,JMUIX,11/30/2023,11/30/2023,11/30/2023,0.04854348,,
2023-12-29,Janus Henderson Multi-Sector Income Fund,47103D512,JMUIX,12/29/2023,12/29/2023,12/29/2023,0.05076349,,
2024-01-31,Janus Henderson Multi-Sector Income Fund,47103D512,JMUIX,1/31/2024,1/31/2024,1/31/2024,0.04951790,,
2024-02-29,Janus Henderson Multi-Sector Income Fund,47103D512,JMUIX,2/29/2024,2/29/2024,2/29/2024,0.04925498,,
2024-03-28,Janus Henderson Multi-Sector Income Fund,47103D512,JMUIX,3/28/2024,3/28/2024,3/28/2024,0.04998078,,
2024-04-30,Janus Henderson Multi-Sector Income Fund,47103D512,JMUIX,4/30/2024,4/30/2024,4/30/2024,0.05082980,,
2024-05-31,Janus Henderson Multi-Sector Income Fund,47103D512,JMUIX,5/31/2024,5/31/2024,5/31/2024,0.05262292,,
2024-06-28,Janus Henderson Multi-Sector Income Fund,47103D512,JMUIX,6/28/2024,6/28/2024,6/28/2024,0.04467904,,
2024-07-31,Janus Henderson Multi-Sector Income Fund,47103D512,JMUIX,7/31/2024,7/31/2024,7/31/2024,0.05199733,,
2024-08-30,Janus Henderson Multi-Sector Income Fund,47103D512,JMUIX,8/30/2024,8/30/2024,8/30/2024,0.05329765,,
2024-09-30,Janus Henderson Multi-Sector Income Fund,47103D512,JMUIX,9/30/2024,9/30/2024,9/30/2024,0.04483369,,
2024-10-31,Janus Henderson Multi-Sector Income Fund,47103D512,JMUIX,10/31/2024,10/31/2024,10/31/2024,0.05042856,,
2024-11-29,Janus Henderson Multi-Sector Income Fund,47103D512,JMUIX,11/29/2024,11/29/2024,11/29/2024,0.05261791,,
2024-12-31,Janus Henderson Multi-Sector Income Fund,47103D512,JMUIX,12/31/2024,12/31/2024,12/31/2024,0.04970513,,
2025-01-31,Janus Henderson Multi-Sector Income Fund,47103D512,JMUIX,1/31/2025,1/31/2025,1/31/2025,0.04791137,,
2025-02-28,Janus Henderson Multi-Sector Income Fund,47103D512,JMUIX,2/28/2025,2/28/2025,2/28/2025,0.04685887,,
2025-03-31,Janus Henderson Multi-Sector Income Fund,47103D512,JMUIX,3/31/2025,3/31/2025,3/31/2025,0.04412775,,
2025-04-30,Janus Henderson Multi-Sector Income Fund,47103D512,JMUIX,4/30/2025,4/30/2025,4/30/2025,0.04878181,,
2025-05-30,Janus Henderson Multi-Sector Income Fund,47103D512,JMUIX,5/30/2025,5/30/2025,5/30/2025,0.04964640,,
2025-06-30,Janus Henderson Multi-Sector Income Fund,47103D512,JMUIX,6/30/2025,6/30/2025,6/30/2025,0.04608581,,
2025-07-31,Janus Henderson Multi-Sector Income Fund,47103D512,JMUIX,7/31/2025,7/31/2025,7/31/2025,0.04700582,,
2025-08-29,Janus Henderson Multi-Sector Income Fund,47103D512,JMUIX,8/29/2025,8/29/2025,8/29/2025,0.04957747,,
2025-09-30,Janus Henderson Multi-Sector Income Fund,47103D512,JMUIX,9/30/2025,9/30/2025,9/30/2025,0.04737582,,
2025-10-31,Janus Henderson Multi-Sector Income Fund,47103D512,JMUIX,10/31/2025,10/31/2025,10/31/2025,0.05163855,,
2025-11-28,Janus Henderson Multi-Sector Income Fund,47103D512,JMUIX,11/28/2025,11/28/2025,11/28/2025,0.04547591,,
2025-12-31,Janus Henderson Multi-Sector Income Fund,47103D512,JMUIX,12/31/2025,12/31/2025,12/31/2025,0.05300697,,
2022-01-31,Janus Henderson Multi-Sector Income Fund,47103D488,JMUSX,1/31/2022,1/31/2022,1/31/2022,0.02423489,,
2022-02-28,Janus Henderson Multi-Sector Income Fund,47103D488,JMUSX,2/28/2022,2/28/2022,2/28/2022,0.02883907,,
2022-03-31,Janus Henderson Multi-Sector Income Fund,47103D488,JMUSX,3/31/2022,3/31/2022,3/31/2022,0.02696353,,
2022-04-29,Janus Henderson Multi-Sector Income Fund,47103D488,JMUSX,4/29/2022,4/29/2022,4/29/2022,0.02817093,,
2022-05-31,Janus Henderson Multi-Sector Income Fund,47103D488,JMUSX,5/31/2022,5/31/2022,5/31/2022,0.02696647,,
2022-06-30,Janus Henderson Multi-Sector Income Fund,47103D488,JMUSX,6/30/2022,6/30/2022,6/30/2022,0.02988292,,
2022-07-29,Janus Henderson Multi-Sector Income Fund,47103D488,JMUSX,7/29/2022,7/29/2022,7/29/2022,0.03282103,,
2022-08-31,Janus Henderson Multi-Sector Income Fund,47103D488,JMUSX,8/31/2022,8/31/2022,8/31/2022,0.03453186,,
2022-09-30,Janus Henderson Multi-Sector Income Fund,47103D488,JMUSX,9/30/2022,9/30/2022,9/30/2022,0.03753362,,
2022-10-31,Janus Henderson Multi-Sector Income Fund,47103D488,JMUSX,10/31/2022,10/31/2022,10/31/2022,0.03605697,,
2022-11-30,Janus Henderson Multi-Sector Income Fund,47103D488,JMUSX,11/30/2022,11/30/2022,11/30/2022,0.03786054,,
2022-12-30,Janus Henderson Multi-Sector Income Fund,47103D488,JMUSX,12/30/2022,12/30/2022,12/30/2022,0.04184112,,
2023-01-31,Janus Henderson Multi-Sector Income Fund,47103D488,JMUSX,1/31/2023,1/31/2023,1/31/2023,0.03836203,,
2023-02-28,Janus Henderson Multi-Sector Income Fund,47103D488,JMUSX,2/28/2023,2/28/2023,2/28/2023,0.03892903,,
2023-03-31,Janus Henderson Multi-Sector Income Fund,47103D488,JMUSX,3/31/2023,3/31/2023,3/31/2023,0.04425075,,
2023-04-28,Janus Henderson Multi-Sector Income Fund,47103D488,JMUSX,4/28/2023,4/28/2023,4/28/2023,0.03819695,,
2023-05-31,Janus Henderson Multi-Sector Income Fund,47103D488,JMUSX,5/31/2023,5/31/2023,5/31/2023,0.04280756,,
2023-06-30,Janus Henderson Multi-Sector Income Fund,47103D488,JMUSX,6/30/2023,6/30/2023,6/30/2023,0.04729346,,
2023-07-31,Janus Henderson Multi-Sector Income Fund,47103D488,JMUSX,7/31/2023,7/31/2023,7/31/2023,0.04098517,,
2023-08-31,Janus Henderson Multi-Sector Income Fund,47103D488,JMUSX,8/31/2023,8/31/2023,8/31/2023,0.05143910,,
2023-09-29,Janus Henderson Multi-Sector Income Fund,47103D488,JMUSX,9/29/2023,9/29/2023,9/29/2023,0.04659518,,
2023-10-31,Janus Henderson Multi-Sector Income Fund,47103D488,JMUSX,10/31/2023,10/31/2023,10/31/2023,0.04456714,,
2023-11-30,Janus Henderson Multi-Sector Income Fund,47103D488,JMUSX,11/30/2023,11/30/2023,11/30/2023,0.04569406,,
2023-12-29,Janus Henderson Multi-Sector Income Fund,47103D488,JMUSX,12/29/2023,12/29/2023,12/29/2023,0.04745787,,
2024-01-31,Janus Henderson Multi-Sector Income Fund,47103D488,JMUSX,1/31/2024,1/31/2024,1/31/2024,0.04641706,,
2024-02-29,Janus Henderson Multi-Sector Income Fund,47103D488,JMUSX,2/29/2024,2/29/2024,2/29/2024,0.04627289,,
2024-03-28,Janus Henderson Multi-Sector Income Fund,47103D488,JMUSX,3/28/2024,3/28/2024,3/28/2024,0.04676569,,
2024-04-30,Janus Henderson Multi-Sector Income Fund,47103D488,JMUSX,4/30/2024,4/30/2024,4/30/2024,0.04768218,,
2024-05-31,Janus Henderson Multi-Sector Income Fund,47103D488,JMUSX,5/31/2024,5/31/2024,5/31/2024,0.04922868,,
2024-06-28,Janus Henderson Multi-Sector Income Fund,47103D488,JMUSX,6/28/2024,6/28/2024,6/28/2024,0.04192119,,
2024-07-31,Janus Henderson Multi-Sector Income Fund,47103D488,JMUSX,7/31/2024,7/31/2024,7/31/2024,0.04876959,,
2024-08-30,Janus Henderson Multi-Sector Income Fund,47103D488,JMUSX,8/30/2024,8/30/2024,8/30/2024,0.04978916,,
2024-09-30,Janus Henderson Multi-Sector Income Fund,47103D488,JMUSX,9/30/2024,9/30/2024,9/30/2024,0.04182510,,
2024-10-31,Janus Henderson Multi-Sector Income Fund,47103D488,JMUSX,10/31/2024,10/31/2024,10/31/2024,0.04687514,,
2024-11-29,Janus Henderson Multi-Sector Income Fund,47103D488,JMUSX,11/29/2024,11/29/2024,11/29/2024,0.04919324,,
2024-12-31,Janus Henderson Multi-Sector Income Fund,47103D488,JMUSX,12/31/2024,12/31/2024,12/31/2024,0.04607197,,
2025-01-31,Janus Henderson Multi-Sector Income Fund,47103D488,JMUSX,1/31/2025,1/31/2025,1/31/2025,0.04441464,,
2025-02-28,Janus Henderson Multi-Sector Income Fund,47103D488,JMUSX,2/28/2025,2/28/2025,2/28/2025,0.04362801,,
2025-03-31,Janus Henderson Multi-Sector Income Fund,47103D488,JMUSX,3/31/2025,3/31/2025,3/31/2025,0.04087413,,
2025-04-30,Janus Henderson Multi-Sector Income Fund,47103D488,JMUSX,4/30/2025,4/30/2025,4/30/2025,0.04557636,,
2025-05-30,Janus Henderson Multi-Sector Income Fund,47103D488,JMUSX,5/30/2025,5/30/2025,5/30/2025,0.04624231,,
2025-06-30,Janus Henderson Multi-Sector Income Fund,47103D488,JMUSX,6/30/2025,6/30/2025,6/30/2025,0.04298939,,
2025-07-31,Janus Henderson Multi-Sector Income Fund,47103D488,JMUSX,7/31/2025,7/31/2025,7/31/2025,0.04365044,,
2025-08-29,Janus Henderson Multi-Sector Income Fund,47103D488,JMUSX,8/29/2025,8/29/2025,8/29/2025,0.04624087,,
2025-09-30,Janus Henderson Multi-Sector Income Fund,47103D488,JMUSX,9/30/2025,9/30/2025,9/30/2025,0.04428465,,
2025-10-31,Janus Henderson Multi-Sector Income Fund,47103D488,JMUSX,10/31/2025,10/31/2025,10/31/2025,0.04821804,,
2025-11-28,Janus Henderson Multi-Sector Income Fund,47103D488,JMUSX,11/28/2025,11/28/2025,11/28/2025,0.04266940,,
2025-12-31,Janus Henderson Multi-Sector Income Fund,47103D488,JMUSX,12/31/2025,12/31/2025,12/31/2025,0.04960195,,
2022-01-31,Janus Henderson Multi-Sector Income Fund,47103D470,JMUTX,1/31/2022,1/31/2022,1/31/2022,0.02654610,,
2022-02-28,Janus Henderson Multi-Sector Income Fund,47103D470,JMUTX,2/28/2022,2/28/2022,2/28/2022,0.03102295,,
2022-03-31,Janus Henderson Multi-Sector Income Fund,47103D470,JMUTX,3/31/2022,3/31/2022,3/31/2022,0.02931969,,
2022-04-29,Janus Henderson Multi-Sector Income Fund,47103D470,JMUTX,4/29/2022,4/29/2022,4/29/2022,0.03035782,,
2022-05-31,Janus Henderson Multi-Sector Income Fund,47103D470,JMUTX,5/31/2022,5/31/2022,5/31/2022,0.02902016,,
2022-06-30,Janus Henderson Multi-Sector Income Fund,47103D470,JMUTX,6/30/2022,6/30/2022,6/30/2022,0.03188317,,
2022-07-29,Janus Henderson Multi-Sector Income Fund,47103D470,JMUTX,7/29/2022,7/29/2022,7/29/2022,0.03495064,,
2022-08-31,Janus Henderson Multi-Sector Income Fund,47103D470,JMUTX,8/31/2022,8/31/2022,8/31/2022,0.03696180,,
2022-09-30,Janus Henderson Multi-Sector Income Fund,47103D470,JMUTX,9/30/2022,9/30/2022,9/30/2022,0.03972278,,
2022-10-31,Janus Henderson Multi-Sector Income Fund,47103D470,JMUTX,10/31/2022,10/31/2022,10/31/2022,0.03786670,,
2022-11-30,Janus Henderson Multi-Sector Income Fund,47103D470,JMUTX,11/30/2022,11/30/2022,11/30/2022,0.03974323,,
2022-12-30,Janus Henderson Multi-Sector Income Fund,47103D470,JMUTX,12/30/2022,12/30/2022,12/30/2022,0.04373222,,
2023-01-31,Janus Henderson Multi-Sector Income Fund,47103D470,JMUTX,1/31/2023,1/31/2023,1/31/2023,0.04034599,,
2023-02-28,Janus Henderson Multi-Sector Income Fund,47103D470,JMUTX,2/28/2023,2/28/2023,2/28/2023,0.04087643,,
2023-03-31,Janus Henderson Multi-Sector Income Fund,47103D470,JMUTX,3/31/2023,3/31/2023,3/31/2023,0.04650820,,
2023-04-28,Janus Henderson Multi-Sector Income Fund,47103D470,JMUTX,4/28/2023,4/28/2023,4/28/2023,0.04016125,,
2023-05-31,Janus Henderson Multi-Sector Income Fund,47103D470,JMUTX,5/31/2023,5/31/2023,5/31/2023,0.04417141,,
2023-06-30,Janus Henderson Multi-Sector Income Fund,47103D470,JMUTX,6/30/2023,6/30/2023,6/30/2023,0.04946807,,
2023-07-31,Janus Henderson Multi-Sector Income Fund,47103D470,JMUTX,7/31/2023,7/31/2023,7/31/2023,0.04323577,,
2023-08-31,Janus Henderson Multi-Sector Income Fund,47103D470,JMUTX,8/31/2023,8/31/2023,8/31/2023,0.05362717,,
2023-09-29,Janus Henderson Multi-Sector Income Fund,47103D470,JMUTX,9/29/2023,9/29/2023,9/29/2023,0.04874132,,
2023-10-31,Janus Henderson Multi-Sector Income Fund,47103D470,JMUTX,10/31/2023,10/31/2023,10/31/2023,0.04660726,,
2023-11-30,Janus Henderson Multi-Sector Income Fund,47103D470,JMUTX,11/30/2023,11/30/2023,11/30/2023,0.04768761,,
2023-12-29,Janus Henderson Multi-Sector Income Fund,47103D470,JMUTX,12/29/2023,12/29/2023,12/29/2023,0.04957882,,
2024-01-31,Janus Henderson Multi-Sector Income Fund,47103D470,JMUTX,1/31/2024,1/31/2024,1/31/2024,0.04851715,,
2024-02-29,Janus Henderson Multi-Sector Income Fund,47103D470,JMUTX,2/29/2024,2/29/2024,2/29/2024,0.04834813,,
2024-03-28,Janus Henderson Multi-Sector Income Fund,47103D470,JMUTX,3/28/2024,3/28/2024,3/28/2024,0.04894722,,
2024-04-30,Janus Henderson Multi-Sector Income Fund,47103D470,JMUTX,4/30/2024,4/30/2024,4/30/2024,0.04973215,,
2024-05-31,Janus Henderson Multi-Sector Income Fund,47103D470,JMUTX,5/31/2024,5/31/2024,5/31/2024,0.05154184,,
2024-06-28,Janus Henderson Multi-Sector Income Fund,47103D470,JMUTX,6/28/2024,6/28/2024,6/28/2024,0.04377013,,
2024-07-31,Janus Henderson Multi-Sector Income Fund,47103D470,JMUTX,7/31/2024,7/31/2024,7/31/2024,0.05089553,,
2024-08-30,Janus Henderson Multi-Sector Income Fund,47103D470,JMUTX,8/30/2024,8/30/2024,8/30/2024,0.05218430,,
2024-09-30,Janus Henderson Multi-Sector Income Fund,47103D470,JMUTX,9/30/2024,9/30/2024,9/30/2024,0.04378321,,
2024-10-31,Janus Henderson Multi-Sector Income Fund,47103D470,JMUTX,10/31/2024,10/31/2024,10/31/2024,0.04919818,,
2024-11-29,Janus Henderson Multi-Sector Income Fund,47103D470,JMUTX,11/29/2024,11/29/2024,11/29/2024,0.05171830,,
2024-12-31,Janus Henderson Multi-Sector Income Fund,47103D470,JMUTX,12/31/2024,12/31/2024,12/31/2024,0.04853598,,
2025-01-31,Janus Henderson Multi-Sector Income Fund,47103D470,JMUTX,1/31/2025,1/31/2025,1/31/2025,0.04701639,,
2025-02-28,Janus Henderson Multi-Sector Income Fund,47103D470,JMUTX,2/28/2025,2/28/2025,2/28/2025,0.04582296,,
2025-03-31,Janus Henderson Multi-Sector Income Fund,47103D470,JMUTX,3/31/2025,3/31/2025,3/31/2025,0.04314452,,
2025-04-30,Janus Henderson Multi-Sector Income Fund,47103D470,JMUTX,4/30/2025,4/30/2025,4/30/2025,0.04774373,,
2025-05-30,Janus Henderson Multi-Sector Income Fund,47103D470,JMUTX,5/30/2025,5/30/2025,5/30/2025,0.04858930,,
2025-06-30,Janus Henderson Multi-Sector Income Fund,47103D470,JMUTX,6/30/2025,6/30/2025,6/30/2025,0.04502851,,
2025-07-31,Janus Henderson Multi-Sector Income Fund,47103D470,JMUTX,7/31/2025,7/31/2025,7/31/2025,0.04578445,,
2025-08-29,Janus Henderson Multi-Sector Income Fund,47103D470,JMUTX,8/29/2025,8/29/2025,8/29/2025,0.04852682,,
2025-09-30,Janus Henderson Multi-Sector Income Fund,47103D470,JMUTX,9/30/2025,9/30/2025,9/30/2025,0.04625026,,
2025-10-31,Janus Henderson Multi-Sector Income Fund,47103D470,JMUTX,10/31/2025,10/31/2025,10/31/2025,0.05044770,,
2025-11-28,Janus Henderson Multi-Sector Income Fund,47103D470,JMUTX,11/28/2025,11/28/2025,11/28/2025,0.04467593,,
2025-12-31,Janus Henderson Multi-Sector Income Fund,47103D470,JMUTX,12/31/2025,12/31/2025,12/31/2025,0.05174096,,
2021-01-29,Janus Henderson High-Yield Fund,47103E833,JNHYX,1/29/2021,1/29/2021,1/29/2021,0.03053173,,
2021-02-26,Janus Henderson High-Yield Fund,47103E833,JNHYX,2/26/2021,2/26/2021,2/26/2021,0.03590055,,
2021-03-31,Janus Henderson High-Yield Fund,47103E833,JNHYX,3/31/2021,3/31/2021,3/31/2021,0.03353923,,
2021-04-30,Janus Henderson High-Yield Fund,47103E833,JNHYX,4/30/2021,4/30/2021,4/30/2021,0.03628785,,
2021-05-28,Janus Henderson High-Yield Fund,47103E833,JNHYX,5/28/2021,5/28/2021,5/28/2021,0.03040435,,
2021-06-30,Janus Henderson High-Yield Fund,47103E833,JNHYX,6/30/2021,6/30/2021,6/30/2021,0.03178169,,
2021-07-30,Janus Henderson High-Yield Fund,47103E833,JNHYX,7/30/2021,7/30/2021,7/30/2021,0.03361431,,
2021-08-31,Janus Henderson High-Yield Fund,47103E833,JNHYX,8/31/2021,8/31/2021,8/31/2021,0.03345485,,
2021-09-30,Janus Henderson High-Yield Fund,47103E833,JNHYX,9/30/2021,9/30/2021,9/30/2021,0.03105055,,
2021-10-29,Janus Henderson High-Yield Fund,47103E833,JNHYX,10/29/2021,10/29/2021,10/29/2021,0.03324534,,
2021-11-30,Janus Henderson High-Yield Fund,47103E833,JNHYX,11/30/2021,11/30/2021,11/30/2021,0.03961600,,
2021-12-31,Janus Henderson High-Yield Fund,47103E833,JNHYX,12/31/2021,12/31/2021,12/31/2021,0.03305017,,
2022-01-31,Janus Henderson High-Yield Fund,47103E833,JNHYX,1/31/2022,1/31/2022,1/31/2022,0.02802608,,
2022-02-28,Janus Henderson High-Yield Fund,47103E833,JNHYX,2/28/2022,2/28/2022,2/28/2022,0.03303682,,
2022-03-31,Janus Henderson High-Yield Fund,47103E833,JNHYX,3/31/2022,3/31/2022,3/31/2022,0.03167328,,
2022-04-29,Janus Henderson High-Yield Fund,47103E833,JNHYX,4/29/2022,4/29/2022,4/29/2022,0.03189781,,
2022-05-31,Janus Henderson High-Yield Fund,47103E833,JNHYX,5/31/2022,5/31/2022,5/31/2022,0.03093511,,
2022-06-30,Janus Henderson High-Yield Fund,47103E833,JNHYX,6/30/2022,6/30/2022,6/30/2022,0.03167650,,
2022-07-29,Janus Henderson High-Yield Fund,47103E833,JNHYX,7/29/2022,7/29/2022,7/29/2022,0.03260414,,
2022-08-31,Janus Henderson High-Yield Fund,47103E833,JNHYX,8/31/2022,8/31/2022,8/31/2022,0.03404026,,
2022-09-30,Janus Henderson High-Yield Fund,47103E833,JNHYX,9/30/2022,9/30/2022,9/30/2022,0.03630732,,
2022-10-31,Janus Henderson High-Yield Fund,47103E833,JNHYX,10/31/2022,10/31/2022,10/31/2022,0.03197770,,
2022-11-30,Janus Henderson High-Yield Fund,47103E833,JNHYX,11/30/2022,11/30/2022,11/30/2022,0.03541147,,
2022-12-30,Janus Henderson High-Yield Fund,47103E833,JNHYX,12/30/2022,12/30/2022,12/30/2022,0.03804077,,
2023-01-31,Janus Henderson High-Yield Fund,47103E833,JNHYX,1/31/2023,1/31/2023,1/31/2023,0.03406114,,
2023-02-28,Janus Henderson High-Yield Fund,47103E833,JNHYX,2/28/2023,2/28/2023,2/28/2023,0.03686369,,
2023-03-31,Janus Henderson High-Yield Fund,47103E833,JNHYX,3/31/2023,3/31/2023,3/31/2023,0.03936423,,
2023-04-28,Janus Henderson High-Yield Fund,47103E833,JNHYX,4/28/2023,4/28/2023,4/28/2023,0.03452538,,
2023-05-31,Janus Henderson High-Yield Fund,47103E833,JNHYX,5/31/2023,5/31/2023,5/31/2023,0.03794654,,
2023-06-30,Janus Henderson High-Yield Fund,47103E833,JNHYX,6/30/2023,6/30/2023,6/30/2023,0.04036980,,
2023-07-31,Janus Henderson High-Yield Fund,47103E833,JNHYX,7/31/2023,7/31/2023,7/31/2023,0.03492476,,
2023-08-31,Janus Henderson High-Yield Fund,47103E833,JNHYX,8/31/2023,8/31/2023,8/31/2023,0.03827051,,
2023-09-29,Janus Henderson High-Yield Fund,47103E833,JNHYX,9/29/2023,9/29/2023,9/29/2023,0.03973166,,
2023-10-31,Janus Henderson High-Yield Fund,47103E833,JNHYX,10/31/2023,10/31/2023,10/31/2023,0.03796683,,
2023-11-30,Janus Henderson High-Yield Fund,47103E833,JNHYX,11/30/2023,11/30/2023,11/30/2023,0.03926866,,
2023-12-29,Janus Henderson High-Yield Fund,47103E833,JNHYX,12/29/2023,12/29/2023,12/29/2023,0.04049825,,
2024-01-31,Janus Henderson High-Yield Fund,47103E833,JNHYX,1/31/2024,1/31/2024,1/31/2024,0.03799872,,
2024-02-29,Janus Henderson High-Yield Fund,47103E833,JNHYX,2/29/2024,2/29/2024,2/29/2024,0.03936145,,
2024-03-28,Janus Henderson High-Yield Fund,47103E833,JNHYX,3/28/2024,3/28/2024,3/28/2024,0.03895324,,
2024-04-30,Janus Henderson High-Yield Fund,47103E833,JNHYX,4/30/2024,4/30/2024,4/30/2024,0.04031298,,
2024-05-31,Janus Henderson High-Yield Fund,47103E833,JNHYX,5/31/2024,5/31/2024,5/31/2024,0.04370503,,
2024-06-28,Janus Henderson High-Yield Fund,47103E833,JNHYX,6/28/2024,6/28/2024,6/28/2024,0.03819940,,
2024-07-31,Janus Henderson High-Yield Fund,47103E833,JNHYX,7/31/2024,7/31/2024,7/31/2024,0.04068511,,
2024-08-30,Janus Henderson High-Yield Fund,47103E833,JNHYX,8/30/2024,8/30/2024,8/30/2024,0.04521306,,
2024-09-30,Janus Henderson High-Yield Fund,47103E833,JNHYX,9/30/2024,9/30/2024,9/30/2024,0.03810332,,
2024-10-31,Janus Henderson High-Yield Fund,47103E833,JNHYX,10/31/2024,10/31/2024,10/31/2024,0.04123934,,
2024-11-29,Janus Henderson High-Yield Fund,47103E833,JNHYX,11/29/2024,11/29/2024,11/29/2024,0.04843935,,
2024-12-31,Janus Henderson High-Yield Fund,47103E833,JNHYX,12/31/2024,12/31/2024,12/31/2024,0.04181195,,
2025-01-31,Janus Henderson High-Yield Fund,47103E833,JNHYX,1/31/2025,1/31/2025,1/31/2025,0.04246854,,
2025-02-28,Janus Henderson High-Yield Fund,47103E833,JNHYX,2/28/2025,2/28/2025,2/28/2025,0.04275492,,
2025-03-31,Janus Henderson High-Yield Fund,47103E833,JNHYX,3/31/2025,3/31/2025,3/31/2025,0.04070023,,
2025-04-30,Janus Henderson High-Yield Fund,47103E833,JNHYX,4/30/2025,4/30/2025,4/30/2025,0.04229593,,
2025-05-30,Janus Henderson High-Yield Fund,47103E833,JNHYX,5/30/2025,5/30/2025,5/30/2025,0.04274650,,
2025-06-30,Janus Henderson High-Yield Fund,47103E833,JNHYX,6/30/2025,6/30/2025,6/30/2025,0.04038954,,
2025-07-31,Janus Henderson High-Yield Fund,47103E833,JNHYX,7/31/2025,7/31/2025,7/31/2025,0.04186967,,
2025-08-29,Janus Henderson High-Yield Fund,47103E833,JNHYX,8/29/2025,8/29/2025,8/29/2025,0.04291061,,
2025-09-30,Janus Henderson High-Yield Fund,47103E833,JNHYX,9/30/2025,9/30/2025,9/30/2025,0.03849124,,
2025-10-31,Janus Henderson High-Yield Fund,47103E833,JNHYX,10/31/2025,10/31/2025,10/31/2025,0.04229567,,
2025-11-28,Janus Henderson High-Yield Fund,47103E833,JNHYX,11/28/2025,11/28/2025,11/28/2025,0.03712043,,
2025-12-31,Janus Henderson High-Yield Fund,47103E833,JNHYX,12/31/2025,12/31/2025,12/31/2025,0.04121154,,
2021-01-29,Janus Henderson Money Market Fund,47103E791,JNMXX,1/29/2021,1/29/2021,1/29/2021,0.00000107,,
2021-02-26,Janus Henderson Money Market Fund,47103E791,JNMXX,2/26/2021,2/26/2021,2/26/2021,0.00000107,,
2021-03-31,Janus Henderson Money Market Fund,47103E791,JNMXX,3/31/2021,3/31/2021,3/31/2021,0.00000120,,
2021-04-30,Janus Henderson Money Market Fund,47103E791,JNMXX,4/30/2021,4/30/2021,4/30/2021,0.00000122,,
2021-05-28,Janus Henderson Money Market Fund,47103E791,JNMXX,5/28/2021,5/28/2021,5/28/2021,0.00000111,,
2021-06-30,Janus Henderson Money Market Fund,47103E791,JNMXX,6/30/2021,6/30/2021,6/30/2021,0.00000116,,
2021-07-30,Janus Henderson Money Market Fund,47103E791,JNMXX,7/30/2021,7/30/2021,7/30/2021,0.00000112,,
2021-08-31,Janus Henderson Money Market Fund,47103E791,JNMXX,8/31/2021,8/31/2021,8/31/2021,0.00000086,,
2021-09-30,Janus Henderson Money Market Fund,47103E791,JNMXX,9/30/2021,9/30/2021,9/30/2021,0.00000086,,
2021-10-29,Janus Henderson Money Market Fund,47103E791,JNMXX,10/29/2021,10/29/2021,10/29/2021,0.00000088,,
2021-11-30,Janus Henderson Money Market Fund,47103E791,JNMXX,11/30/2021,11/30/2021,11/30/2021,0.00000086,,
2021-12-31,Janus Henderson Money Market Fund,47103E791,JNMXX,12/31/2021,12/31/2021,12/31/2021,0.00000094,,
2022-01-31,Janus Henderson Money Market Fund,47103E791,JNMXX,1/31/2022,1/31/2022,1/31/2022,0.00000083,,
2022-02-28,Janus Henderson Money Market Fund,47103E791,JNMXX,2/28/2022,2/28/2022,2/28/2022,0.00000080,,
2022-03-31,Janus Henderson Money Market Fund,47103E791,JNMXX,3/31/2022,3/31/2022,3/31/2022,0.00000089,,
2022-04-29,Janus Henderson Money Market Fund,47103E791,JNMXX,4/29/2022,4/29/2022,4/29/2022,0.00000140,,
2022-05-31,Janus Henderson Money Market Fund,47103E791,JNMXX,5/31/2022,5/31/2022,5/31/2022,0.00000086,,
2022-06-30,Janus Henderson Money Market Fund,47103E791,JNMXX,6/30/2022,6/30/2022,6/30/2022,0.00000086,,
2022-07-29,Janus Henderson Money Market Fund,47103E791,JNMXX,7/29/2022,7/29/2022,7/29/2022,0.00092026,,
2022-08-31,Janus Henderson Money Market Fund,47103E791,JNMXX,8/31/2022,8/31/2022,8/31/2022,0.00146479,,
2022-09-30,Janus Henderson Money Market Fund,47103E791,JNMXX,9/30/2022,9/30/2022,9/30/2022,0.00178076,,
2022-10-31,Janus Henderson Money Market Fund,47103E791,JNMXX,10/31/2022,10/31/2022,10/31/2022,0.00203343,,
2022-11-30,Janus Henderson Money Market Fund,47103E791,JNMXX,11/30/2022,11/30/2022,11/30/2022,0.00261703,,
2022-12-30,Janus Henderson Money Market Fund,47103E791,JNMXX,12/30/2022,12/30/2022,12/30/2022,0.00322770,,
2023-01-31,Janus Henderson Money Market Fund,47103E791,JNMXX,1/31/2023,1/31/2023,1/31/2023,0.00307002,,
2023-02-28,Janus Henderson Money Market Fund,47103E791,JNMXX,2/28/2023,2/28/2023,2/28/2023,0.00305810,,
2023-03-31,Janus Henderson Money Market Fund,47103E791,JNMXX,3/31/2023,3/31/2023,3/31/2023,0.00375236,,
2023-04-28,Janus Henderson Money Market Fund,47103E791,JNMXX,4/28/2023,4/28/2023,4/28/2023,0.00333940,,
2023-05-31,Janus Henderson Money Market Fund,47103E791,JNMXX,5/31/2023,5/31/2023,5/31/2023,0.00380793,,
2023-06-30,Janus Henderson Money Market Fund,47103E791,JNMXX,6/30/2023,6/30/2023,6/30/2023,0.00402453,,
2023-07-31,Janus Henderson Money Market Fund,47103E791,JNMXX,7/31/2023,7/31/2023,7/31/2023,0.00374100,,
2023-08-31,Janus Henderson Money Market Fund,47103E791,JNMXX,8/31/2023,8/31/2023,8/31/2023,0.00406514,,
2023-09-29,Janus Henderson Money Market Fund,47103E791,JNMXX,9/29/2023,9/29/2023,9/29/2023,0.00412900,,
2023-10-31,Janus Henderson Money Market Fund,47103E791,JNMXX,10/31/2023,10/31/2023,10/31/2023,0.00401324,,
2023-11-30,Janus Henderson Money Market Fund,47103E791,JNMXX,11/30/2023,11/30/2023,11/30/2023,0.00401081,,
2023-12-29,Janus Henderson Money Market Fund,47103E791,JNMXX,12/29/2023,12/29/2023,12/29/2023,0.00430344,,
2024-01-31,Janus Henderson Money Market Fund,47103E791,JNMXX,1/31/2024,1/31/2024,1/31/2024,0.00402935,,
2024-02-29,Janus Henderson Money Market Fund,47103E791,JNMXX,2/29/2024,2/29/2024,2/29/2024,0.00384731,,
2024-03-28,Janus Henderson Money Market Fund,47103E791,JNMXX,3/28/2024,3/28/2024,3/28/2024,0.00412986,,
2024-04-30,Janus Henderson Money Market Fund,47103E791,JNMXX,4/30/2024,4/30/2024,4/30/2024,0.00397813,,
2024-05-31,Janus Henderson Money Market Fund,47103E791,JNMXX,5/31/2024,5/31/2024,5/31/2024,0.00437797,,
2024-06-28,Janus Henderson Money Market Fund,47103E791,JNMXX,6/28/2024,6/28/2024,6/28/2024,0.00373638,,
2024-07-31,Janus Henderson Money Market Fund,47103E791,JNMXX,7/31/2024,7/31/2024,7/31/2024,0.00409683,,
2024-08-30,Janus Henderson Money Market Fund,47103E791,JNMXX,8/30/2024,8/30/2024,8/30/2024,0.00436397,,
2024-09-30,Janus Henderson Money Market Fund,47103E791,JNMXX,9/30/2024,9/30/2024,9/30/2024,0.00359907,,
2024-10-31,Janus Henderson Money Market Fund,47103E791,JNMXX,10/31/2024,10/31/2024,10/31/2024,0.00376105,,
2024-11-29,Janus Henderson Money Market Fund,47103E791,JNMXX,11/29/2024,11/29/2024,11/29/2024,0.00374481,,
2024-12-31,Janus Henderson Money Market Fund,47103E791,JNMXX,12/31/2024,12/31/2024,12/31/2024,0.00361092,,
2025-01-31,Janus Henderson Money Market Fund,47103E791,JNMXX,1/31/2025,1/31/2025,1/31/2025,0.00360027,,
2025-02-28,Janus Henderson Money Market Fund,47103E791,JNMXX,2/28/2025,2/28/2025,2/28/2025,0.00312293,,
2025-03-31,Janus Henderson Money Market Fund,47103E791,JNMXX,3/31/2025,3/31/2025,3/31/2025,0.00318899,,
2025-04-30,Janus Henderson Money Market Fund,47103E791,JNMXX,4/30/2025,4/30/2025,4/30/2025,0.00328946,,
2025-05-30,Janus Henderson Money Market Fund,47103E791,JNMXX,5/30/2025,5/30/2025,5/30/2025,0.00351185,,
2025-06-30,Janus Henderson Money Market Fund,47103E791,JNMXX,6/30/2025,6/30/2025,6/30/2025,0.00320366,,
2025-07-31,Janus Henderson Money Market Fund,47103E791,JNMXX,7/31/2025,7/31/2025,7/31/2025,0.00339695,,
2025-08-29,Janus Henderson Money Market Fund,47103E791,JNMXX,8/29/2025,8/29/2025,8/29/2025,0.00351777,,
2025-09-30,Janus Henderson Money Market Fund,47103E791,JNMXX,9/30/2025,9/30/2025,9/30/2025,0.00313727,,
2025-10-31,Janus Henderson Money Market Fund,47103E791,JNMXX,10/31/2025,10/31/2025,10/31/2025,0.00344793,,
2025-11-28,Janus Henderson Money Market Fund,47103E791,JNMXX,11/28/2025,11/28/2025,11/28/2025,0.00282815,,
2025-12-31,Janus Henderson Money Market Fund,47103E791,JNMXX,12/31/2025,12/31/2025,12/31/2025,0.00309756,,
2021-01-29,Janus Henderson Short Duration Flexible Bond Fund,47103E742,JNSTX,1/29/2021,1/29/2021,1/29/2021,0.00403230,,
2021-02-26,Janus Henderson Short Duration Flexible Bond Fund,47103E742,JNSTX,2/26/2021,2/26/2021,2/26/2021,0.00430868,,
2021-03-31,Janus Henderson Short Duration Flexible Bond Fund,47103E742,JNSTX,3/31/2021,3/31/2021,3/31/2021,0.00573084,,
2021-04-30,Janus Henderson Short Duration Flexible Bond Fund,47103E742,JNSTX,4/30/2021,4/30/2021,4/30/2021,0.00487567,,
2021-05-28,Janus Henderson Short Duration Flexible Bond Fund,47103E742,JNSTX,5/28/2021,5/28/2021,5/28/2021,0.00366492,,
2021-06-30,Janus Henderson Short Duration Flexible Bond Fund,47103E742,JNSTX,6/30/2021,6/30/2021,6/30/2021,0.00386199,,
2021-07-30,Janus Henderson Short Duration Flexible Bond Fund,47103E742,JNSTX,7/30/2021,7/30/2021,7/30/2021,0.00401305,,
2021-08-31,Janus Henderson Short Duration Flexible Bond Fund,47103E742,JNSTX,8/31/2021,8/31/2021,8/31/2021,0.00356707,,
2021-09-30,Janus Henderson Short Duration Flexible Bond Fund,47103E742,JNSTX,9/30/2021,9/30/2021,9/30/2021,0.00289119,,
2021-10-29,Janus Henderson Short Duration Flexible Bond Fund,47103E742,JNSTX,10/29/2021,10/29/2021,10/29/2021,0.00293210,,
2021-11-30,Janus Henderson Short Duration Flexible Bond Fund,47103E742,JNSTX,11/30/2021,11/30/2021,11/30/2021,0.00371848,,
2021-12-31,Janus Henderson Short Duration Flexible Bond Fund,47103E742,JNSTX,12/31/2021,12/31/2021,12/31/2021,0.00322549,,
2022-01-31,Janus Henderson Short Duration Flexible Bond Fund,47103E742,JNSTX,1/31/2022,1/31/2022,1/31/2022,0.00291851,,
2022-02-28,Janus Henderson Short Duration Flexible Bond Fund,47103E742,JNSTX,2/28/2022,2/28/2022,2/28/2022,0.00330448,,
2022-03-31,Janus Henderson Short Duration Flexible Bond Fund,47103E742,JNSTX,3/31/2022,3/31/2022,3/31/2022,0.00339950,,
2022-04-29,Janus Henderson Short Duration Flexible Bond Fund,47103E742,JNSTX,4/29/2022,4/29/2022,4/29/2022,0.00447660,,
2022-05-31,Janus Henderson Short Duration Flexible Bond Fund,47103E742,JNSTX,5/31/2022,5/31/2022,5/31/2022,0.00414215,,
2022-06-30,Janus Henderson Short Duration Flexible Bond Fund,47103E742,JNSTX,6/30/2022,6/30/2022,6/30/2022,0.00453777,,
2022-07-29,Janus Henderson Short Duration Flexible Bond Fund,47103E742,JNSTX,7/29/2022,7/29/2022,7/29/2022,0.00493540,,
2022-08-31,Janus Henderson Short Duration Flexible Bond Fund,47103E742,JNSTX,8/31/2022,8/31/2022,8/31/2022,0.00533646,,
2022-09-30,Janus Henderson Short Duration Flexible Bond Fund,47103E742,JNSTX,9/30/2022,9/30/2022,9/30/2022,0.00589474,,
2022-10-31,Janus Henderson Short Duration Flexible Bond Fund,47103E742,JNSTX,10/31/2022,10/31/2022,10/31/2022,0.00552966,,
2022-11-30,Janus Henderson Short Duration Flexible Bond Fund,47103E742,JNSTX,11/30/2022,11/30/2022,11/30/2022,0.00635327,,
2022-12-30,Janus Henderson Short Duration Flexible Bond Fund,47103E742,JNSTX,12/30/2022,12/30/2022,12/30/2022,0.00758017,,
2023-01-31,Janus Henderson Short Duration Flexible Bond Fund,47103E742,JNSTX,1/31/2023,1/31/2023,1/31/2023,0.00725451,,
2023-02-28,Janus Henderson Short Duration Flexible Bond Fund,47103E742,JNSTX,2/28/2023,2/28/2023,2/28/2023,0.00748984,,
2023-03-31,Janus Henderson Short Duration Flexible Bond Fund,47103E742,JNSTX,3/31/2023,3/31/2023,3/31/2023,0.00851626,,
2023-04-28,Janus Henderson Short Duration Flexible Bond Fund,47103E742,JNSTX,4/28/2023,4/28/2023,4/28/2023,0.00740771,,
2023-05-31,Janus Henderson Short Duration Flexible Bond Fund,47103E742,JNSTX,5/31/2023,5/31/2023,5/31/2023,0.00830850,,
2023-06-30,Janus Henderson Short Duration Flexible Bond Fund,47103E742,JNSTX,6/30/2023,6/30/2023,6/30/2023,0.00948263,,
2023-07-31,Janus Henderson Short Duration Flexible Bond Fund,47103E742,JNSTX,7/31/2023,7/31/2023,7/31/2023,0.00898951,,
2023-08-31,Janus Henderson Short Duration Flexible Bond Fund,47103E742,JNSTX,8/31/2023,8/31/2023,8/31/2023,0.01037559,,
2023-09-29,Janus Henderson Short Duration Flexible Bond Fund,47103E742,JNSTX,9/29/2023,9/29/2023,9/29/2023,0.01047076,,
2023-10-31,Janus Henderson Short Duration Flexible Bond Fund,47103E742,JNSTX,10/31/2023,10/31/2023,10/31/2023,0.01049619,,
2023-11-30,Janus Henderson Short Duration Flexible Bond Fund,47103E742,JNSTX,11/30/2023,11/30/2023,11/30/2023,0.01116825,,
2023-12-29,Janus Henderson Short Duration Flexible Bond Fund,47103E742,JNSTX,12/29/2023,12/29/2023,12/29/2023,0.01165684,,
2024-01-31,Janus Henderson Short Duration Flexible Bond Fund,47103E742,JNSTX,1/31/2024,1/31/2024,1/31/2024,0.01174513,,
2024-02-29,Janus Henderson Short Duration Flexible Bond Fund,47103E742,JNSTX,2/29/2024,2/29/2024,2/29/2024,0.01143827,,
2024-03-28,Janus Henderson Short Duration Flexible Bond Fund,47103E742,JNSTX,3/28/2024,3/28/2024,3/28/2024,0.01176520,,
2024-04-30,Janus Henderson Short Duration Flexible Bond Fund,47103E742,JNSTX,4/30/2024,4/30/2024,4/30/2024,0.01222830,,
2024-05-31,Janus Henderson Short Duration Flexible Bond Fund,47103E742,JNSTX,5/31/2024,5/31/2024,5/31/2024,0.01288149,,
2024-06-28,Janus Henderson Short Duration Flexible Bond Fund,47103E742,JNSTX,6/28/2024,6/28/2024,6/28/2024,0.01162059,,
2024-07-31,Janus Henderson Short Duration Flexible Bond Fund,47103E742,JNSTX,7/31/2024,7/31/2024,7/31/2024,0.01270102,,
2024-08-30,Janus Henderson Short Duration Flexible Bond Fund,47103E742,JNSTX,8/30/2024,8/30/2024,8/30/2024,0.01336714,,
2024-09-30,Janus Henderson Short Duration Flexible Bond Fund,47103E742,JNSTX,9/30/2024,9/30/2024,9/30/2024,0.01157487,,
2024-10-31,Janus Henderson Short Duration Flexible Bond Fund,47103E742,JNSTX,10/31/2024,10/31/2024,10/31/2024,0.01219068,,
2024-11-29,Janus Henderson Short Duration Flexible Bond Fund,47103E742,JNSTX,11/29/2024,11/29/2024,11/29/2024,0.01385851,,
2024-12-31,Janus Henderson Short Duration Flexible Bond Fund,47103E742,JNSTX,12/31/2024,12/31/2024,12/31/2024,0.01193373,,
2025-01-31,Janus Henderson Short Duration Flexible Bond Fund,47103E742,JNSTX,1/31/2025,1/31/2025,1/31/2025,0.01206765,,
2025-02-28,Janus Henderson Short Duration Flexible Bond Fund,47103E742,JNSTX,2/28/2025,2/28/2025,2/28/2025,0.01106789,,
2025-03-31,Janus Henderson Short Duration Flexible Bond Fund,47103E742,JNSTX,3/31/2025,3/31/2025,3/31/2025,0.01074800,,
2025-04-30,Janus Henderson Short Duration Flexible Bond Fund,47103E742,JNSTX,4/30/2025,4/30/2025,4/30/2025,0.01141251,,
2025-05-30,Janus Henderson Short Duration Flexible Bond Fund,47103E742,JNSTX,5/30/2025,5/30/2025,5/30/2025,0.01177525,,
2025-06-30,Janus Henderson Short Duration Flexible Bond Fund,47103E742,JNSTX,6/30/2025,6/30/2025,6/30/2025,0.01093736,,
2025-07-31,Janus Henderson Short Duration Flexible Bond Fund,47103E742,JNSTX,7/31/2025,7/31/2025,7/31/2025,0.01152196,,
2025-08-29,Janus Henderson Short Duration Flexible Bond Fund,47103E742,JNSTX,8/29/2025,8/29/2025,8/29/2025,0.01168849,,
2025-09-30,Janus Henderson Short Duration Flexible Bond Fund,47103E742,JNSTX,9/30/2025,9/30/2025,9/30/2025,0.01086187,,
2025-10-31,Janus Henderson Short Duration Flexible Bond Fund,47103E742,JNSTX,10/31/2025,10/31/2025,10/31/2025,0.01188062,,
2025-11-28,Janus Henderson Short Duration Flexible Bond Fund,47103E742,JNSTX,11/28/2025,11/28/2025,11/28/2025,0.01025545,,
2025-12-31,Janus Henderson Short Duration Flexible Bond Fund,47103E742,JNSTX,12/31/2025,12/31/2025,12/31/2025,0.01107073,,
2021-01-29,Janus Henderson Short Duration Flexible Bond Fund,471023267,JSHAX,1/29/2021,1/29/2021,1/29/2021,0.00363796,,
2021-02-26,Janus Henderson Short Duration Flexible Bond Fund,471023267,JSHAX,2/26/2021,2/26/2021,2/26/2021,0.00390353,,
2021-03-31,Janus Henderson Short Duration Flexible Bond Fund,471023267,JSHAX,3/31/2021,3/31/2021,3/31/2021,0.00528422,,
2021-04-30,Janus Henderson Short Duration Flexible Bond Fund,471023267,JSHAX,4/30/2021,4/30/2021,4/30/2021,0.00449229,,
2021-05-28,Janus Henderson Short Duration Flexible Bond Fund,471023267,JSHAX,5/28/2021,5/28/2021,5/28/2021,0.00316560,,
2021-06-30,Janus Henderson Short Duration Flexible Bond Fund,471023267,JSHAX,6/30/2021,6/30/2021,6/30/2021,0.00345541,,
2021-07-30,Janus Henderson Short Duration Flexible Bond Fund,471023267,JSHAX,7/30/2021,7/30/2021,7/30/2021,0.00354919,,
2021-08-31,Janus Henderson Short Duration Flexible Bond Fund,471023267,JSHAX,8/31/2021,8/31/2021,8/31/2021,0.00312222,,
2021-09-30,Janus Henderson Short Duration Flexible Bond Fund,471023267,JSHAX,9/30/2021,9/30/2021,9/30/2021,0.00245765,,
2021-10-29,Janus Henderson Short Duration Flexible Bond Fund,471023267,JSHAX,10/29/2021,10/29/2021,10/29/2021,0.00247561,,
2021-11-30,Janus Henderson Short Duration Flexible Bond Fund,471023267,JSHAX,11/30/2021,11/30/2021,11/30/2021,0.00328375,,
2021-12-31,Janus Henderson Short Duration Flexible Bond Fund,471023267,JSHAX,12/31/2021,12/31/2021,12/31/2021,0.00277829,,
2022-01-31,Janus Henderson Short Duration Flexible Bond Fund,471023267,JSHAX,1/31/2022,1/31/2022,1/31/2022,0.00250696,,
2022-02-28,Janus Henderson Short Duration Flexible Bond Fund,471023267,JSHAX,2/28/2022,2/28/2022,2/28/2022,0.00293091,,
2022-03-31,Janus Henderson Short Duration Flexible Bond Fund,471023267,JSHAX,3/31/2022,3/31/2022,3/31/2022,0.00296642,,
2022-04-29,Janus Henderson Short Duration Flexible Bond Fund,471023267,JSHAX,4/29/2022,4/29/2022,4/29/2022,0.00403664,,
2022-05-31,Janus Henderson Short Duration Flexible Bond Fund,471023267,JSHAX,5/31/2022,5/31/2022,5/31/2022,0.00373334,,
2022-06-30,Janus Henderson Short Duration Flexible Bond Fund,471023267,JSHAX,6/30/2022,6/30/2022,6/30/2022,0.00411130,,
2022-07-29,Janus Henderson Short Duration Flexible Bond Fund,471023267,JSHAX,7/29/2022,7/29/2022,7/29/2022,0.00454486,,
2022-08-31,Janus Henderson Short Duration Flexible Bond Fund,471023267,JSHAX,8/31/2022,8/31/2022,8/31/2022,0.00493543,,
2022-09-30,Janus Henderson Short Duration Flexible Bond Fund,471023267,JSHAX,9/30/2022,9/30/2022,9/30/2022,0.00547818,,
2022-10-31,Janus Henderson Short Duration Flexible Bond Fund,471023267,JSHAX,10/31/2022,10/31/2022,10/31/2022,0.00513948,,
2022-11-30,Janus Henderson Short Duration Flexible Bond Fund,471023267,JSHAX,11/30/2022,11/30/2022,11/30/2022,0.00597448,,
2022-12-30,Janus Henderson Short Duration Flexible Bond Fund,471023267,JSHAX,12/30/2022,12/30/2022,12/30/2022,0.00717651,,
2023-01-31,Janus Henderson Short Duration Flexible Bond Fund,471023267,JSHAX,1/31/2023,1/31/2023,1/31/2023,0.00687040,,
2023-02-28,Janus Henderson Short Duration Flexible Bond Fund,471023267,JSHAX,2/28/2023,2/28/2023,2/28/2023,0.00710554,,
2023-03-31,Janus Henderson Short Duration Flexible Bond Fund,471023267,JSHAX,3/31/2023,3/31/2023,3/31/2023,0.00807357,,
2023-04-28,Janus Henderson Short Duration Flexible Bond Fund,471023267,JSHAX,4/28/2023,4/28/2023,4/28/2023,0.00704943,,
2023-05-31,Janus Henderson Short Duration Flexible Bond Fund,471023267,JSHAX,5/31/2023,5/31/2023,5/31/2023,0.00789252,,
2023-06-30,Janus Henderson Short Duration Flexible Bond Fund,471023267,JSHAX,6/30/2023,6/30/2023,6/30/2023,0.00898110,,
2023-07-31,Janus Henderson Short Duration Flexible Bond Fund,471023267,JSHAX,7/31/2023,7/31/2023,7/31/2023,0.00861053,,
2023-08-31,Janus Henderson Short Duration Flexible Bond Fund,471023267,JSHAX,8/31/2023,8/31/2023,8/31/2023,0.00995389,,
2023-09-29,Janus Henderson Short Duration Flexible Bond Fund,471023267,JSHAX,9/29/2023,9/29/2023,9/29/2023,0.01004013,,
2023-10-31,Janus Henderson Short Duration Flexible Bond Fund,471023267,JSHAX,10/31/2023,10/31/2023,10/31/2023,0.01009772,,
2023-11-30,Janus Henderson Short Duration Flexible Bond Fund,471023267,JSHAX,11/30/2023,11/30/2023,11/30/2023,0.01074651,,
2023-12-29,Janus Henderson Short Duration Flexible Bond Fund,471023267,JSHAX,12/29/2023,12/29/2023,12/29/2023,0.01121132,,
2024-01-31,Janus Henderson Short Duration Flexible Bond Fund,471023267,JSHAX,1/31/2024,1/31/2024,1/31/2024,0.01130183,,
2024-02-29,Janus Henderson Short Duration Flexible Bond Fund,471023267,JSHAX,2/29/2024,2/29/2024,2/29/2024,0.01102248,,
2024-03-28,Janus Henderson Short Duration Flexible Bond Fund,471023267,JSHAX,3/28/2024,3/28/2024,3/28/2024,0.01129978,,
2024-04-30,Janus Henderson Short Duration Flexible Bond Fund,471023267,JSHAX,4/30/2024,4/30/2024,4/30/2024,0.01178330,,
2024-05-31,Janus Henderson Short Duration Flexible Bond Fund,471023267,JSHAX,5/31/2024,5/31/2024,5/31/2024,0.01240810,,
2024-06-28,Janus Henderson Short Duration Flexible Bond Fund,471023267,JSHAX,6/28/2024,6/28/2024,6/28/2024,0.01121936,,
2024-07-31,Janus Henderson Short Duration Flexible Bond Fund,471023267,JSHAX,7/31/2024,7/31/2024,7/31/2024,0.01224992,,
2024-08-30,Janus Henderson Short Duration Flexible Bond Fund,471023267,JSHAX,8/30/2024,8/30/2024,8/30/2024,0.01301701,,
2024-09-30,Janus Henderson Short Duration Flexible Bond Fund,471023267,JSHAX,9/30/2024,9/30/2024,9/30/2024,0.01115880,,
2024-10-31,Janus Henderson Short Duration Flexible Bond Fund,471023267,JSHAX,10/31/2024,10/31/2024,10/31/2024,0.01173625,,
2024-11-29,Janus Henderson Short Duration Flexible Bond Fund,471023267,JSHAX,11/29/2024,11/29/2024,11/29/2024,0.01340308,,
2024-12-31,Janus Henderson Short Duration Flexible Bond Fund,471023267,JSHAX,12/31/2024,12/31/2024,12/31/2024,0.01140208,,
2025-01-31,Janus Henderson Short Duration Flexible Bond Fund,471023267,JSHAX,1/31/2025,1/31/2025,1/31/2025,0.01154705,,
2025-02-28,Janus Henderson Short Duration Flexible Bond Fund,471023267,JSHAX,2/28/2025,2/28/2025,2/28/2025,0.01062381,,
2025-03-31,Janus Henderson Short Duration Flexible Bond Fund,471023267,JSHAX,3/31/2025,3/31/2025,3/31/2025,0.01030021,,
2025-04-30,Janus Henderson Short Duration Flexible Bond Fund,471023267,JSHAX,4/30/2025,4/30/2025,4/30/2025,0.01096149,,
2025-05-30,Janus Henderson Short Duration Flexible Bond Fund,471023267,JSHAX,5/30/2025,5/30/2025,5/30/2025,0.01129131,,
2025-06-30,Janus Henderson Short Duration Flexible Bond Fund,471023267,JSHAX,6/30/2025,6/30/2025,6/30/2025,0.01049637,,
2025-07-31,Janus Henderson Short Duration Flexible Bond Fund,471023267,JSHAX,7/31/2025,7/31/2025,7/31/2025,0.01104990,,
2025-08-29,Janus Henderson Short Duration Flexible Bond Fund,471023267,JSHAX,8/29/2025,8/29/2025,8/29/2025,0.01122255,,
2025-09-30,Janus Henderson Short Duration Flexible Bond Fund,471023267,JSHAX,9/30/2025,9/30/2025,9/30/2025,0.01044593,,
2025-10-31,Janus Henderson Short Duration Flexible Bond Fund,471023267,JSHAX,10/31/2025,10/31/2025,10/31/2025,0.01140665,,
2025-11-28,Janus Henderson Short Duration Flexible Bond Fund,471023267,JSHAX,11/28/2025,11/28/2025,11/28/2025,0.00988386,,
2025-12-31,Janus Henderson Short Duration Flexible Bond Fund,471023267,JSHAX,12/31/2025,12/31/2025,12/31/2025,0.01063658,,
2021-01-29,Janus Henderson Short Duration Flexible Bond Fund,471023259,JSHCX,1/29/2021,1/29/2021,1/29/2021,0.00178323,,
2021-02-26,Janus Henderson Short Duration Flexible Bond Fund,471023259,JSHCX,2/26/2021,2/26/2021,2/26/2021,0.00205542,,
2021-03-31,Janus Henderson Short Duration Flexible Bond Fund,471023259,JSHCX,3/31/2021,3/31/2021,3/31/2021,0.00503007,,
2021-04-30,Janus Henderson Short Duration Flexible Bond Fund,471023259,JSHCX,4/30/2021,4/30/2021,4/30/2021,0.00281678,,
2021-05-28,Janus Henderson Short Duration Flexible Bond Fund,471023259,JSHCX,5/28/2021,5/28/2021,5/28/2021,0.00089345,,
2021-06-30,Janus Henderson Short Duration Flexible Bond Fund,471023259,JSHCX,6/30/2021,6/30/2021,6/30/2021,0.00248223,,
2021-07-30,Janus Henderson Short Duration Flexible Bond Fund,471023259,JSHCX,7/30/2021,7/30/2021,7/30/2021,0.00147927,,
2021-08-31,Janus Henderson Short Duration Flexible Bond Fund,471023259,JSHCX,8/31/2021,8/31/2021,8/31/2021,0.00116819,,
2021-09-30,Janus Henderson Short Duration Flexible Bond Fund,471023259,JSHCX,9/30/2021,9/30/2021,9/30/2021,0.00054889,,
2021-10-29,Janus Henderson Short Duration Flexible Bond Fund,471023259,JSHCX,10/29/2021,10/29/2021,10/29/2021,0.00046229,,
2021-11-30,Janus Henderson Short Duration Flexible Bond Fund,471023259,JSHCX,11/30/2021,11/30/2021,11/30/2021,0.00212586,,
2021-12-31,Janus Henderson Short Duration Flexible Bond Fund,471023259,JSHCX,12/31/2021,12/31/2021,12/31/2021,0.00059736,,
2022-01-31,Janus Henderson Short Duration Flexible Bond Fund,471023259,JSHCX,1/31/2022,1/31/2022,1/31/2022,0.00064723,,
2022-02-28,Janus Henderson Short Duration Flexible Bond Fund,471023259,JSHCX,2/28/2022,2/28/2022,2/28/2022,0.00156453,,
2022-03-31,Janus Henderson Short Duration Flexible Bond Fund,471023259,JSHCX,3/31/2022,3/31/2022,3/31/2022,0.00104377,,
2022-04-29,Janus Henderson Short Duration Flexible Bond Fund,471023259,JSHCX,4/29/2022,4/29/2022,4/29/2022,0.00213477,,
2022-05-31,Janus Henderson Short Duration Flexible Bond Fund,471023259,JSHCX,5/31/2022,5/31/2022,5/31/2022,0.00194898,,
2022-06-30,Janus Henderson Short Duration Flexible Bond Fund,471023259,JSHCX,6/30/2022,6/30/2022,6/30/2022,0.00294873,,
2022-07-29,Janus Henderson Short Duration Flexible Bond Fund,471023259,JSHCX,7/29/2022,7/29/2022,7/29/2022,0.00268131,,
2022-08-31,Janus Henderson Short Duration Flexible Bond Fund,471023259,JSHCX,8/31/2022,8/31/2022,8/31/2022,0.00419721,,
2022-09-30,Janus Henderson Short Duration Flexible Bond Fund,471023259,JSHCX,9/30/2022,9/30/2022,9/30/2022,0.00357849,,
2022-10-31,Janus Henderson Short Duration Flexible Bond Fund,471023259,JSHCX,10/31/2022,10/31/2022,10/31/2022,0.00339406,,
2022-11-30,Janus Henderson Short Duration Flexible Bond Fund,471023259,JSHCX,11/30/2022,11/30/2022,11/30/2022,0.00432865,,
2022-12-30,Janus Henderson Short Duration Flexible Bond Fund,471023259,JSHCX,12/30/2022,12/30/2022,12/30/2022,0.00647395,,
2023-01-31,Janus Henderson Short Duration Flexible Bond Fund,471023259,JSHCX,1/31/2023,1/31/2023,1/31/2023,0.00512101,,
2023-02-28,Janus Henderson Short Duration Flexible Bond Fund,471023259,JSHCX,2/28/2023,2/28/2023,2/28/2023,0.00618017,,
2023-03-31,Janus Henderson Short Duration Flexible Bond Fund,471023259,JSHCX,3/31/2023,3/31/2023,3/31/2023,0.00602002,,
2023-04-28,Janus Henderson Short Duration Flexible Bond Fund,471023259,JSHCX,4/28/2023,4/28/2023,4/28/2023,0.00541953,,
2023-05-31,Janus Henderson Short Duration Flexible Bond Fund,471023259,JSHCX,5/31/2023,5/31/2023,5/31/2023,0.00669227,,
2023-06-30,Janus Henderson Short Duration Flexible Bond Fund,471023259,JSHCX,6/30/2023,6/30/2023,6/30/2023,0.00707090,,
2023-07-31,Janus Henderson Short Duration Flexible Bond Fund,471023259,JSHCX,7/31/2023,7/31/2023,7/31/2023,0.00690203,,
2023-08-31,Janus Henderson Short Duration Flexible Bond Fund,471023259,JSHCX,8/31/2023,8/31/2023,8/31/2023,0.00863293,,
2023-09-29,Janus Henderson Short Duration Flexible Bond Fund,471023259,JSHCX,9/29/2023,9/29/2023,9/29/2023,0.00824838,,
2023-10-31,Janus Henderson Short Duration Flexible Bond Fund,471023259,JSHCX,10/31/2023,10/31/2023,10/31/2023,0.00833143,,
2023-11-30,Janus Henderson Short Duration Flexible Bond Fund,471023259,JSHCX,11/30/2023,11/30/2023,11/30/2023,0.00911908,,
2023-12-29,Janus Henderson Short Duration Flexible Bond Fund,471023259,JSHCX,12/29/2023,12/29/2023,12/29/2023,0.00931852,,
2024-01-31,Janus Henderson Short Duration Flexible Bond Fund,471023259,JSHCX,1/31/2024,1/31/2024,1/31/2024,0.00949700,,
2024-02-29,Janus Henderson Short Duration Flexible Bond Fund,471023259,JSHCX,2/29/2024,2/29/2024,2/29/2024,0.00964331,,
2024-03-28,Janus Henderson Short Duration Flexible Bond Fund,471023259,JSHCX,3/28/2024,3/28/2024,3/28/2024,0.00943657,,
2024-04-30,Janus Henderson Short Duration Flexible Bond Fund,471023259,JSHCX,4/30/2024,4/30/2024,4/30/2024,0.01001303,,
2024-05-31,Janus Henderson Short Duration Flexible Bond Fund,471023259,JSHCX,5/31/2024,5/31/2024,5/31/2024,0.01063124,,
2024-06-28,Janus Henderson Short Duration Flexible Bond Fund,471023259,JSHCX,6/28/2024,6/28/2024,6/28/2024,0.00954719,,
2024-07-31,Janus Henderson Short Duration Flexible Bond Fund,471023259,JSHCX,7/31/2024,7/31/2024,7/31/2024,0.01039152,,
2024-08-30,Janus Henderson Short Duration Flexible Bond Fund,471023259,JSHCX,8/30/2024,8/30/2024,8/30/2024,0.01112003,,
2024-09-30,Janus Henderson Short Duration Flexible Bond Fund,471023259,JSHCX,9/30/2024,9/30/2024,9/30/2024,0.00946500,,
2024-10-31,Janus Henderson Short Duration Flexible Bond Fund,471023259,JSHCX,10/31/2024,10/31/2024,10/31/2024,0.00987326,,
2024-11-29,Janus Henderson Short Duration Flexible Bond Fund,471023259,JSHCX,11/29/2024,11/29/2024,11/29/2024,0.01169475,,
2024-12-31,Janus Henderson Short Duration Flexible Bond Fund,471023259,JSHCX,12/31/2024,12/31/2024,12/31/2024,0.00970093,,
2025-01-31,Janus Henderson Short Duration Flexible Bond Fund,471023259,JSHCX,1/31/2025,1/31/2025,1/31/2025,0.00985489,,
2025-02-28,Janus Henderson Short Duration Flexible Bond Fund,471023259,JSHCX,2/28/2025,2/28/2025,2/28/2025,0.00892736,,
2025-03-31,Janus Henderson Short Duration Flexible Bond Fund,471023259,JSHCX,3/31/2025,3/31/2025,3/31/2025,0.00853492,,
2025-04-30,Janus Henderson Short Duration Flexible Bond Fund,471023259,JSHCX,4/30/2025,4/30/2025,4/30/2025,0.00917496,,
2025-05-30,Janus Henderson Short Duration Flexible Bond Fund,471023259,JSHCX,5/30/2025,5/30/2025,5/30/2025,0.00956443,,
2025-06-30,Janus Henderson Short Duration Flexible Bond Fund,471023259,JSHCX,6/30/2025,6/30/2025,6/30/2025,0.00875994,,
2025-07-31,Janus Henderson Short Duration Flexible Bond Fund,471023259,JSHCX,7/31/2025,7/31/2025,7/31/2025,0.00917579,,
2025-08-29,Janus Henderson Short Duration Flexible Bond Fund,471023259,JSHCX,8/29/2025,8/29/2025,8/29/2025,0.00972504,,
2025-09-30,Janus Henderson Short Duration Flexible Bond Fund,471023259,JSHCX,9/30/2025,9/30/2025,9/30/2025,0.00865607,,
2025-10-31,Janus Henderson Short Duration Flexible Bond Fund,471023259,JSHCX,10/31/2025,10/31/2025,10/31/2025,0.00935765,,
2025-11-28,Janus Henderson Short Duration Flexible Bond Fund,471023259,JSHCX,11/28/2025,11/28/2025,11/28/2025,0.00860327,,
2025-12-31,Janus Henderson Short Duration Flexible Bond Fund,471023259,JSHCX,12/31/2025,12/31/2025,12/31/2025,0.00879961,,
2021-01-29,Janus Henderson Short Duration Flexible Bond Fund,471023242,JSHIX,1/29/2021,1/29/2021,1/29/2021,0.00403875,,
2021-02-26,Janus Henderson Short Duration Flexible Bond Fund,471023242,JSHIX,2/26/2021,2/26/2021,2/26/2021,0.00428352,,
2021-03-31,Janus Henderson Short Duration Flexible Bond Fund,471023242,JSHIX,3/31/2021,3/31/2021,3/31/2021,0.00576366,,
2021-04-30,Janus Henderson Short Duration Flexible Bond Fund,471023242,JSHIX,4/30/2021,4/30/2021,4/30/2021,0.00490541,,
2021-05-28,Janus Henderson Short Duration Flexible Bond Fund,471023242,JSHIX,5/28/2021,5/28/2021,5/28/2021,0.00373454,,
2021-06-30,Janus Henderson Short Duration Flexible Bond Fund,471023242,JSHIX,6/30/2021,6/30/2021,6/30/2021,0.00388108,,
2021-07-30,Janus Henderson Short Duration Flexible Bond Fund,471023242,JSHIX,7/30/2021,7/30/2021,7/30/2021,0.00405615,,
2021-08-31,Janus Henderson Short Duration Flexible Bond Fund,471023242,JSHIX,8/31/2021,8/31/2021,8/31/2021,0.00361166,,
2021-09-30,Janus Henderson Short Duration Flexible Bond Fund,471023242,JSHIX,9/30/2021,9/30/2021,9/30/2021,0.00294984,,
2021-10-29,Janus Henderson Short Duration Flexible Bond Fund,471023242,JSHIX,10/29/2021,10/29/2021,10/29/2021,0.00284108,,
2021-11-30,Janus Henderson Short Duration Flexible Bond Fund,471023242,JSHIX,11/30/2021,11/30/2021,11/30/2021,0.00374840,,
2021-12-31,Janus Henderson Short Duration Flexible Bond Fund,471023242,JSHIX,12/31/2021,12/31/2021,12/31/2021,0.00348529,,
2022-01-31,Janus Henderson Short Duration Flexible Bond Fund,471023242,JSHIX,1/31/2022,1/31/2022,1/31/2022,0.00294919,,
2022-02-28,Janus Henderson Short Duration Flexible Bond Fund,471023242,JSHIX,2/28/2022,2/28/2022,2/28/2022,0.00349100,,
2022-03-31,Janus Henderson Short Duration Flexible Bond Fund,471023242,JSHIX,3/31/2022,3/31/2022,3/31/2022,0.00358900,,
2022-04-29,Janus Henderson Short Duration Flexible Bond Fund,471023242,JSHIX,4/29/2022,4/29/2022,4/29/2022,0.00468019,,
2022-05-31,Janus Henderson Short Duration Flexible Bond Fund,471023242,JSHIX,5/31/2022,5/31/2022,5/31/2022,0.00434509,,
2022-06-30,Janus Henderson Short Duration Flexible Bond Fund,471023242,JSHIX,6/30/2022,6/30/2022,6/30/2022,0.00473334,,
2022-07-29,Janus Henderson Short Duration Flexible Bond Fund,471023242,JSHIX,7/29/2022,7/29/2022,7/29/2022,0.00502549,,
2022-08-31,Janus Henderson Short Duration Flexible Bond Fund,471023242,JSHIX,8/31/2022,8/31/2022,8/31/2022,0.00552973,,
2022-09-30,Janus Henderson Short Duration Flexible Bond Fund,471023242,JSHIX,9/30/2022,9/30/2022,9/30/2022,0.00599144,,
2022-10-31,Janus Henderson Short Duration Flexible Bond Fund,471023242,JSHIX,10/31/2022,10/31/2022,10/31/2022,0.00573508,,
2022-11-30,Janus Henderson Short Duration Flexible Bond Fund,471023242,JSHIX,11/30/2022,11/30/2022,11/30/2022,0.00658915,,
2022-12-30,Janus Henderson Short Duration Flexible Bond Fund,471023242,JSHIX,12/30/2022,12/30/2022,12/30/2022,0.00769441,,
2023-01-31,Janus Henderson Short Duration Flexible Bond Fund,471023242,JSHIX,1/31/2023,1/31/2023,1/31/2023,0.00739128,,
2023-02-28,Janus Henderson Short Duration Flexible Bond Fund,471023242,JSHIX,2/28/2023,2/28/2023,2/28/2023,0.00763544,,
2023-03-31,Janus Henderson Short Duration Flexible Bond Fund,471023242,JSHIX,3/31/2023,3/31/2023,3/31/2023,0.00868075,,
2023-04-28,Janus Henderson Short Duration Flexible Bond Fund,471023242,JSHIX,4/28/2023,4/28/2023,4/28/2023,0.00771872,,
2023-05-31,Janus Henderson Short Duration Flexible Bond Fund,471023242,JSHIX,5/31/2023,5/31/2023,5/31/2023,0.00825094,,
2023-06-30,Janus Henderson Short Duration Flexible Bond Fund,471023242,JSHIX,6/30/2023,6/30/2023,6/30/2023,0.00963179,,
2023-07-31,Janus Henderson Short Duration Flexible Bond Fund,471023242,JSHIX,7/31/2023,7/31/2023,7/31/2023,0.00902582,,
2023-08-31,Janus Henderson Short Duration Flexible Bond Fund,471023242,JSHIX,8/31/2023,8/31/2023,8/31/2023,0.01059738,,
2023-09-29,Janus Henderson Short Duration Flexible Bond Fund,471023242,JSHIX,9/29/2023,9/29/2023,9/29/2023,0.01053404,,
2023-10-31,Janus Henderson Short Duration Flexible Bond Fund,471023242,JSHIX,10/31/2023,10/31/2023,10/31/2023,0.01071003,,
2023-11-30,Janus Henderson Short Duration Flexible Bond Fund,471023242,JSHIX,11/30/2023,11/30/2023,11/30/2023,0.01122768,,
2023-12-29,Janus Henderson Short Duration Flexible Bond Fund,471023242,JSHIX,12/29/2023,12/29/2023,12/29/2023,0.01189804,,
2024-01-31,Janus Henderson Short Duration Flexible Bond Fund,471023242,JSHIX,1/31/2024,1/31/2024,1/31/2024,0.01184136,,
2024-02-29,Janus Henderson Short Duration Flexible Bond Fund,471023242,JSHIX,2/29/2024,2/29/2024,2/29/2024,0.01156116,,
2024-03-28,Janus Henderson Short Duration Flexible Bond Fund,471023242,JSHIX,3/28/2024,3/28/2024,3/28/2024,0.01189475,,
2024-04-30,Janus Henderson Short Duration Flexible Bond Fund,471023242,JSHIX,4/30/2024,4/30/2024,4/30/2024,0.01240317,,
2024-05-31,Janus Henderson Short Duration Flexible Bond Fund,471023242,JSHIX,5/31/2024,5/31/2024,5/31/2024,0.01311177,,
2024-06-28,Janus Henderson Short Duration Flexible Bond Fund,471023242,JSHIX,6/28/2024,6/28/2024,6/28/2024,0.01185479,,
2024-07-31,Janus Henderson Short Duration Flexible Bond Fund,471023242,JSHIX,7/31/2024,7/31/2024,7/31/2024,0.01272964,,
2024-08-30,Janus Henderson Short Duration Flexible Bond Fund,471023242,JSHIX,8/30/2024,8/30/2024,8/30/2024,0.01352972,,
2024-09-30,Janus Henderson Short Duration Flexible Bond Fund,471023242,JSHIX,9/30/2024,9/30/2024,9/30/2024,0.01173552,,
2024-10-31,Janus Henderson Short Duration Flexible Bond Fund,471023242,JSHIX,10/31/2024,10/31/2024,10/31/2024,0.01232326,,
2024-11-29,Janus Henderson Short Duration Flexible Bond Fund,471023242,JSHIX,11/29/2024,11/29/2024,11/29/2024,0.01396769,,
2024-12-31,Janus Henderson Short Duration Flexible Bond Fund,471023242,JSHIX,12/31/2024,12/31/2024,12/31/2024,0.01216594,,
2025-01-31,Janus Henderson Short Duration Flexible Bond Fund,471023242,JSHIX,1/31/2025,1/31/2025,1/31/2025,0.01210986,,
2025-02-28,Janus Henderson Short Duration Flexible Bond Fund,471023242,JSHIX,2/28/2025,2/28/2025,2/28/2025,0.01119778,,
2025-03-31,Janus Henderson Short Duration Flexible Bond Fund,471023242,JSHIX,3/31/2025,3/31/2025,3/31/2025,0.01085510,,
2025-04-30,Janus Henderson Short Duration Flexible Bond Fund,471023242,JSHIX,4/30/2025,4/30/2025,4/30/2025,0.01158328,,
2025-05-30,Janus Henderson Short Duration Flexible Bond Fund,471023242,JSHIX,5/30/2025,5/30/2025,5/30/2025,0.01193847,,
2025-06-30,Janus Henderson Short Duration Flexible Bond Fund,471023242,JSHIX,6/30/2025,6/30/2025,6/30/2025,0.01114482,,
2025-07-31,Janus Henderson Short Duration Flexible Bond Fund,471023242,JSHIX,7/31/2025,7/31/2025,7/31/2025,0.01155895,,
2025-08-29,Janus Henderson Short Duration Flexible Bond Fund,471023242,JSHIX,8/29/2025,8/29/2025,8/29/2025,0.01183708,,
2025-09-30,Janus Henderson Short Duration Flexible Bond Fund,471023242,JSHIX,9/30/2025,9/30/2025,9/30/2025,0.01097043,,
2025-10-31,Janus Henderson Short Duration Flexible Bond Fund,471023242,JSHIX,10/31/2025,10/31/2025,10/31/2025,0.01200024,,
2025-11-28,Janus Henderson Short Duration Flexible Bond Fund,471023242,JSHIX,11/28/2025,11/28/2025,11/28/2025,0.01038756,,
2025-12-31,Janus Henderson Short Duration Flexible Bond Fund,471023242,JSHIX,12/31/2025,12/31/2025,12/31/2025,0.01129926,,
2021-01-29,Janus Henderson Short Duration Flexible Bond Fund,47103D819,JSHNX,1/29/2021,1/29/2021,1/29/2021,0.00431865,,
2021-02-26,Janus Henderson Short Duration Flexible Bond Fund,47103D819,JSHNX,2/26/2021,2/26/2021,2/26/2021,0.00459101,,
2021-03-31,Janus Henderson Short Duration Flexible Bond Fund,47103D819,JSHNX,3/31/2021,3/31/2021,3/31/2021,0.00603933,,
2021-04-30,Janus Henderson Short Duration Flexible Bond Fund,47103D819,JSHNX,4/30/2021,4/30/2021,4/30/2021,0.00513177,,
2021-05-28,Janus Henderson Short Duration Flexible Bond Fund,47103D819,JSHNX,5/28/2021,5/28/2021,5/28/2021,0.00403258,,
2021-06-30,Janus Henderson Short Duration Flexible Bond Fund,47103D819,JSHNX,6/30/2021,6/30/2021,6/30/2021,0.00417475,,
2021-07-30,Janus Henderson Short Duration Flexible Bond Fund,47103D819,JSHNX,7/30/2021,7/30/2021,7/30/2021,0.00433489,,
2021-08-31,Janus Henderson Short Duration Flexible Bond Fund,47103D819,JSHNX,8/31/2021,8/31/2021,8/31/2021,0.00386304,,
2021-09-30,Janus Henderson Short Duration Flexible Bond Fund,47103D819,JSHNX,9/30/2021,9/30/2021,9/30/2021,0.00319034,,
2021-10-29,Janus Henderson Short Duration Flexible Bond Fund,47103D819,JSHNX,10/29/2021,10/29/2021,10/29/2021,0.00323835,,
2021-11-30,Janus Henderson Short Duration Flexible Bond Fund,47103D819,JSHNX,11/30/2021,11/30/2021,11/30/2021,0.00401198,,
2021-12-31,Janus Henderson Short Duration Flexible Bond Fund,47103D819,JSHNX,12/31/2021,12/31/2021,12/31/2021,0.00355211,,
2022-01-31,Janus Henderson Short Duration Flexible Bond Fund,47103D819,JSHNX,1/31/2022,1/31/2022,1/31/2022,0.00321091,,
2022-02-28,Janus Henderson Short Duration Flexible Bond Fund,47103D819,JSHNX,2/28/2022,2/28/2022,2/28/2022,0.00358892,,
2022-03-31,Janus Henderson Short Duration Flexible Bond Fund,47103D819,JSHNX,3/31/2022,3/31/2022,3/31/2022,0.00370938,,
2022-04-29,Janus Henderson Short Duration Flexible Bond Fund,47103D819,JSHNX,4/29/2022,4/29/2022,4/29/2022,0.00477251,,
2022-05-31,Janus Henderson Short Duration Flexible Bond Fund,47103D819,JSHNX,5/31/2022,5/31/2022,5/31/2022,0.00443932,,
2022-06-30,Janus Henderson Short Duration Flexible Bond Fund,47103D819,JSHNX,6/30/2022,6/30/2022,6/30/2022,0.00482888,,
2022-07-29,Janus Henderson Short Duration Flexible Bond Fund,47103D819,JSHNX,7/29/2022,7/29/2022,7/29/2022,0.00524254,,
2022-08-31,Janus Henderson Short Duration Flexible Bond Fund,47103D819,JSHNX,8/31/2022,8/31/2022,8/31/2022,0.00563227,,
2022-09-30,Janus Henderson Short Duration Flexible Bond Fund,47103D819,JSHNX,9/30/2022,9/30/2022,9/30/2022,0.00620461,,
2022-10-31,Janus Henderson Short Duration Flexible Bond Fund,47103D819,JSHNX,10/31/2022,10/31/2022,10/31/2022,0.00580176,,
2022-11-30,Janus Henderson Short Duration Flexible Bond Fund,47103D819,JSHNX,11/30/2022,11/30/2022,11/30/2022,0.00663476,,
2022-12-30,Janus Henderson Short Duration Flexible Bond Fund,47103D819,JSHNX,12/30/2022,12/30/2022,12/30/2022,0.00786872,,
2023-01-31,Janus Henderson Short Duration Flexible Bond Fund,47103D819,JSHNX,1/31/2023,1/31/2023,1/31/2023,0.00749965,,
2023-02-28,Janus Henderson Short Duration Flexible Bond Fund,47103D819,JSHNX,2/28/2023,2/28/2023,2/28/2023,0.00773510,,
2023-03-31,Janus Henderson Short Duration Flexible Bond Fund,47103D819,JSHNX,3/31/2023,3/31/2023,3/31/2023,0.00880839,,
2023-04-28,Janus Henderson Short Duration Flexible Bond Fund,47103D819,JSHNX,4/28/2023,4/28/2023,4/28/2023,0.00764644,,
2023-05-31,Janus Henderson Short Duration Flexible Bond Fund,47103D819,JSHNX,5/31/2023,5/31/2023,5/31/2023,0.00858018,,
2023-06-30,Janus Henderson Short Duration Flexible Bond Fund,47103D819,JSHNX,6/30/2023,6/30/2023,6/30/2023,0.00968239,,
2023-07-31,Janus Henderson Short Duration Flexible Bond Fund,47103D819,JSHNX,7/31/2023,7/31/2023,7/31/2023,0.00921965,,
2023-08-31,Janus Henderson Short Duration Flexible Bond Fund,47103D819,JSHNX,8/31/2023,8/31/2023,8/31/2023,0.01060920,,
2023-09-29,Janus Henderson Short Duration Flexible Bond Fund,47103D819,JSHNX,9/29/2023,9/29/2023,9/29/2023,0.01070079,,
2023-10-31,Janus Henderson Short Duration Flexible Bond Fund,47103D819,JSHNX,10/31/2023,10/31/2023,10/31/2023,0.01072070,,
2023-11-30,Janus Henderson Short Duration Flexible Bond Fund,47103D819,JSHNX,11/30/2023,11/30/2023,11/30/2023,0.01138730,,
2023-12-29,Janus Henderson Short Duration Flexible Bond Fund,47103D819,JSHNX,12/29/2023,12/29/2023,12/29/2023,0.01189261,,
2024-01-31,Janus Henderson Short Duration Flexible Bond Fund,47103D819,JSHNX,1/31/2024,1/31/2024,1/31/2024,0.01195767,,
2024-02-29,Janus Henderson Short Duration Flexible Bond Fund,47103D819,JSHNX,2/29/2024,2/29/2024,2/29/2024,0.01165249,,
2024-03-28,Janus Henderson Short Duration Flexible Bond Fund,47103D819,JSHNX,3/28/2024,3/28/2024,3/28/2024,0.01198966,,
2024-04-30,Janus Henderson Short Duration Flexible Bond Fund,47103D819,JSHNX,4/30/2024,4/30/2024,4/30/2024,0.01243997,,
2024-05-31,Janus Henderson Short Duration Flexible Bond Fund,47103D819,JSHNX,5/31/2024,5/31/2024,5/31/2024,0.01311822,,
2024-06-28,Janus Henderson Short Duration Flexible Bond Fund,47103D819,JSHNX,6/28/2024,6/28/2024,6/28/2024,0.01181731,,
2024-07-31,Janus Henderson Short Duration Flexible Bond Fund,47103D819,JSHNX,7/31/2024,7/31/2024,7/31/2024,0.01291556,,
2024-08-30,Janus Henderson Short Duration Flexible Bond Fund,47103D819,JSHNX,8/30/2024,8/30/2024,8/30/2024,0.01358756,,
2024-09-30,Janus Henderson Short Duration Flexible Bond Fund,47103D819,JSHNX,9/30/2024,9/30/2024,9/30/2024,0.01176894,,
2024-10-31,Janus Henderson Short Duration Flexible Bond Fund,47103D819,JSHNX,10/31/2024,10/31/2024,10/31/2024,0.01239864,,
2024-11-29,Janus Henderson Short Duration Flexible Bond Fund,47103D819,JSHNX,11/29/2024,11/29/2024,11/29/2024,0.01405665,,
2024-12-31,Janus Henderson Short Duration Flexible Bond Fund,47103D819,JSHNX,12/31/2024,12/31/2024,12/31/2024,0.01214146,,
2025-01-31,Janus Henderson Short Duration Flexible Bond Fund,47103D819,JSHNX,1/31/2025,1/31/2025,1/31/2025,0.01228458,,
2025-02-28,Janus Henderson Short Duration Flexible Bond Fund,47103D819,JSHNX,2/28/2025,2/28/2025,2/28/2025,0.01125686,,
2025-03-31,Janus Henderson Short Duration Flexible Bond Fund,47103D819,JSHNX,3/31/2025,3/31/2025,3/31/2025,0.01094956,,
2025-04-30,Janus Henderson Short Duration Flexible Bond Fund,47103D819,JSHNX,4/30/2025,4/30/2025,4/30/2025,0.01162111,,
2025-05-30,Janus Henderson Short Duration Flexible Bond Fund,47103D819,JSHNX,5/30/2025,5/30/2025,5/30/2025,0.01199467,,
2025-06-30,Janus Henderson Short Duration Flexible Bond Fund,47103D819,JSHNX,6/30/2025,6/30/2025,6/30/2025,0.01113360,,
2025-07-31,Janus Henderson Short Duration Flexible Bond Fund,47103D819,JSHNX,7/31/2025,7/31/2025,7/31/2025,0.01173868,,
2025-08-29,Janus Henderson Short Duration Flexible Bond Fund,47103D819,JSHNX,8/29/2025,8/29/2025,8/29/2025,0.01190128,,
2025-09-30,Janus Henderson Short Duration Flexible Bond Fund,47103D819,JSHNX,9/30/2025,9/30/2025,9/30/2025,0.01105860,,
2025-10-31,Janus Henderson Short Duration Flexible Bond Fund,47103D819,JSHNX,10/31/2025,10/31/2025,10/31/2025,0.01210226,,
2025-11-28,Janus Henderson Short Duration Flexible Bond Fund,47103D819,JSHNX,11/28/2025,11/28/2025,11/28/2025,0.01044336,,
2025-12-31,Janus Henderson Short Duration Flexible Bond Fund,47103D819,JSHNX,12/31/2025,12/31/2025,12/31/2025,0.01128475,,
2021-01-29,Janus Henderson Short Duration Flexible Bond Fund,471023234,JSHSX,1/29/2021,1/29/2021,1/29/2021,0.00313856,,
2021-02-26,Janus Henderson Short Duration Flexible Bond Fund,471023234,JSHSX,2/26/2021,2/26/2021,2/26/2021,0.00340649,,
2021-03-31,Janus Henderson Short Duration Flexible Bond Fund,471023234,JSHSX,3/31/2021,3/31/2021,3/31/2021,0.00481463,,
2021-04-30,Janus Henderson Short Duration Flexible Bond Fund,471023234,JSHSX,4/30/2021,4/30/2021,4/30/2021,0.00404337,,
2021-05-28,Janus Henderson Short Duration Flexible Bond Fund,471023234,JSHSX,5/28/2021,5/28/2021,5/28/2021,0.00255145,,
2021-06-30,Janus Henderson Short Duration Flexible Bond Fund,471023234,JSHSX,6/30/2021,6/30/2021,6/30/2021,0.00298780,,
2021-07-30,Janus Henderson Short Duration Flexible Bond Fund,471023234,JSHSX,7/30/2021,7/30/2021,7/30/2021,0.00298583,,
2021-08-31,Janus Henderson Short Duration Flexible Bond Fund,471023234,JSHSX,8/31/2021,8/31/2021,8/31/2021,0.00260058,,
2021-09-30,Janus Henderson Short Duration Flexible Bond Fund,471023234,JSHSX,9/30/2021,9/30/2021,9/30/2021,0.00192894,,
2021-10-29,Janus Henderson Short Duration Flexible Bond Fund,471023234,JSHSX,10/29/2021,10/29/2021,10/29/2021,0.00194091,,
2021-11-30,Janus Henderson Short Duration Flexible Bond Fund,471023234,JSHSX,11/30/2021,11/30/2021,11/30/2021,0.00294340,,
2021-12-31,Janus Henderson Short Duration Flexible Bond Fund,471023234,JSHSX,12/31/2021,12/31/2021,12/31/2021,0.00217728,,
2022-01-31,Janus Henderson Short Duration Flexible Bond Fund,471023234,JSHSX,1/31/2022,1/31/2022,1/31/2022,0.00200801,,
2022-02-28,Janus Henderson Short Duration Flexible Bond Fund,471023234,JSHSX,2/28/2022,2/28/2022,2/28/2022,0.00253038,,
2022-03-31,Janus Henderson Short Duration Flexible Bond Fund,471023234,JSHSX,3/31/2022,3/31/2022,3/31/2022,0.00245819,,
2022-04-29,Janus Henderson Short Duration Flexible Bond Fund,471023234,JSHSX,4/29/2022,4/29/2022,4/29/2022,0.00354490,,
2022-05-31,Janus Henderson Short Duration Flexible Bond Fund,471023234,JSHSX,5/31/2022,5/31/2022,5/31/2022,0.00325745,,
2022-06-30,Janus Henderson Short Duration Flexible Bond Fund,471023234,JSHSX,6/30/2022,6/30/2022,6/30/2022,0.00374071,,
2022-07-29,Janus Henderson Short Duration Flexible Bond Fund,471023234,JSHSX,7/29/2022,7/29/2022,7/29/2022,0.00402700,,
2022-08-31,Janus Henderson Short Duration Flexible Bond Fund,471023234,JSHSX,8/31/2022,8/31/2022,8/31/2022,0.00457649,,
2022-09-30,Janus Henderson Short Duration Flexible Bond Fund,471023234,JSHSX,9/30/2022,9/30/2022,9/30/2022,0.00496477,,
2022-10-31,Janus Henderson Short Duration Flexible Bond Fund,471023234,JSHSX,10/31/2022,10/31/2022,10/31/2022,0.00469135,,
2022-11-30,Janus Henderson Short Duration Flexible Bond Fund,471023234,JSHSX,11/30/2022,11/30/2022,11/30/2022,0.00549331,,
2022-12-30,Janus Henderson Short Duration Flexible Bond Fund,471023234,JSHSX,12/30/2022,12/30/2022,12/30/2022,0.00674560,,
2023-01-31,Janus Henderson Short Duration Flexible Bond Fund,471023234,JSHSX,1/31/2023,1/31/2023,1/31/2023,0.00640076,,
2023-02-28,Janus Henderson Short Duration Flexible Bond Fund,471023234,JSHSX,2/28/2023,2/28/2023,2/28/2023,0.00681304,,
2023-03-31,Janus Henderson Short Duration Flexible Bond Fund,471023234,JSHSX,3/31/2023,3/31/2023,3/31/2023,0.00755827,,
2023-04-28,Janus Henderson Short Duration Flexible Bond Fund,471023234,JSHSX,4/28/2023,4/28/2023,4/28/2023,0.00658569,,
2023-05-31,Janus Henderson Short Duration Flexible Bond Fund,471023234,JSHSX,5/31/2023,5/31/2023,5/31/2023,0.00753839,,
2023-06-30,Janus Henderson Short Duration Flexible Bond Fund,471023234,JSHSX,6/30/2023,6/30/2023,6/30/2023,0.00847808,,
2023-07-31,Janus Henderson Short Duration Flexible Bond Fund,471023234,JSHSX,7/31/2023,7/31/2023,7/31/2023,0.00814244,,
2023-08-31,Janus Henderson Short Duration Flexible Bond Fund,471023234,JSHSX,8/31/2023,8/31/2023,8/31/2023,0.00958724,,
2023-09-29,Janus Henderson Short Duration Flexible Bond Fund,471023234,JSHSX,9/29/2023,9/29/2023,9/29/2023,0.00955662,,
2023-10-31,Janus Henderson Short Duration Flexible Bond Fund,471023234,JSHSX,10/31/2023,10/31/2023,10/31/2023,0.00962183,,
2023-11-30,Janus Henderson Short Duration Flexible Bond Fund,471023234,JSHSX,11/30/2023,11/30/2023,11/30/2023,0.01043563,,
2023-12-29,Janus Henderson Short Duration Flexible Bond Fund,471023234,JSHSX,12/29/2023,12/29/2023,12/29/2023,0.01069811,,
2024-01-31,Janus Henderson Short Duration Flexible Bond Fund,471023234,JSHSX,1/31/2024,1/31/2024,1/31/2024,0.01083462,,
2024-02-29,Janus Henderson Short Duration Flexible Bond Fund,471023234,JSHSX,2/29/2024,2/29/2024,2/29/2024,0.01065638,,
2024-03-28,Janus Henderson Short Duration Flexible Bond Fund,471023234,JSHSX,3/28/2024,3/28/2024,3/28/2024,0.01083571,,
2024-04-30,Janus Henderson Short Duration Flexible Bond Fund,471023234,JSHSX,4/30/2024,4/30/2024,4/30/2024,0.01131996,,
2024-05-31,Janus Henderson Short Duration Flexible Bond Fund,471023234,JSHSX,5/31/2024,5/31/2024,5/31/2024,0.01199165,,
2024-06-28,Janus Henderson Short Duration Flexible Bond Fund,471023234,JSHSX,6/28/2024,6/28/2024,6/28/2024,0.01077079,,
2024-07-31,Janus Henderson Short Duration Flexible Bond Fund,471023234,JSHSX,7/31/2024,7/31/2024,7/31/2024,0.01176545,,
2024-08-30,Janus Henderson Short Duration Flexible Bond Fund,471023234,JSHSX,8/30/2024,8/30/2024,8/30/2024,0.01245001,,
2024-09-30,Janus Henderson Short Duration Flexible Bond Fund,471023234,JSHSX,9/30/2024,9/30/2024,9/30/2024,0.01071136,,
2024-10-31,Janus Henderson Short Duration Flexible Bond Fund,471023234,JSHSX,10/31/2024,10/31/2024,10/31/2024,0.01124166,,
2024-11-29,Janus Henderson Short Duration Flexible Bond Fund,471023234,JSHSX,11/29/2024,11/29/2024,11/29/2024,0.01300324,,
2024-12-31,Janus Henderson Short Duration Flexible Bond Fund,471023234,JSHSX,12/31/2024,12/31/2024,12/31/2024,0.01098886,,
2025-01-31,Janus Henderson Short Duration Flexible Bond Fund,471023234,JSHSX,1/31/2025,1/31/2025,1/31/2025,0.01118731,,
2025-02-28,Janus Henderson Short Duration Flexible Bond Fund,471023234,JSHSX,2/28/2025,2/28/2025,2/28/2025,0.01019258,,
2025-03-31,Janus Henderson Short Duration Flexible Bond Fund,471023234,JSHSX,3/31/2025,3/31/2025,3/31/2025,0.00985301,,
2025-04-30,Janus Henderson Short Duration Flexible Bond Fund,471023234,JSHSX,4/30/2025,4/30/2025,4/30/2025,0.01049381,,
2025-05-30,Janus Henderson Short Duration Flexible Bond Fund,471023234,JSHSX,5/30/2025,5/30/2025,5/30/2025,0.01088970,,
2025-06-30,Janus Henderson Short Duration Flexible Bond Fund,471023234,JSHSX,6/30/2025,6/30/2025,6/30/2025,0.01003462,,
2025-07-31,Janus Henderson Short Duration Flexible Bond Fund,471023234,JSHSX,7/31/2025,7/31/2025,7/31/2025,0.01055597,,
2025-08-29,Janus Henderson Short Duration Flexible Bond Fund,471023234,JSHSX,8/29/2025,8/29/2025,8/29/2025,0.01077745,,
2025-09-30,Janus Henderson Short Duration Flexible Bond Fund,471023234,JSHSX,9/30/2025,9/30/2025,9/30/2025,0.00995932,,
2025-10-31,Janus Henderson Short Duration Flexible Bond Fund,471023234,JSHSX,10/31/2025,10/31/2025,10/31/2025,0.01085329,,
2025-11-28,Janus Henderson Short Duration Flexible Bond Fund,471023234,JSHSX,11/28/2025,11/28/2025,11/28/2025,0.00947792,,
2025-12-31,Janus Henderson Short Duration Flexible Bond Fund,471023234,JSHSX,12/31/2025,12/31/2025,12/31/2025,0.01006272,,
2021-01-29,Janus Henderson Absolute Return Income Opportunities Fund,47103D462,JUCAX,1/29/2021,1/29/2021,1/29/2021,0.00746563,,
2021-02-26,Janus Henderson Absolute Return Income Opportunities Fund,47103D462,JUCAX,2/26/2021,2/26/2021,2/26/2021,0.00857953,,
2021-03-31,Janus Henderson Absolute Return Income Opportunities Fund,47103D462,JUCAX,3/31/2021,3/31/2021,3/31/2021,0.00797354,,
2021-04-30,Janus Henderson Absolute Return Income Opportunities Fund,47103D462,JUCAX,4/30/2021,4/30/2021,4/30/2021,0.01016687,,
2021-05-28,Janus Henderson Absolute Return Income Opportunities Fund,47103D462,JUCAX,5/28/2021,5/28/2021,5/28/2021,0.00852775,,
2021-06-30,Janus Henderson Absolute Return Income Opportunities Fund,47103D462,JUCAX,6/30/2021,6/30/2021,6/30/2021,0.00886662,,
2021-07-30,Janus Henderson Absolute Return Income Opportunities Fund,47103D462,JUCAX,7/30/2021,7/30/2021,7/30/2021,0.00951810,,
2021-08-31,Janus Henderson Absolute Return Income Opportunities Fund,47103D462,JUCAX,8/31/2021,8/31/2021,8/31/2021,0.00929018,,
2021-09-30,Janus Henderson Absolute Return Income Opportunities Fund,47103D462,JUCAX,9/30/2021,9/30/2021,9/30/2021,0.00929045,,
2021-10-29,Janus Henderson Absolute Return Income Opportunities Fund,47103D462,JUCAX,10/29/2021,10/29/2021,10/29/2021,0.00971290,,
2021-11-30,Janus Henderson Absolute Return Income Opportunities Fund,47103D462,JUCAX,11/30/2021,11/30/2021,11/30/2021,0.00784367,,
2021-12-31,Janus Henderson Absolute Return Income Opportunities Fund,47103D462,JUCAX,12/31/2021,12/31/2021,12/31/2021,0.01256904,,
2022-01-31,Janus Henderson Absolute Return Income Opportunities Fund,47103D462,JUCAX,1/31/2022,1/31/2022,1/31/2022,0.00679431,,
2022-02-28,Janus Henderson Absolute Return Income Opportunities Fund,47103D462,JUCAX,2/28/2022,2/28/2022,2/28/2022,0.00948384,,
2022-03-31,Janus Henderson Absolute Return Income Opportunities Fund,47103D462,JUCAX,3/31/2022,3/31/2022,3/31/2022,0.00966676,,
2022-04-29,Janus Henderson Absolute Return Income Opportunities Fund,47103D462,JUCAX,4/29/2022,4/29/2022,4/29/2022,0.00928523,,
2022-05-31,Janus Henderson Absolute Return Income Opportunities Fund,47103D462,JUCAX,5/31/2022,5/31/2022,5/31/2022,0.01043461,,
2022-06-30,Janus Henderson Absolute Return Income Opportunities Fund,47103D462,JUCAX,6/30/2022,6/30/2022,6/30/2022,0.01094000,,
2022-07-29,Janus Henderson Absolute Return Income Opportunities Fund,47103D462,JUCAX,7/29/2022,7/29/2022,7/29/2022,0.01190402,,
2022-08-31,Janus Henderson Absolute Return Income Opportunities Fund,47103D462,JUCAX,8/31/2022,8/31/2022,8/31/2022,0.01476975,,
2022-09-30,Janus Henderson Absolute Return Income Opportunities Fund,47103D462,JUCAX,9/30/2022,9/30/2022,9/30/2022,0.01721081,,
2022-10-31,Janus Henderson Absolute Return Income Opportunities Fund,47103D462,JUCAX,10/31/2022,10/31/2022,10/31/2022,0.01497378,,
2022-11-30,Janus Henderson Absolute Return Income Opportunities Fund,47103D462,JUCAX,11/30/2022,11/30/2022,11/30/2022,0.02100599,,
2022-12-30,Janus Henderson Absolute Return Income Opportunities Fund,47103D462,JUCAX,12/30/2022,12/30/2022,12/30/2022,0.02302799,,
2023-01-31,Janus Henderson Absolute Return Income Opportunities Fund,47103D462,JUCAX,1/31/2023,1/31/2023,1/31/2023,0.01967067,,
2023-02-28,Janus Henderson Absolute Return Income Opportunities Fund,47103D462,JUCAX,2/28/2023,2/28/2023,2/28/2023,0.01968125,,
2023-03-31,Janus Henderson Absolute Return Income Opportunities Fund,47103D462,JUCAX,3/31/2023,3/31/2023,3/31/2023,0.02382396,,
2023-04-28,Janus Henderson Absolute Return Income Opportunities Fund,47103D462,JUCAX,4/28/2023,4/28/2023,4/28/2023,0.02188267,,
2023-05-31,Janus Henderson Absolute Return Income Opportunities Fund,47103D462,JUCAX,5/31/2023,5/31/2023,5/31/2023,0.02496745,,
2023-06-30,Janus Henderson Absolute Return Income Opportunities Fund,47103D462,JUCAX,6/30/2023,6/30/2023,6/30/2023,0.02880732,,
2023-07-31,Janus Henderson Absolute Return Income Opportunities Fund,47103D462,JUCAX,7/31/2023,7/31/2023,7/31/2023,0.02592914,,
2023-08-31,Janus Henderson Absolute Return Income Opportunities Fund,47103D462,JUCAX,8/31/2023,8/31/2023,8/31/2023,0.02627433,,
2023-09-29,Janus Henderson Absolute Return Income Opportunities Fund,47103D462,JUCAX,9/29/2023,9/29/2023,9/29/2023,0.02882570,,
2023-10-31,Janus Henderson Absolute Return Income Opportunities Fund,47103D462,JUCAX,10/31/2023,10/31/2023,10/31/2023,0.02728118,,
2023-11-30,Janus Henderson Absolute Return Income Opportunities Fund,47103D462,JUCAX,11/30/2023,11/30/2023,11/30/2023,0.03180433,,
2023-12-29,Janus Henderson Absolute Return Income Opportunities Fund,47103D462,JUCAX,12/29/2023,12/29/2023,12/29/2023,0.03259512,,
2024-01-31,Janus Henderson Absolute Return Income Opportunities Fund,47103D462,JUCAX,1/31/2024,1/31/2024,1/31/2024,0.02819626,,
2024-02-29,Janus Henderson Absolute Return Income Opportunities Fund,47103D462,JUCAX,2/29/2024,2/29/2024,2/29/2024,0.03165635,,
2024-03-28,Janus Henderson Absolute Return Income Opportunities Fund,47103D462,JUCAX,3/28/2024,3/28/2024,3/28/2024,0.03142189,,
2024-04-30,Janus Henderson Absolute Return Income Opportunities Fund,47103D462,JUCAX,4/30/2024,4/30/2024,4/30/2024,0.03456446,,
2024-05-31,Janus Henderson Absolute Return Income Opportunities Fund,47103D462,JUCAX,5/31/2024,5/31/2024,5/31/2024,0.03650309,,
2024-06-28,Janus Henderson Absolute Return Income Opportunities Fund,47103D462,JUCAX,6/28/2024,6/28/2024,6/28/2024,0.03050638,,
2024-07-31,Janus Henderson Absolute Return Income Opportunities Fund,47103D462,JUCAX,7/31/2024,7/31/2024,7/31/2024,0.02962664,,
2024-08-30,Janus Henderson Absolute Return Income Opportunities Fund,47103D462,JUCAX,8/30/2024,8/30/2024,8/30/2024,0.03663856,,
2024-09-30,Janus Henderson Absolute Return Income Opportunities Fund,47103D462,JUCAX,9/30/2024,9/30/2024,9/30/2024,0.03502520,,
2024-10-31,Janus Henderson Absolute Return Income Opportunities Fund,47103D462,JUCAX,10/31/2024,10/31/2024,10/31/2024,0.03418144,,
2024-11-29,Janus Henderson Absolute Return Income Opportunities Fund,47103D462,JUCAX,11/29/2024,11/29/2024,11/29/2024,0.03441663,,
2024-12-31,Janus Henderson Absolute Return Income Opportunities Fund,47103D462,JUCAX,12/31/2024,12/31/2024,12/31/2024,0.03599177,,
2025-01-31,Janus Henderson Absolute Return Income Opportunities Fund,47103D462,JUCAX,1/31/2025,1/31/2025,1/31/2025,0.01624412,,
2025-02-28,Janus Henderson Absolute Return Income Opportunities Fund,47103D462,JUCAX,2/28/2025,2/28/2025,2/28/2025,0.01693338,,
2025-03-31,Janus Henderson Absolute Return Income Opportunities Fund,47103D462,JUCAX,3/31/2025,3/31/2025,3/31/2025,0.01587791,,
2025-04-30,Janus Henderson Absolute Return Income Opportunities Fund,47103D462,JUCAX,4/30/2025,4/30/2025,4/30/2025,0.01741329,,
2025-05-30,Janus Henderson Absolute Return Income Opportunities Fund,47103D462,JUCAX,5/30/2025,5/30/2025,5/30/2025,0.01697132,,
2025-06-30,Janus Henderson Absolute Return Income Opportunities Fund,47103D462,JUCAX,6/30/2025,6/30/2025,6/30/2025,0.01602964,,
2025-07-31,Janus Henderson Absolute Return Income Opportunities Fund,47103D462,JUCAX,7/31/2025,7/31/2025,7/31/2025,0.03447117,,
2025-08-29,Janus Henderson Absolute Return Income Opportunities Fund,47103D462,JUCAX,8/29/2025,8/29/2025,8/29/2025,0.03665365,,
2025-09-30,Janus Henderson Absolute Return Income Opportunities Fund,47103D462,JUCAX,9/30/2025,9/30/2025,9/30/2025,0.03370553,,
2025-10-31,Janus Henderson Absolute Return Income Opportunities Fund,47103D462,JUCAX,10/31/2025,10/31/2025,10/31/2025,0.03647985,,
2025-11-28,Janus Henderson Absolute Return Income Opportunities Fund,47103D462,JUCAX,11/28/2025,11/28/2025,11/28/2025,0.03097429,,
2025-12-31,Janus Henderson Absolute Return Income Opportunities Fund,47103D462,JUCAX,12/31/2025,12/31/2025,12/31/2025,0.03574894,,
2021-01-29,Janus Henderson Absolute Return Income Opportunities Fund,47103D454,JUCCX,1/29/2021,1/29/2021,1/29/2021,0.00201977,,
2021-02-26,Janus Henderson Absolute Return Income Opportunities Fund,47103D454,JUCCX,2/26/2021,2/26/2021,2/26/2021,0.00321151,,
2021-03-31,Janus Henderson Absolute Return Income Opportunities Fund,47103D454,JUCCX,3/31/2021,3/31/2021,3/31/2021,0.00409499,,
2021-04-30,Janus Henderson Absolute Return Income Opportunities Fund,47103D454,JUCCX,4/30/2021,4/30/2021,4/30/2021,0.00398969,,
2021-05-28,Janus Henderson Absolute Return Income Opportunities Fund,47103D454,JUCCX,5/28/2021,5/28/2021,5/28/2021,0.00291345,,
2021-06-30,Janus Henderson Absolute Return Income Opportunities Fund,47103D454,JUCCX,6/30/2021,6/30/2021,6/30/2021,0.00456259,,
2021-07-30,Janus Henderson Absolute Return Income Opportunities Fund,47103D454,JUCCX,7/30/2021,7/30/2021,7/30/2021,0.00352174,,
2021-08-31,Janus Henderson Absolute Return Income Opportunities Fund,47103D454,JUCCX,8/31/2021,8/31/2021,8/31/2021,0.00366182,,
2021-09-30,Janus Henderson Absolute Return Income Opportunities Fund,47103D454,JUCCX,9/30/2021,9/30/2021,9/30/2021,0.00386096,,
2021-10-29,Janus Henderson Absolute Return Income Opportunities Fund,47103D454,JUCCX,10/29/2021,10/29/2021,10/29/2021,0.00633820,,
2021-12-31,Janus Henderson Absolute Return Income Opportunities Fund,47103D454,JUCCX,12/31/2021,12/31/2021,12/31/2021,0.00601558,,
2022-01-31,Janus Henderson Absolute Return Income Opportunities Fund,47103D454,JUCCX,1/31/2022,1/31/2022,1/31/2022,0.00154803,,
2022-02-28,Janus Henderson Absolute Return Income Opportunities Fund,47103D454,JUCCX,2/28/2022,2/28/2022,2/28/2022,0.00429951,,
2022-03-31,Janus Henderson Absolute Return Income Opportunities Fund,47103D454,JUCCX,3/31/2022,3/31/2022,3/31/2022,0.00397119,,
2022-04-29,Janus Henderson Absolute Return Income Opportunities Fund,47103D454,JUCCX,4/29/2022,4/29/2022,4/29/2022,0.00362387,,
2022-05-31,Janus Henderson Absolute Return Income Opportunities Fund,47103D454,JUCCX,5/31/2022,5/31/2022,5/31/2022,0.00498084,,
2022-06-30,Janus Henderson Absolute Return Income Opportunities Fund,47103D454,JUCCX,6/30/2022,6/30/2022,6/30/2022,0.00594585,,
2022-07-29,Janus Henderson Absolute Return Income Opportunities Fund,47103D454,JUCCX,7/29/2022,7/29/2022,7/29/2022,0.00636643,,
2022-08-31,Janus Henderson Absolute Return Income Opportunities Fund,47103D454,JUCCX,8/31/2022,8/31/2022,8/31/2022,0.01113048,,
2022-09-30,Janus Henderson Absolute Return Income Opportunities Fund,47103D454,JUCCX,9/30/2022,9/30/2022,9/30/2022,0.01136183,,
2022-10-31,Janus Henderson Absolute Return Income Opportunities Fund,47103D454,JUCCX,10/31/2022,10/31/2022,10/31/2022,0.00972648,,
2022-11-30,Janus Henderson Absolute Return Income Opportunities Fund,47103D454,JUCCX,11/30/2022,11/30/2022,11/30/2022,0.01566224,,
2022-12-30,Janus Henderson Absolute Return Income Opportunities Fund,47103D454,JUCCX,12/30/2022,12/30/2022,12/30/2022,0.01999029,,
2023-01-31,Janus Henderson Absolute Return Income Opportunities Fund,47103D454,JUCCX,1/31/2023,1/31/2023,1/31/2023,0.01437581,,
2023-02-28,Janus Henderson Absolute Return Income Opportunities Fund,47103D454,JUCCX,2/28/2023,2/28/2023,2/28/2023,0.01581880,,
2023-03-31,Janus Henderson Absolute Return Income Opportunities Fund,47103D454,JUCCX,3/31/2023,3/31/2023,3/31/2023,0.01793497,,
2023-04-28,Janus Henderson Absolute Return Income Opportunities Fund,47103D454,JUCCX,4/28/2023,4/28/2023,4/28/2023,0.01672430,,
2023-05-31,Janus Henderson Absolute Return Income Opportunities Fund,47103D454,JUCCX,5/31/2023,5/31/2023,5/31/2023,0.01931344,,
2023-06-30,Janus Henderson Absolute Return Income Opportunities Fund,47103D454,JUCCX,6/30/2023,6/30/2023,6/30/2023,0.02297949,,
2023-07-31,Janus Henderson Absolute Return Income Opportunities Fund,47103D454,JUCCX,7/31/2023,7/31/2023,7/31/2023,0.02070032,,
2023-08-31,Janus Henderson Absolute Return Income Opportunities Fund,47103D454,JUCCX,8/31/2023,8/31/2023,8/31/2023,0.02068146,,
2023-09-29,Janus Henderson Absolute Return Income Opportunities Fund,47103D454,JUCCX,9/29/2023,9/29/2023,9/29/2023,0.02334810,,
2023-10-31,Janus Henderson Absolute Return Income Opportunities Fund,47103D454,JUCCX,10/31/2023,10/31/2023,10/31/2023,0.02199635,,
2023-11-30,Janus Henderson Absolute Return Income Opportunities Fund,47103D454,JUCCX,11/30/2023,11/30/2023,11/30/2023,0.02620680,,
2023-12-29,Janus Henderson Absolute Return Income Opportunities Fund,47103D454,JUCCX,12/29/2023,12/29/2023,12/29/2023,0.02683915,,
2024-01-31,Janus Henderson Absolute Return Income Opportunities Fund,47103D454,JUCCX,1/31/2024,1/31/2024,1/31/2024,0.02275069,,
2024-02-29,Janus Henderson Absolute Return Income Opportunities Fund,47103D454,JUCCX,2/29/2024,2/29/2024,2/29/2024,0.02633408,,
2024-03-28,Janus Henderson Absolute Return Income Opportunities Fund,47103D454,JUCCX,3/28/2024,3/28/2024,3/28/2024,0.02571500,,
2024-04-30,Janus Henderson Absolute Return Income Opportunities Fund,47103D454,JUCCX,4/30/2024,4/30/2024,4/30/2024,0.02909097,,
2024-05-31,Janus Henderson Absolute Return Income Opportunities Fund,47103D454,JUCCX,5/31/2024,5/31/2024,5/31/2024,0.03134081,,
2024-06-28,Janus Henderson Absolute Return Income Opportunities Fund,47103D454,JUCCX,6/28/2024,6/28/2024,6/28/2024,0.02538394,,
2024-07-31,Janus Henderson Absolute Return Income Opportunities Fund,47103D454,JUCCX,7/31/2024,7/31/2024,7/31/2024,0.02390739,,
2024-08-30,Janus Henderson Absolute Return Income Opportunities Fund,47103D454,JUCCX,8/30/2024,8/30/2024,8/30/2024,0.03123797,,
2024-09-30,Janus Henderson Absolute Return Income Opportunities Fund,47103D454,JUCCX,9/30/2024,9/30/2024,9/30/2024,0.02990421,,
2024-10-31,Janus Henderson Absolute Return Income Opportunities Fund,47103D454,JUCCX,10/31/2024,10/31/2024,10/31/2024,0.02842616,,
2024-11-29,Janus Henderson Absolute Return Income Opportunities Fund,47103D454,JUCCX,11/29/2024,11/29/2024,11/29/2024,0.02952144,,
2024-12-31,Janus Henderson Absolute Return Income Opportunities Fund,47103D454,JUCCX,12/31/2024,12/31/2024,12/31/2024,0.03055968,,
2025-01-31,Janus Henderson Absolute Return Income Opportunities Fund,47103D454,JUCCX,1/31/2025,1/31/2025,1/31/2025,0.01394646,,
2025-02-28,Janus Henderson Absolute Return Income Opportunities Fund,47103D454,JUCCX,2/28/2025,2/28/2025,2/28/2025,0.01455528,,
2025-03-31,Janus Henderson Absolute Return Income Opportunities Fund,47103D454,JUCCX,3/31/2025,3/31/2025,3/31/2025,0.01336120,,
2025-04-30,Janus Henderson Absolute Return Income Opportunities Fund,47103D454,JUCCX,4/30/2025,4/30/2025,4/30/2025,0.01488576,,
2025-05-30,Janus Henderson Absolute Return Income Opportunities Fund,47103D454,JUCCX,5/30/2025,5/30/2025,5/30/2025,0.01465875,,
2025-06-30,Janus Henderson Absolute Return Income Opportunities Fund,47103D454,JUCCX,6/30/2025,6/30/2025,6/30/2025,0.01352870,,
2025-07-31,Janus Henderson Absolute Return Income Opportunities Fund,47103D454,JUCCX,7/31/2025,7/31/2025,7/31/2025,0.02858501,,
2025-08-29,Janus Henderson Absolute Return Income Opportunities Fund,47103D454,JUCCX,8/29/2025,8/29/2025,8/29/2025,0.03256934,,
2025-09-30,Janus Henderson Absolute Return Income Opportunities Fund,47103D454,JUCCX,9/30/2025,9/30/2025,9/30/2025,0.02857888,,
2025-10-31,Janus Henderson Absolute Return Income Opportunities Fund,47103D454,JUCCX,10/31/2025,10/31/2025,10/31/2025,0.03027109,,
2025-11-28,Janus Henderson Absolute Return Income Opportunities Fund,47103D454,JUCCX,11/28/2025,11/28/2025,11/28/2025,0.02755813,,
2025-12-31,Janus Henderson Absolute Return Income Opportunities Fund,47103D454,JUCCX,12/31/2025,12/31/2025,12/31/2025,0.02966257,,
2021-01-29,Janus Henderson Absolute Return Income Opportunities Fund,47103D447,JUCDX,1/29/2021,1/29/2021,1/29/2021,0.00867196,,
2021-02-26,Janus Henderson Absolute Return Income Opportunities Fund,47103D447,JUCDX,2/26/2021,2/26/2021,2/26/2021,0.01003852,,
2021-03-31,Janus Henderson Absolute Return Income Opportunities Fund,47103D447,JUCDX,3/31/2021,3/31/2021,3/31/2021,0.00941364,,
2021-04-30,Janus Henderson Absolute Return Income Opportunities Fund,47103D447,JUCDX,4/30/2021,4/30/2021,4/30/2021,0.01157907,,
2021-05-28,Janus Henderson Absolute Return Income Opportunities Fund,47103D447,JUCDX,5/28/2021,5/28/2021,5/28/2021,0.00982333,,
2021-06-30,Janus Henderson Absolute Return Income Opportunities Fund,47103D447,JUCDX,6/30/2021,6/30/2021,6/30/2021,0.01032873,,
2021-07-30,Janus Henderson Absolute Return Income Opportunities Fund,47103D447,JUCDX,7/30/2021,7/30/2021,7/30/2021,0.01105415,,
2021-08-31,Janus Henderson Absolute Return Income Opportunities Fund,47103D447,JUCDX,8/31/2021,8/31/2021,8/31/2021,0.01075669,,
2021-09-30,Janus Henderson Absolute Return Income Opportunities Fund,47103D447,JUCDX,9/30/2021,9/30/2021,9/30/2021,0.01077369,,
2021-10-29,Janus Henderson Absolute Return Income Opportunities Fund,47103D447,JUCDX,10/29/2021,10/29/2021,10/29/2021,0.01114089,,
2021-11-30,Janus Henderson Absolute Return Income Opportunities Fund,47103D447,JUCDX,11/30/2021,11/30/2021,11/30/2021,0.00919381,,
2021-12-31,Janus Henderson Absolute Return Income Opportunities Fund,47103D447,JUCDX,12/31/2021,12/31/2021,12/31/2021,0.01381368,,
2022-01-31,Janus Henderson Absolute Return Income Opportunities Fund,47103D447,JUCDX,1/31/2022,1/31/2022,1/31/2022,0.00811528,,
2022-02-28,Janus Henderson Absolute Return Income Opportunities Fund,47103D447,JUCDX,2/28/2022,2/28/2022,2/28/2022,0.01063299,,
2022-03-31,Janus Henderson Absolute Return Income Opportunities Fund,47103D447,JUCDX,3/31/2022,3/31/2022,3/31/2022,0.01097634,,
2022-04-29,Janus Henderson Absolute Return Income Opportunities Fund,47103D447,JUCDX,4/29/2022,4/29/2022,4/29/2022,0.01070910,,
2022-05-31,Janus Henderson Absolute Return Income Opportunities Fund,47103D447,JUCDX,5/31/2022,5/31/2022,5/31/2022,0.01171345,,
2022-06-30,Janus Henderson Absolute Return Income Opportunities Fund,47103D447,JUCDX,6/30/2022,6/30/2022,6/30/2022,0.01218497,,
2022-07-29,Janus Henderson Absolute Return Income Opportunities Fund,47103D447,JUCDX,7/29/2022,7/29/2022,7/29/2022,0.01325098,,
2022-08-31,Janus Henderson Absolute Return Income Opportunities Fund,47103D447,JUCDX,8/31/2022,8/31/2022,8/31/2022,0.01612312,,
2022-09-30,Janus Henderson Absolute Return Income Opportunities Fund,47103D447,JUCDX,9/30/2022,9/30/2022,9/30/2022,0.01860763,,
2022-10-31,Janus Henderson Absolute Return Income Opportunities Fund,47103D447,JUCDX,10/31/2022,10/31/2022,10/31/2022,0.01623618,,
2022-11-30,Janus Henderson Absolute Return Income Opportunities Fund,47103D447,JUCDX,11/30/2022,11/30/2022,11/30/2022,0.02226064,,
2022-12-30,Janus Henderson Absolute Return Income Opportunities Fund,47103D447,JUCDX,12/30/2022,12/30/2022,12/30/2022,0.02442780,,
2023-01-31,Janus Henderson Absolute Return Income Opportunities Fund,47103D447,JUCDX,1/31/2023,1/31/2023,1/31/2023,0.02095049,,
2023-02-28,Janus Henderson Absolute Return Income Opportunities Fund,47103D447,JUCDX,2/28/2023,2/28/2023,2/28/2023,0.02107901,,
2023-03-31,Janus Henderson Absolute Return Income Opportunities Fund,47103D447,JUCDX,3/31/2023,3/31/2023,3/31/2023,0.02535214,,
2023-04-28,Janus Henderson Absolute Return Income Opportunities Fund,47103D447,JUCDX,4/28/2023,4/28/2023,4/28/2023,0.02298208,,
2023-05-31,Janus Henderson Absolute Return Income Opportunities Fund,47103D447,JUCDX,5/31/2023,5/31/2023,5/31/2023,0.02637064,,
2023-06-30,Janus Henderson Absolute Return Income Opportunities Fund,47103D447,JUCDX,6/30/2023,6/30/2023,6/30/2023,0.03036732,,
2023-07-31,Janus Henderson Absolute Return Income Opportunities Fund,47103D447,JUCDX,7/31/2023,7/31/2023,7/31/2023,0.02720898,,
2023-08-31,Janus Henderson Absolute Return Income Opportunities Fund,47103D447,JUCDX,8/31/2023,8/31/2023,8/31/2023,0.02768553,,
2023-09-29,Janus Henderson Absolute Return Income Opportunities Fund,47103D447,JUCDX,9/29/2023,9/29/2023,9/29/2023,0.03032496,,
2023-10-31,Janus Henderson Absolute Return Income Opportunities Fund,47103D447,JUCDX,10/31/2023,10/31/2023,10/31/2023,0.02861401,,
2023-11-30,Janus Henderson Absolute Return Income Opportunities Fund,47103D447,JUCDX,11/30/2023,11/30/2023,11/30/2023,0.03318405,,
2023-12-29,Janus Henderson Absolute Return Income Opportunities Fund,47103D447,JUCDX,12/29/2023,12/29/2023,12/29/2023,0.03409553,,
2024-01-31,Janus Henderson Absolute Return Income Opportunities Fund,47103D447,JUCDX,1/31/2024,1/31/2024,1/31/2024,0.02966416,,
2024-02-29,Janus Henderson Absolute Return Income Opportunities Fund,47103D447,JUCDX,2/29/2024,2/29/2024,2/29/2024,0.03302453,,
2024-03-28,Janus Henderson Absolute Return Income Opportunities Fund,47103D447,JUCDX,3/28/2024,3/28/2024,3/28/2024,0.03289220,,
2024-04-30,Janus Henderson Absolute Return Income Opportunities Fund,47103D447,JUCDX,4/30/2024,4/30/2024,4/30/2024,0.03595074,,
2024-05-31,Janus Henderson Absolute Return Income Opportunities Fund,47103D447,JUCDX,5/31/2024,5/31/2024,5/31/2024,0.03805745,,
2024-06-28,Janus Henderson Absolute Return Income Opportunities Fund,47103D447,JUCDX,6/28/2024,6/28/2024,6/28/2024,0.03179182,,
2024-07-31,Janus Henderson Absolute Return Income Opportunities Fund,47103D447,JUCDX,7/31/2024,7/31/2024,7/31/2024,0.03111442,,
2024-08-30,Janus Henderson Absolute Return Income Opportunities Fund,47103D447,JUCDX,8/30/2024,8/30/2024,8/30/2024,0.03817902,,
2024-09-30,Janus Henderson Absolute Return Income Opportunities Fund,47103D447,JUCDX,9/30/2024,9/30/2024,9/30/2024,0.03638898,,
2024-10-31,Janus Henderson Absolute Return Income Opportunities Fund,47103D447,JUCDX,10/31/2024,10/31/2024,10/31/2024,0.03564153,,
2024-11-29,Janus Henderson Absolute Return Income Opportunities Fund,47103D447,JUCDX,11/29/2024,11/29/2024,11/29/2024,0.03595922,,
2024-12-31,Janus Henderson Absolute Return Income Opportunities Fund,47103D447,JUCDX,12/31/2024,12/31/2024,12/31/2024,0.03784376,,
2025-01-31,Janus Henderson Absolute Return Income Opportunities Fund,47103D447,JUCDX,1/31/2025,1/31/2025,1/31/2025,0.01702042,,
2025-02-28,Janus Henderson Absolute Return Income Opportunities Fund,47103D447,JUCDX,2/28/2025,2/28/2025,2/28/2025,0.01761534,,
2025-03-31,Janus Henderson Absolute Return Income Opportunities Fund,47103D447,JUCDX,3/31/2025,3/31/2025,3/31/2025,0.01654766,,
2025-04-30,Janus Henderson Absolute Return Income Opportunities Fund,47103D447,JUCDX,4/30/2025,4/30/2025,4/30/2025,0.01811202,,
2025-05-30,Janus Henderson Absolute Return Income Opportunities Fund,47103D447,JUCDX,5/30/2025,5/30/2025,5/30/2025,0.01773755,,
2025-06-30,Janus Henderson Absolute Return Income Opportunities Fund,47103D447,JUCDX,6/30/2025,6/30/2025,6/30/2025,0.01672317,,
2025-07-31,Janus Henderson Absolute Return Income Opportunities Fund,47103D447,JUCDX,7/31/2025,7/31/2025,7/31/2025,0.03603502,,
2025-08-29,Janus Henderson Absolute Return Income Opportunities Fund,47103D447,JUCDX,8/29/2025,8/29/2025,8/29/2025,0.03829346,,
2025-09-30,Janus Henderson Absolute Return Income Opportunities Fund,47103D447,JUCDX,9/30/2025,9/30/2025,9/30/2025,0.03528030,,
2025-10-31,Janus Henderson Absolute Return Income Opportunities Fund,47103D447,JUCDX,10/31/2025,10/31/2025,10/31/2025,0.03820615,,
2025-11-28,Janus Henderson Absolute Return Income Opportunities Fund,47103D447,JUCDX,11/28/2025,11/28/2025,11/28/2025,0.03247940,,
2025-12-31,Janus Henderson Absolute Return Income Opportunities Fund,47103D447,JUCDX,12/31/2025,12/31/2025,12/31/2025,0.03734473,,
2021-01-29,Janus Henderson Absolute Return Income Opportunities Fund,47103D439,JUCIX,1/29/2021,1/29/2021,1/29/2021,0.00903279,,
2021-02-26,Janus Henderson Absolute Return Income Opportunities Fund,47103D439,JUCIX,2/26/2021,2/26/2021,2/26/2021,0.01035338,,
2021-03-31,Janus Henderson Absolute Return Income Opportunities Fund,47103D439,JUCIX,3/31/2021,3/31/2021,3/31/2021,0.00989441,,
2021-04-30,Janus Henderson Absolute Return Income Opportunities Fund,47103D439,JUCIX,4/30/2021,4/30/2021,4/30/2021,0.01204750,,
2021-05-28,Janus Henderson Absolute Return Income Opportunities Fund,47103D439,JUCIX,5/28/2021,5/28/2021,5/28/2021,0.01028844,,
2021-06-30,Janus Henderson Absolute Return Income Opportunities Fund,47103D439,JUCIX,6/30/2021,6/30/2021,6/30/2021,0.01070555,,
2021-07-30,Janus Henderson Absolute Return Income Opportunities Fund,47103D439,JUCIX,7/30/2021,7/30/2021,7/30/2021,0.01154012,,
2021-08-31,Janus Henderson Absolute Return Income Opportunities Fund,47103D439,JUCIX,8/31/2021,8/31/2021,8/31/2021,0.01116240,,
2021-09-30,Janus Henderson Absolute Return Income Opportunities Fund,47103D439,JUCIX,9/30/2021,9/30/2021,9/30/2021,0.01093541,,
2021-10-29,Janus Henderson Absolute Return Income Opportunities Fund,47103D439,JUCIX,10/29/2021,10/29/2021,10/29/2021,0.01149049,,
2021-11-30,Janus Henderson Absolute Return Income Opportunities Fund,47103D439,JUCIX,11/30/2021,11/30/2021,11/30/2021,0.00957996,,
2021-12-31,Janus Henderson Absolute Return Income Opportunities Fund,47103D439,JUCIX,12/31/2021,12/31/2021,12/31/2021,0.01433709,,
2022-01-31,Janus Henderson Absolute Return Income Opportunities Fund,47103D439,JUCIX,1/31/2022,1/31/2022,1/31/2022,0.00846620,,
2022-02-28,Janus Henderson Absolute Return Income Opportunities Fund,47103D439,JUCIX,2/28/2022,2/28/2022,2/28/2022,0.01101156,,
2022-03-31,Janus Henderson Absolute Return Income Opportunities Fund,47103D439,JUCIX,3/31/2022,3/31/2022,3/31/2022,0.01139703,,
2022-04-29,Janus Henderson Absolute Return Income Opportunities Fund,47103D439,JUCIX,4/29/2022,4/29/2022,4/29/2022,0.01102260,,
2022-05-31,Janus Henderson Absolute Return Income Opportunities Fund,47103D439,JUCIX,5/31/2022,5/31/2022,5/31/2022,0.01213463,,
2022-06-30,Janus Henderson Absolute Return Income Opportunities Fund,47103D439,JUCIX,6/30/2022,6/30/2022,6/30/2022,0.01267777,,
2022-07-29,Janus Henderson Absolute Return Income Opportunities Fund,47103D439,JUCIX,7/29/2022,7/29/2022,7/29/2022,0.01371928,,
2022-08-31,Janus Henderson Absolute Return Income Opportunities Fund,47103D439,JUCIX,8/31/2022,8/31/2022,8/31/2022,0.01600542,,
2022-09-30,Janus Henderson Absolute Return Income Opportunities Fund,47103D439,JUCIX,9/30/2022,9/30/2022,9/30/2022,0.01852405,,
2022-10-31,Janus Henderson Absolute Return Income Opportunities Fund,47103D439,JUCIX,10/31/2022,10/31/2022,10/31/2022,0.01628767,,
2022-11-30,Janus Henderson Absolute Return Income Opportunities Fund,47103D439,JUCIX,11/30/2022,11/30/2022,11/30/2022,0.02274458,,
2022-12-30,Janus Henderson Absolute Return Income Opportunities Fund,47103D439,JUCIX,12/30/2022,12/30/2022,12/30/2022,0.02528985,,
2023-01-31,Janus Henderson Absolute Return Income Opportunities Fund,47103D439,JUCIX,1/31/2023,1/31/2023,1/31/2023,0.02122404,,
2023-02-28,Janus Henderson Absolute Return Income Opportunities Fund,47103D439,JUCIX,2/28/2023,2/28/2023,2/28/2023,0.02134115,,
2023-03-31,Janus Henderson Absolute Return Income Opportunities Fund,47103D439,JUCIX,3/31/2023,3/31/2023,3/31/2023,0.02574742,,
2023-04-28,Janus Henderson Absolute Return Income Opportunities Fund,47103D439,JUCIX,4/28/2023,4/28/2023,4/28/2023,0.02321152,,
2023-05-31,Janus Henderson Absolute Return Income Opportunities Fund,47103D439,JUCIX,5/31/2023,5/31/2023,5/31/2023,0.02653412,,
2023-06-30,Janus Henderson Absolute Return Income Opportunities Fund,47103D439,JUCIX,6/30/2023,6/30/2023,6/30/2023,0.03063419,,
2023-07-31,Janus Henderson Absolute Return Income Opportunities Fund,47103D439,JUCIX,7/31/2023,7/31/2023,7/31/2023,0.02744111,,
2023-08-31,Janus Henderson Absolute Return Income Opportunities Fund,47103D439,JUCIX,8/31/2023,8/31/2023,8/31/2023,0.02783157,,
2023-09-29,Janus Henderson Absolute Return Income Opportunities Fund,47103D439,JUCIX,9/29/2023,9/29/2023,9/29/2023,0.03058023,,
2023-10-31,Janus Henderson Absolute Return Income Opportunities Fund,47103D439,JUCIX,10/31/2023,10/31/2023,10/31/2023,0.02886294,,
2023-11-30,Janus Henderson Absolute Return Income Opportunities Fund,47103D439,JUCIX,11/30/2023,11/30/2023,11/30/2023,0.03332578,,
2023-12-29,Janus Henderson Absolute Return Income Opportunities Fund,47103D439,JUCIX,12/29/2023,12/29/2023,12/29/2023,0.03441324,,
2024-01-31,Janus Henderson Absolute Return Income Opportunities Fund,47103D439,JUCIX,1/31/2024,1/31/2024,1/31/2024,0.02983752,,
2024-02-29,Janus Henderson Absolute Return Income Opportunities Fund,47103D439,JUCIX,2/29/2024,2/29/2024,2/29/2024,0.03315889,,
2024-03-28,Janus Henderson Absolute Return Income Opportunities Fund,47103D439,JUCIX,3/28/2024,3/28/2024,3/28/2024,0.03300859,,
2024-04-30,Janus Henderson Absolute Return Income Opportunities Fund,47103D439,JUCIX,4/30/2024,4/30/2024,4/30/2024,0.03610087,,
2024-05-31,Janus Henderson Absolute Return Income Opportunities Fund,47103D439,JUCIX,5/31/2024,5/31/2024,5/31/2024,0.03827716,,
2024-06-28,Janus Henderson Absolute Return Income Opportunities Fund,47103D439,JUCIX,6/28/2024,6/28/2024,6/28/2024,0.03204842,,
2024-07-31,Janus Henderson Absolute Return Income Opportunities Fund,47103D439,JUCIX,7/31/2024,7/31/2024,7/31/2024,0.03121610,,
2024-08-30,Janus Henderson Absolute Return Income Opportunities Fund,47103D439,JUCIX,8/30/2024,8/30/2024,8/30/2024,0.03838493,,
2024-09-30,Janus Henderson Absolute Return Income Opportunities Fund,47103D439,JUCIX,9/30/2024,9/30/2024,9/30/2024,0.03654466,,
2024-10-31,Janus Henderson Absolute Return Income Opportunities Fund,47103D439,JUCIX,10/31/2024,10/31/2024,10/31/2024,0.03585115,,
2024-11-29,Janus Henderson Absolute Return Income Opportunities Fund,47103D439,JUCIX,11/29/2024,11/29/2024,11/29/2024,0.03603638,,
2024-12-31,Janus Henderson Absolute Return Income Opportunities Fund,47103D439,JUCIX,12/31/2024,12/31/2024,12/31/2024,0.03791421,,
2025-01-31,Janus Henderson Absolute Return Income Opportunities Fund,47103D439,JUCIX,1/31/2025,1/31/2025,1/31/2025,0.01702383,,
2025-02-28,Janus Henderson Absolute Return Income Opportunities Fund,47103D439,JUCIX,2/28/2025,2/28/2025,2/28/2025,0.01764423,,
2025-03-31,Janus Henderson Absolute Return Income Opportunities Fund,47103D439,JUCIX,3/31/2025,3/31/2025,3/31/2025,0.01652385,,
2025-04-30,Janus Henderson Absolute Return Income Opportunities Fund,47103D439,JUCIX,4/30/2025,4/30/2025,4/30/2025,0.01818863,,
2025-05-30,Janus Henderson Absolute Return Income Opportunities Fund,47103D439,JUCIX,5/30/2025,5/30/2025,5/30/2025,0.01787444,,
2025-06-30,Janus Henderson Absolute Return Income Opportunities Fund,47103D439,JUCIX,6/30/2025,6/30/2025,6/30/2025,0.01679973,,
2025-07-31,Janus Henderson Absolute Return Income Opportunities Fund,47103D439,JUCIX,7/31/2025,7/31/2025,7/31/2025,0.03618173,,
2025-08-29,Janus Henderson Absolute Return Income Opportunities Fund,47103D439,JUCIX,8/29/2025,8/29/2025,8/29/2025,0.03843385,,
2025-09-30,Janus Henderson Absolute Return Income Opportunities Fund,47103D439,JUCIX,9/30/2025,9/30/2025,9/30/2025,0.03544208,,
2025-10-31,Janus Henderson Absolute Return Income Opportunities Fund,47103D439,JUCIX,10/31/2025,10/31/2025,10/31/2025,0.03828876,,
2025-11-28,Janus Henderson Absolute Return Income Opportunities Fund,47103D439,JUCIX,11/28/2025,11/28/2025,11/28/2025,0.03250103,,
2025-12-31,Janus Henderson Absolute Return Income Opportunities Fund,47103D439,JUCIX,12/31/2025,12/31/2025,12/31/2025,0.03755129,,
2021-01-29,Janus Henderson Absolute Return Income Opportunities Fund,47103D421,JUCNX,1/29/2021,1/29/2021,1/29/2021,0.00955477,,
2021-02-26,Janus Henderson Absolute Return Income Opportunities Fund,47103D421,JUCNX,2/26/2021,2/26/2021,2/26/2021,0.01091010,,
2021-03-31,Janus Henderson Absolute Return Income Opportunities Fund,47103D421,JUCNX,3/31/2021,3/31/2021,3/31/2021,0.01038438,,
2021-04-30,Janus Henderson Absolute Return Income Opportunities Fund,47103D421,JUCNX,4/30/2021,4/30/2021,4/30/2021,0.01258197,,
2021-05-28,Janus Henderson Absolute Return Income Opportunities Fund,47103D421,JUCNX,5/28/2021,5/28/2021,5/28/2021,0.01072645,,
2021-06-30,Janus Henderson Absolute Return Income Opportunities Fund,47103D421,JUCNX,6/30/2021,6/30/2021,6/30/2021,0.01127808,,
2021-07-30,Janus Henderson Absolute Return Income Opportunities Fund,47103D421,JUCNX,7/30/2021,7/30/2021,7/30/2021,0.01204723,,
2021-08-31,Janus Henderson Absolute Return Income Opportunities Fund,47103D421,JUCNX,8/31/2021,8/31/2021,8/31/2021,0.01167969,,
2021-09-30,Janus Henderson Absolute Return Income Opportunities Fund,47103D421,JUCNX,9/30/2021,9/30/2021,9/30/2021,0.01168879,,
2021-10-29,Janus Henderson Absolute Return Income Opportunities Fund,47103D421,JUCNX,10/29/2021,10/29/2021,10/29/2021,0.00958211,,
2021-11-30,Janus Henderson Absolute Return Income Opportunities Fund,47103D421,JUCNX,11/30/2021,11/30/2021,11/30/2021,0.00853572,,
2021-12-31,Janus Henderson Absolute Return Income Opportunities Fund,47103D421,JUCNX,12/31/2021,12/31/2021,12/31/2021,0.01482943,,
2022-01-31,Janus Henderson Absolute Return Income Opportunities Fund,47103D421,JUCNX,1/31/2022,1/31/2022,1/31/2022,0.00902246,,
2022-02-28,Janus Henderson Absolute Return Income Opportunities Fund,47103D421,JUCNX,2/28/2022,2/28/2022,2/28/2022,0.01152944,,
2022-03-31,Janus Henderson Absolute Return Income Opportunities Fund,47103D421,JUCNX,3/31/2022,3/31/2022,3/31/2022,0.01194407,,
2022-04-29,Janus Henderson Absolute Return Income Opportunities Fund,47103D421,JUCNX,4/29/2022,4/29/2022,4/29/2022,0.01163082,,
2022-05-31,Janus Henderson Absolute Return Income Opportunities Fund,47103D421,JUCNX,5/31/2022,5/31/2022,5/31/2022,0.01262392,,
2022-06-30,Janus Henderson Absolute Return Income Opportunities Fund,47103D421,JUCNX,6/30/2022,6/30/2022,6/30/2022,0.01310877,,
2022-07-29,Janus Henderson Absolute Return Income Opportunities Fund,47103D421,JUCNX,7/29/2022,7/29/2022,7/29/2022,0.01421094,,
2022-08-31,Janus Henderson Absolute Return Income Opportunities Fund,47103D421,JUCNX,8/31/2022,8/31/2022,8/31/2022,0.01706820,,
2022-09-30,Janus Henderson Absolute Return Income Opportunities Fund,47103D421,JUCNX,9/30/2022,9/30/2022,9/30/2022,0.01958622,,
2022-10-31,Janus Henderson Absolute Return Income Opportunities Fund,47103D421,JUCNX,10/31/2022,10/31/2022,10/31/2022,0.01713576,,
2022-11-30,Janus Henderson Absolute Return Income Opportunities Fund,47103D421,JUCNX,11/30/2022,11/30/2022,11/30/2022,0.02318589,,
2022-12-30,Janus Henderson Absolute Return Income Opportunities Fund,47103D421,JUCNX,12/30/2022,12/30/2022,12/30/2022,0.02542898,,
2023-01-31,Janus Henderson Absolute Return Income Opportunities Fund,47103D421,JUCNX,1/31/2023,1/31/2023,1/31/2023,0.02181705,,
2023-02-28,Janus Henderson Absolute Return Income Opportunities Fund,47103D421,JUCNX,2/28/2023,2/28/2023,2/28/2023,0.02194184,,
2023-03-31,Janus Henderson Absolute Return Income Opportunities Fund,47103D421,JUCNX,3/31/2023,3/31/2023,3/31/2023,0.02635562,,
2023-04-28,Janus Henderson Absolute Return Income Opportunities Fund,47103D421,JUCNX,4/28/2023,4/28/2023,4/28/2023,0.02385195,,
2023-05-31,Janus Henderson Absolute Return Income Opportunities Fund,47103D421,JUCNX,5/31/2023,5/31/2023,5/31/2023,0.02734416,,
2023-06-30,Janus Henderson Absolute Return Income Opportunities Fund,47103D421,JUCNX,6/30/2023,6/30/2023,6/30/2023,0.03127632,,
2023-07-31,Janus Henderson Absolute Return Income Opportunities Fund,47103D421,JUCNX,7/31/2023,7/31/2023,7/31/2023,0.02809297,,
2023-08-31,Janus Henderson Absolute Return Income Opportunities Fund,47103D421,JUCNX,8/31/2023,8/31/2023,8/31/2023,0.02862436,,
2023-09-29,Janus Henderson Absolute Return Income Opportunities Fund,47103D421,JUCNX,9/29/2023,9/29/2023,9/29/2023,0.03125935,,
2023-10-31,Janus Henderson Absolute Return Income Opportunities Fund,47103D421,JUCNX,10/31/2023,10/31/2023,10/31/2023,0.02953091,,
2023-11-30,Janus Henderson Absolute Return Income Opportunities Fund,47103D421,JUCNX,11/30/2023,11/30/2023,11/30/2023,0.03408914,,
2023-12-29,Janus Henderson Absolute Return Income Opportunities Fund,47103D421,JUCNX,12/29/2023,12/29/2023,12/29/2023,0.03506306,,
2024-01-31,Janus Henderson Absolute Return Income Opportunities Fund,47103D421,JUCNX,1/31/2024,1/31/2024,1/31/2024,0.03055134,,
2024-02-29,Janus Henderson Absolute Return Income Opportunities Fund,47103D421,JUCNX,2/29/2024,2/29/2024,2/29/2024,0.03388306,,
2024-03-28,Janus Henderson Absolute Return Income Opportunities Fund,47103D421,JUCNX,3/28/2024,3/28/2024,3/28/2024,0.03380279,,
2024-04-30,Janus Henderson Absolute Return Income Opportunities Fund,47103D421,JUCNX,4/30/2024,4/30/2024,4/30/2024,0.03684472,,
2024-05-31,Janus Henderson Absolute Return Income Opportunities Fund,47103D421,JUCNX,5/31/2024,5/31/2024,5/31/2024,0.03902605,,
2024-06-28,Janus Henderson Absolute Return Income Opportunities Fund,47103D421,JUCNX,6/28/2024,6/28/2024,6/28/2024,0.03262498,,
2024-07-31,Janus Henderson Absolute Return Income Opportunities Fund,47103D421,JUCNX,7/31/2024,7/31/2024,7/31/2024,0.03204498,,
2024-08-30,Janus Henderson Absolute Return Income Opportunities Fund,47103D421,JUCNX,8/30/2024,8/30/2024,8/30/2024,0.03913919,,
2024-09-30,Janus Henderson Absolute Return Income Opportunities Fund,47103D421,JUCNX,9/30/2024,9/30/2024,9/30/2024,0.03721945,,
2024-10-31,Janus Henderson Absolute Return Income Opportunities Fund,47103D421,JUCNX,10/31/2024,10/31/2024,10/31/2024,0.03654477,,
2024-11-29,Janus Henderson Absolute Return Income Opportunities Fund,47103D421,JUCNX,11/29/2024,11/29/2024,11/29/2024,0.03683093,,
2024-12-31,Janus Henderson Absolute Return Income Opportunities Fund,47103D421,JUCNX,12/31/2024,12/31/2024,12/31/2024,0.03872290,,
2025-01-31,Janus Henderson Absolute Return Income Opportunities Fund,47103D421,JUCNX,1/31/2025,1/31/2025,1/31/2025,0.01744853,,
2025-02-28,Janus Henderson Absolute Return Income Opportunities Fund,47103D421,JUCNX,2/28/2025,2/28/2025,2/28/2025,0.01798317,,
2025-03-31,Janus Henderson Absolute Return Income Opportunities Fund,47103D421,JUCNX,3/31/2025,3/31/2025,3/31/2025,0.01694187,,
2025-04-30,Janus Henderson Absolute Return Income Opportunities Fund,47103D421,JUCNX,4/30/2025,4/30/2025,4/30/2025,0.01851876,,
2025-05-30,Janus Henderson Absolute Return Income Opportunities Fund,47103D421,JUCNX,5/30/2025,5/30/2025,5/30/2025,0.01816283,,
2025-06-30,Janus Henderson Absolute Return Income Opportunities Fund,47103D421,JUCNX,6/30/2025,6/30/2025,6/30/2025,0.01711694,,
2025-07-31,Janus Henderson Absolute Return Income Opportunities Fund,47103D421,JUCNX,7/31/2025,7/31/2025,7/31/2025,0.03692849,,
2025-08-29,Janus Henderson Absolute Return Income Opportunities Fund,47103D421,JUCNX,8/29/2025,8/29/2025,8/29/2025,0.03919988,,
2025-09-30,Janus Henderson Absolute Return Income Opportunities Fund,47103D421,JUCNX,9/30/2025,9/30/2025,9/30/2025,0.03609560,,
2025-10-31,Janus Henderson Absolute Return Income Opportunities Fund,47103D421,JUCNX,10/31/2025,10/31/2025,10/31/2025,0.03912287,,
2025-11-28,Janus Henderson Absolute Return Income Opportunities Fund,47103D421,JUCNX,11/28/2025,11/28/2025,11/28/2025,0.03327340,,
2025-12-31,Janus Henderson Absolute Return Income Opportunities Fund,47103D421,JUCNX,12/31/2025,12/31/2025,12/31/2025,0.03824694,,
2021-01-29,Janus Henderson Absolute Return Income Opportunities Fund,47103D298,JUCRX,1/29/2021,1/29/2021,1/29/2021,0.00436150,,
2021-02-26,Janus Henderson Absolute Return Income Opportunities Fund,47103D298,JUCRX,2/26/2021,2/26/2021,2/26/2021,0.00571356,,
2021-03-31,Janus Henderson Absolute Return Income Opportunities Fund,47103D298,JUCRX,3/31/2021,3/31/2021,3/31/2021,0.00470064,,
2021-04-30,Janus Henderson Absolute Return Income Opportunities Fund,47103D298,JUCRX,4/30/2021,4/30/2021,4/30/2021,0.00666435,,
2021-05-28,Janus Henderson Absolute Return Income Opportunities Fund,47103D298,JUCRX,5/28/2021,5/28/2021,5/28/2021,0.00536266,,
2021-06-30,Janus Henderson Absolute Return Income Opportunities Fund,47103D298,JUCRX,6/30/2021,6/30/2021,6/30/2021,0.00573247,,
2021-07-30,Janus Henderson Absolute Return Income Opportunities Fund,47103D298,JUCRX,7/30/2021,7/30/2021,7/30/2021,0.00612495,,
2021-08-31,Janus Henderson Absolute Return Income Opportunities Fund,47103D298,JUCRX,8/31/2021,8/31/2021,8/31/2021,0.00616038,,
2021-09-30,Janus Henderson Absolute Return Income Opportunities Fund,47103D298,JUCRX,9/30/2021,9/30/2021,9/30/2021,0.00615094,,
2021-10-29,Janus Henderson Absolute Return Income Opportunities Fund,47103D298,JUCRX,10/29/2021,10/29/2021,10/29/2021,0.00737950,,
2021-11-30,Janus Henderson Absolute Return Income Opportunities Fund,47103D298,JUCRX,11/30/2021,11/30/2021,11/30/2021,0.00364158,,
2021-12-31,Janus Henderson Absolute Return Income Opportunities Fund,47103D298,JUCRX,12/31/2021,12/31/2021,12/31/2021,0.00883811,,
2022-01-31,Janus Henderson Absolute Return Income Opportunities Fund,47103D298,JUCRX,1/31/2022,1/31/2022,1/31/2022,0.00373986,,
2022-02-28,Janus Henderson Absolute Return Income Opportunities Fund,47103D298,JUCRX,2/28/2022,2/28/2022,2/28/2022,0.00801453,,
2022-03-31,Janus Henderson Absolute Return Income Opportunities Fund,47103D298,JUCRX,3/31/2022,3/31/2022,3/31/2022,0.00637226,,
2022-04-29,Janus Henderson Absolute Return Income Opportunities Fund,47103D298,JUCRX,4/29/2022,4/29/2022,4/29/2022,0.00611202,,
2022-05-31,Janus Henderson Absolute Return Income Opportunities Fund,47103D298,JUCRX,5/31/2022,5/31/2022,5/31/2022,0.00731095,,
2022-06-30,Janus Henderson Absolute Return Income Opportunities Fund,47103D298,JUCRX,6/30/2022,6/30/2022,6/30/2022,0.00787403,,
2022-07-29,Janus Henderson Absolute Return Income Opportunities Fund,47103D298,JUCRX,7/29/2022,7/29/2022,7/29/2022,0.00875113,,
2022-08-31,Janus Henderson Absolute Return Income Opportunities Fund,47103D298,JUCRX,8/31/2022,8/31/2022,8/31/2022,0.01161370,,
2022-09-30,Janus Henderson Absolute Return Income Opportunities Fund,47103D298,JUCRX,9/30/2022,9/30/2022,9/30/2022,0.01397883,,
2022-10-31,Janus Henderson Absolute Return Income Opportunities Fund,47103D298,JUCRX,10/31/2022,10/31/2022,10/31/2022,0.01208865,,
2022-11-30,Janus Henderson Absolute Return Income Opportunities Fund,47103D298,JUCRX,11/30/2022,11/30/2022,11/30/2022,0.01794993,,
2022-12-30,Janus Henderson Absolute Return Income Opportunities Fund,47103D298,JUCRX,12/30/2022,12/30/2022,12/30/2022,0.01963857,,
2023-01-31,Janus Henderson Absolute Return Income Opportunities Fund,47103D298,JUCRX,1/31/2023,1/31/2023,1/31/2023,0.01671924,,
2023-02-28,Janus Henderson Absolute Return Income Opportunities Fund,47103D298,JUCRX,2/28/2023,2/28/2023,2/28/2023,0.01698742,,
2023-03-31,Janus Henderson Absolute Return Income Opportunities Fund,47103D298,JUCRX,3/31/2023,3/31/2023,3/31/2023,0.02051827,,
2023-04-28,Janus Henderson Absolute Return Income Opportunities Fund,47103D298,JUCRX,4/28/2023,4/28/2023,4/28/2023,0.01886749,,
2023-05-31,Janus Henderson Absolute Return Income Opportunities Fund,47103D298,JUCRX,5/31/2023,5/31/2023,5/31/2023,0.02183653,,
2023-06-30,Janus Henderson Absolute Return Income Opportunities Fund,47103D298,JUCRX,6/30/2023,6/30/2023,6/30/2023,0.02560149,,
2023-07-31,Janus Henderson Absolute Return Income Opportunities Fund,47103D298,JUCRX,7/31/2023,7/31/2023,7/31/2023,0.02295106,,
2023-08-31,Janus Henderson Absolute Return Income Opportunities Fund,47103D298,JUCRX,8/31/2023,8/31/2023,8/31/2023,0.02312938,,
2023-09-29,Janus Henderson Absolute Return Income Opportunities Fund,47103D298,JUCRX,9/29/2023,9/29/2023,9/29/2023,0.02576901,,
2023-10-31,Janus Henderson Absolute Return Income Opportunities Fund,47103D298,JUCRX,10/31/2023,10/31/2023,10/31/2023,0.02422087,,
2023-11-30,Janus Henderson Absolute Return Income Opportunities Fund,47103D298,JUCRX,11/30/2023,11/30/2023,11/30/2023,0.02872794,,
2023-12-29,Janus Henderson Absolute Return Income Opportunities Fund,47103D298,JUCRX,12/29/2023,12/29/2023,12/29/2023,0.02930515,,
2024-01-31,Janus Henderson Absolute Return Income Opportunities Fund,47103D298,JUCRX,1/31/2024,1/31/2024,1/31/2024,0.02515895,,
2024-02-29,Janus Henderson Absolute Return Income Opportunities Fund,47103D298,JUCRX,2/29/2024,2/29/2024,2/29/2024,0.02868174,,
2024-03-28,Janus Henderson Absolute Return Income Opportunities Fund,47103D298,JUCRX,3/28/2024,3/28/2024,3/28/2024,0.02824514,,
2024-04-30,Janus Henderson Absolute Return Income Opportunities Fund,47103D298,JUCRX,4/30/2024,4/30/2024,4/30/2024,0.03147126,,
2024-05-31,Janus Henderson Absolute Return Income Opportunities Fund,47103D298,JUCRX,5/31/2024,5/31/2024,5/31/2024,0.03310391,,
2024-06-28,Janus Henderson Absolute Return Income Opportunities Fund,47103D298,JUCRX,6/28/2024,6/28/2024,6/28/2024,0.02758308,,
2024-07-31,Janus Henderson Absolute Return Income Opportunities Fund,47103D298,JUCRX,7/31/2024,7/31/2024,7/31/2024,0.02640843,,
2024-08-30,Janus Henderson Absolute Return Income Opportunities Fund,47103D298,JUCRX,8/30/2024,8/30/2024,8/30/2024,0.03318376,,
2024-09-30,Janus Henderson Absolute Return Income Opportunities Fund,47103D298,JUCRX,9/30/2024,9/30/2024,9/30/2024,0.03210843,,
2024-10-31,Janus Henderson Absolute Return Income Opportunities Fund,47103D298,JUCRX,10/31/2024,10/31/2024,10/31/2024,0.03089776,,
2024-11-29,Janus Henderson Absolute Return Income Opportunities Fund,47103D298,JUCRX,11/29/2024,11/29/2024,11/29/2024,0.03121535,,
2024-12-31,Janus Henderson Absolute Return Income Opportunities Fund,47103D298,JUCRX,12/31/2024,12/31/2024,12/31/2024,0.03308187,,
2025-01-31,Janus Henderson Absolute Return Income Opportunities Fund,47103D298,JUCRX,1/31/2025,1/31/2025,1/31/2025,0.01476957,,
2025-02-28,Janus Henderson Absolute Return Income Opportunities Fund,47103D298,JUCRX,2/28/2025,2/28/2025,2/28/2025,0.01561400,,
2025-03-31,Janus Henderson Absolute Return Income Opportunities Fund,47103D298,JUCRX,3/31/2025,3/31/2025,3/31/2025,0.01448777,,
2025-04-30,Janus Henderson Absolute Return Income Opportunities Fund,47103D298,JUCRX,4/30/2025,4/30/2025,4/30/2025,0.01598924,,
2025-05-30,Janus Henderson Absolute Return Income Opportunities Fund,47103D298,JUCRX,5/30/2025,5/30/2025,5/30/2025,0.01545255,,
2025-06-30,Janus Henderson Absolute Return Income Opportunities Fund,47103D298,JUCRX,6/30/2025,6/30/2025,6/30/2025,0.01464614,,
2025-07-31,Janus Henderson Absolute Return Income Opportunities Fund,47103D298,JUCRX,7/31/2025,7/31/2025,7/31/2025,0.03123958,,
2025-08-29,Janus Henderson Absolute Return Income Opportunities Fund,47103D298,JUCRX,8/29/2025,8/29/2025,8/29/2025,0.03333939,,
2025-09-30,Janus Henderson Absolute Return Income Opportunities Fund,47103D298,JUCRX,9/30/2025,9/30/2025,9/30/2025,0.03074951,,
2025-10-31,Janus Henderson Absolute Return Income Opportunities Fund,47103D298,JUCRX,10/31/2025,10/31/2025,10/31/2025,0.03301885,,
2025-11-28,Janus Henderson Absolute Return Income Opportunities Fund,47103D298,JUCRX,11/28/2025,11/28/2025,11/28/2025,0.02810877,,
2025-12-31,Janus Henderson Absolute Return Income Opportunities Fund,47103D298,JUCRX,12/31/2025,12/31/2025,12/31/2025,0.03234594,,
2021-01-29,Janus Henderson Absolute Return Income Opportunities Fund,47103D413,JUCSX,1/29/2021,1/29/2021,1/29/2021,0.00607282,,
2021-02-26,Janus Henderson Absolute Return Income Opportunities Fund,47103D413,JUCSX,2/26/2021,2/26/2021,2/26/2021,0.00744918,,
2021-03-31,Janus Henderson Absolute Return Income Opportunities Fund,47103D413,JUCSX,3/31/2021,3/31/2021,3/31/2021,0.00660679,,
2021-04-30,Janus Henderson Absolute Return Income Opportunities Fund,47103D413,JUCSX,4/30/2021,4/30/2021,4/30/2021,0.00862257,,
2021-05-28,Janus Henderson Absolute Return Income Opportunities Fund,47103D413,JUCSX,5/28/2021,5/28/2021,5/28/2021,0.00715852,,
2021-06-30,Janus Henderson Absolute Return Income Opportunities Fund,47103D413,JUCSX,6/30/2021,6/30/2021,6/30/2021,0.00759619,,
2021-07-30,Janus Henderson Absolute Return Income Opportunities Fund,47103D413,JUCSX,7/30/2021,7/30/2021,7/30/2021,0.00808350,,
2021-08-31,Janus Henderson Absolute Return Income Opportunities Fund,47103D413,JUCSX,8/31/2021,8/31/2021,8/31/2021,0.00798997,,
2021-09-30,Janus Henderson Absolute Return Income Opportunities Fund,47103D413,JUCSX,9/30/2021,9/30/2021,9/30/2021,0.00799634,,
2021-10-29,Janus Henderson Absolute Return Income Opportunities Fund,47103D413,JUCSX,10/29/2021,10/29/2021,10/29/2021,0.00831064,,
2021-11-30,Janus Henderson Absolute Return Income Opportunities Fund,47103D413,JUCSX,11/30/2021,11/30/2021,11/30/2021,0.00654229,,
2021-12-31,Janus Henderson Absolute Return Income Opportunities Fund,47103D413,JUCSX,12/31/2021,12/31/2021,12/31/2021,0.01081963,,
2022-01-31,Janus Henderson Absolute Return Income Opportunities Fund,47103D413,JUCSX,1/31/2022,1/31/2022,1/31/2022,0.00547616,,
2022-02-28,Janus Henderson Absolute Return Income Opportunities Fund,47103D413,JUCSX,2/28/2022,2/28/2022,2/28/2022,0.00815565,,
2022-03-31,Janus Henderson Absolute Return Income Opportunities Fund,47103D413,JUCSX,3/31/2022,3/31/2022,3/31/2022,0.00820682,,
2022-04-29,Janus Henderson Absolute Return Income Opportunities Fund,47103D413,JUCSX,4/29/2022,4/29/2022,4/29/2022,0.00793186,,
2022-05-31,Janus Henderson Absolute Return Income Opportunities Fund,47103D413,JUCSX,5/31/2022,5/31/2022,5/31/2022,0.00909689,,
2022-06-30,Janus Henderson Absolute Return Income Opportunities Fund,47103D413,JUCSX,6/30/2022,6/30/2022,6/30/2022,0.00958965,,
2022-07-29,Janus Henderson Absolute Return Income Opportunities Fund,47103D413,JUCSX,7/29/2022,7/29/2022,7/29/2022,0.01055322,,
2022-08-31,Janus Henderson Absolute Return Income Opportunities Fund,47103D413,JUCSX,8/31/2022,8/31/2022,8/31/2022,0.01341371,,
2022-09-30,Janus Henderson Absolute Return Income Opportunities Fund,47103D413,JUCSX,9/30/2022,9/30/2022,9/30/2022,0.01584805,,
2022-10-31,Janus Henderson Absolute Return Income Opportunities Fund,47103D413,JUCSX,10/31/2022,10/31/2022,10/31/2022,0.01374276,,
2022-11-30,Janus Henderson Absolute Return Income Opportunities Fund,47103D413,JUCSX,11/30/2022,11/30/2022,11/30/2022,0.01971519,,
2022-12-30,Janus Henderson Absolute Return Income Opportunities Fund,47103D413,JUCSX,12/30/2022,12/30/2022,12/30/2022,0.02159656,,
2023-01-31,Janus Henderson Absolute Return Income Opportunities Fund,47103D413,JUCSX,1/31/2023,1/31/2023,1/31/2023,0.01844493,,
2023-02-28,Janus Henderson Absolute Return Income Opportunities Fund,47103D413,JUCSX,2/28/2023,2/28/2023,2/28/2023,0.01863678,,
2023-03-31,Janus Henderson Absolute Return Income Opportunities Fund,47103D413,JUCSX,3/31/2023,3/31/2023,3/31/2023,0.02247035,,
2023-04-28,Janus Henderson Absolute Return Income Opportunities Fund,47103D413,JUCSX,4/28/2023,4/28/2023,4/28/2023,0.02056098,,
2023-05-31,Janus Henderson Absolute Return Income Opportunities Fund,47103D413,JUCSX,5/31/2023,5/31/2023,5/31/2023,0.02367676,,
2023-06-30,Janus Henderson Absolute Return Income Opportunities Fund,47103D413,JUCSX,6/30/2023,6/30/2023,6/30/2023,0.02751791,,
2023-07-31,Janus Henderson Absolute Return Income Opportunities Fund,47103D413,JUCSX,7/31/2023,7/31/2023,7/31/2023,0.02469200,,
2023-08-31,Janus Henderson Absolute Return Income Opportunities Fund,47103D413,JUCSX,8/31/2023,8/31/2023,8/31/2023,0.02496693,,
2023-09-29,Janus Henderson Absolute Return Income Opportunities Fund,47103D413,JUCSX,9/29/2023,9/29/2023,9/29/2023,0.02761160,,
2023-10-31,Janus Henderson Absolute Return Income Opportunities Fund,47103D413,JUCSX,10/31/2023,10/31/2023,10/31/2023,0.02599555,,
2023-11-30,Janus Henderson Absolute Return Income Opportunities Fund,47103D413,JUCSX,11/30/2023,11/30/2023,11/30/2023,0.03053248,,
2023-12-29,Janus Henderson Absolute Return Income Opportunities Fund,47103D413,JUCSX,12/29/2023,12/29/2023,12/29/2023,0.03124805,,
2024-01-31,Janus Henderson Absolute Return Income Opportunities Fund,47103D413,JUCSX,1/31/2024,1/31/2024,1/31/2024,0.02697063,,
2024-02-29,Janus Henderson Absolute Return Income Opportunities Fund,47103D413,JUCSX,2/29/2024,2/29/2024,2/29/2024,0.03043305,,
2024-03-28,Janus Henderson Absolute Return Income Opportunities Fund,47103D413,JUCSX,3/28/2024,3/28/2024,3/28/2024,0.03012324,,
2024-04-30,Janus Henderson Absolute Return Income Opportunities Fund,47103D413,JUCSX,4/30/2024,4/30/2024,4/30/2024,0.03328604,,
2024-05-31,Janus Henderson Absolute Return Income Opportunities Fund,47103D413,JUCSX,5/31/2024,5/31/2024,5/31/2024,0.03507935,,
2024-06-28,Janus Henderson Absolute Return Income Opportunities Fund,47103D413,JUCSX,6/28/2024,6/28/2024,6/28/2024,0.02927653,,
2024-07-31,Janus Henderson Absolute Return Income Opportunities Fund,47103D413,JUCSX,7/31/2024,7/31/2024,7/31/2024,0.02830467,,
2024-08-30,Janus Henderson Absolute Return Income Opportunities Fund,47103D413,JUCSX,8/30/2024,8/30/2024,8/30/2024,0.03518024,,
2024-09-30,Janus Henderson Absolute Return Income Opportunities Fund,47103D413,JUCSX,9/30/2024,9/30/2024,9/30/2024,0.03383517,,
2024-10-31,Janus Henderson Absolute Return Income Opportunities Fund,47103D413,JUCSX,10/31/2024,10/31/2024,10/31/2024,0.03280628,,
2024-11-29,Janus Henderson Absolute Return Income Opportunities Fund,47103D413,JUCSX,11/29/2024,11/29/2024,11/29/2024,0.03315186,,
2024-12-31,Janus Henderson Absolute Return Income Opportunities Fund,47103D413,JUCSX,12/31/2024,12/31/2024,12/31/2024,0.03498200,,
2025-01-31,Janus Henderson Absolute Return Income Opportunities Fund,47103D413,JUCSX,1/31/2025,1/31/2025,1/31/2025,0.01566082,,
2025-02-28,Janus Henderson Absolute Return Income Opportunities Fund,47103D413,JUCSX,2/28/2025,2/28/2025,2/28/2025,0.01640833,,
2025-03-31,Janus Henderson Absolute Return Income Opportunities Fund,47103D413,JUCSX,3/31/2025,3/31/2025,3/31/2025,0.01531342,,
2025-04-30,Janus Henderson Absolute Return Income Opportunities Fund,47103D413,JUCSX,4/30/2025,4/30/2025,4/30/2025,0.01684407,,
2025-05-30,Janus Henderson Absolute Return Income Opportunities Fund,47103D413,JUCSX,5/30/2025,5/30/2025,5/30/2025,0.01636048,,
2025-06-30,Janus Henderson Absolute Return Income Opportunities Fund,47103D413,JUCSX,6/30/2025,6/30/2025,6/30/2025,0.01547588,,
2025-07-31,Janus Henderson Absolute Return Income Opportunities Fund,47103D413,JUCSX,7/31/2025,7/31/2025,7/31/2025,0.03314799,,
2025-08-29,Janus Henderson Absolute Return Income Opportunities Fund,47103D413,JUCSX,8/29/2025,8/29/2025,8/29/2025,0.03529863,,
2025-09-30,Janus Henderson Absolute Return Income Opportunities Fund,47103D413,JUCSX,9/30/2025,9/30/2025,9/30/2025,0.03255962,,
2025-10-31,Janus Henderson Absolute Return Income Opportunities Fund,47103D413,JUCSX,10/31/2025,10/31/2025,10/31/2025,0.03509513,,
2025-11-28,Janus Henderson Absolute Return Income Opportunities Fund,47103D413,JUCSX,11/28/2025,11/28/2025,11/28/2025,0.02985081,,
2025-12-31,Janus Henderson Absolute Return Income Opportunities Fund,47103D413,JUCSX,12/31/2025,12/31/2025,12/31/2025,0.03433349,,
2021-01-29,Janus Henderson Absolute Return Income Opportunities Fund,47103D397,JUCTX,1/29/2021,1/29/2021,1/29/2021,0.00782751,,
2021-02-26,Janus Henderson Absolute Return Income Opportunities Fund,47103D397,JUCTX,2/26/2021,2/26/2021,2/26/2021,0.00918704,,
2021-03-31,Janus Henderson Absolute Return Income Opportunities Fund,47103D397,JUCTX,3/31/2021,3/31/2021,3/31/2021,0.00888918,,
2021-04-30,Janus Henderson Absolute Return Income Opportunities Fund,47103D397,JUCTX,4/30/2021,4/30/2021,4/30/2021,0.01061524,,
2021-05-28,Janus Henderson Absolute Return Income Opportunities Fund,47103D397,JUCTX,5/28/2021,5/28/2021,5/28/2021,0.00894323,,
2021-06-30,Janus Henderson Absolute Return Income Opportunities Fund,47103D397,JUCTX,6/30/2021,6/30/2021,6/30/2021,0.00981496,,
2021-07-30,Janus Henderson Absolute Return Income Opportunities Fund,47103D397,JUCTX,7/30/2021,7/30/2021,7/30/2021,0.01007022,,
2021-08-31,Janus Henderson Absolute Return Income Opportunities Fund,47103D397,JUCTX,8/31/2021,8/31/2021,8/31/2021,0.00984205,,
2021-09-30,Janus Henderson Absolute Return Income Opportunities Fund,47103D397,JUCTX,9/30/2021,9/30/2021,9/30/2021,0.00985156,,
2021-10-29,Janus Henderson Absolute Return Income Opportunities Fund,47103D397,JUCTX,10/29/2021,10/29/2021,10/29/2021,0.01000814,,
2021-11-30,Janus Henderson Absolute Return Income Opportunities Fund,47103D397,JUCTX,11/30/2021,11/30/2021,11/30/2021,0.00923079,,
2021-12-31,Janus Henderson Absolute Return Income Opportunities Fund,47103D397,JUCTX,12/31/2021,12/31/2021,12/31/2021,0.01283868,,
2022-01-31,Janus Henderson Absolute Return Income Opportunities Fund,47103D397,JUCTX,1/31/2022,1/31/2022,1/31/2022,0.00726628,,
2022-02-28,Janus Henderson Absolute Return Income Opportunities Fund,47103D397,JUCTX,2/28/2022,2/28/2022,2/28/2022,0.01026009,,
2022-03-31,Janus Henderson Absolute Return Income Opportunities Fund,47103D397,JUCTX,3/31/2022,3/31/2022,3/31/2022,0.01008436,,
2022-04-29,Janus Henderson Absolute Return Income Opportunities Fund,47103D397,JUCTX,4/29/2022,4/29/2022,4/29/2022,0.00979869,,
2022-05-31,Janus Henderson Absolute Return Income Opportunities Fund,47103D397,JUCTX,5/31/2022,5/31/2022,5/31/2022,0.01085695,,
2022-06-30,Janus Henderson Absolute Return Income Opportunities Fund,47103D397,JUCTX,6/30/2022,6/30/2022,6/30/2022,0.01166483,,
2022-07-29,Janus Henderson Absolute Return Income Opportunities Fund,47103D397,JUCTX,7/29/2022,7/29/2022,7/29/2022,0.01238636,,
2022-08-31,Janus Henderson Absolute Return Income Opportunities Fund,47103D397,JUCTX,8/31/2022,8/31/2022,8/31/2022,0.01560714,,
2022-09-30,Janus Henderson Absolute Return Income Opportunities Fund,47103D397,JUCTX,9/30/2022,9/30/2022,9/30/2022,0.01772564,,
2022-10-31,Janus Henderson Absolute Return Income Opportunities Fund,47103D397,JUCTX,10/31/2022,10/31/2022,10/31/2022,0.01546262,,
2022-11-30,Janus Henderson Absolute Return Income Opportunities Fund,47103D397,JUCTX,11/30/2022,11/30/2022,11/30/2022,0.02144654,,
2022-12-30,Janus Henderson Absolute Return Income Opportunities Fund,47103D397,JUCTX,12/30/2022,12/30/2022,12/30/2022,0.02392816,,
2023-01-31,Janus Henderson Absolute Return Income Opportunities Fund,47103D397,JUCTX,1/31/2023,1/31/2023,1/31/2023,0.02011397,,
2023-02-28,Janus Henderson Absolute Return Income Opportunities Fund,47103D397,JUCTX,2/28/2023,2/28/2023,2/28/2023,0.02068165,,
2023-03-31,Janus Henderson Absolute Return Income Opportunities Fund,47103D397,JUCTX,3/31/2023,3/31/2023,3/31/2023,0.02441023,,
2023-04-28,Janus Henderson Absolute Return Income Opportunities Fund,47103D397,JUCTX,4/28/2023,4/28/2023,4/28/2023,0.02219403,,
2023-05-31,Janus Henderson Absolute Return Income Opportunities Fund,47103D397,JUCTX,5/31/2023,5/31/2023,5/31/2023,0.02589033,,
2023-06-30,Janus Henderson Absolute Return Income Opportunities Fund,47103D397,JUCTX,6/30/2023,6/30/2023,6/30/2023,0.02936755,,
2023-07-31,Janus Henderson Absolute Return Income Opportunities Fund,47103D397,JUCTX,7/31/2023,7/31/2023,7/31/2023,0.02636960,,
2023-08-31,Janus Henderson Absolute Return Income Opportunities Fund,47103D397,JUCTX,8/31/2023,8/31/2023,8/31/2023,0.02720695,,
2023-09-29,Janus Henderson Absolute Return Income Opportunities Fund,47103D397,JUCTX,9/29/2023,9/29/2023,9/29/2023,0.02941769,,
2023-10-31,Janus Henderson Absolute Return Income Opportunities Fund,47103D397,JUCTX,10/31/2023,10/31/2023,10/31/2023,0.02774774,,
2023-11-30,Janus Henderson Absolute Return Income Opportunities Fund,47103D397,JUCTX,11/30/2023,11/30/2023,11/30/2023,0.03271959,,
2023-12-29,Janus Henderson Absolute Return Income Opportunities Fund,47103D397,JUCTX,12/29/2023,12/29/2023,12/29/2023,0.03312852,,
2024-01-31,Janus Henderson Absolute Return Income Opportunities Fund,47103D397,JUCTX,1/31/2024,1/31/2024,1/31/2024,0.02873912,,
2024-02-29,Janus Henderson Absolute Return Income Opportunities Fund,47103D397,JUCTX,2/29/2024,2/29/2024,2/29/2024,0.03257046,,
2024-03-28,Janus Henderson Absolute Return Income Opportunities Fund,47103D397,JUCTX,3/28/2024,3/28/2024,3/28/2024,0.03193879,,
2024-04-30,Janus Henderson Absolute Return Income Opportunities Fund,47103D397,JUCTX,4/30/2024,4/30/2024,4/30/2024,0.03504356,,
2024-05-31,Janus Henderson Absolute Return Income Opportunities Fund,47103D397,JUCTX,5/31/2024,5/31/2024,5/31/2024,0.03745603,,
2024-06-28,Janus Henderson Absolute Return Income Opportunities Fund,47103D397,JUCTX,6/28/2024,6/28/2024,6/28/2024,0.03093120,,
2024-07-31,Janus Henderson Absolute Return Income Opportunities Fund,47103D397,JUCTX,7/31/2024,7/31/2024,7/31/2024,0.03013551,,
2024-08-30,Janus Henderson Absolute Return Income Opportunities Fund,47103D397,JUCTX,8/30/2024,8/30/2024,8/30/2024,0.03754118,,
2024-09-30,Janus Henderson Absolute Return Income Opportunities Fund,47103D397,JUCTX,9/30/2024,9/30/2024,9/30/2024,0.03550587,,
2024-10-31,Janus Henderson Absolute Return Income Opportunities Fund,47103D397,JUCTX,10/31/2024,10/31/2024,10/31/2024,0.03465570,,
2024-11-29,Janus Henderson Absolute Return Income Opportunities Fund,47103D397,JUCTX,11/29/2024,11/29/2024,11/29/2024,0.03536387,,
2024-12-31,Janus Henderson Absolute Return Income Opportunities Fund,47103D397,JUCTX,12/31/2024,12/31/2024,12/31/2024,0.03684539,,
2025-01-31,Janus Henderson Absolute Return Income Opportunities Fund,47103D397,JUCTX,1/31/2025,1/31/2025,1/31/2025,0.01674990,,
2025-02-28,Janus Henderson Absolute Return Income Opportunities Fund,47103D397,JUCTX,2/28/2025,2/28/2025,2/28/2025,0.01719271,,
2025-03-31,Janus Henderson Absolute Return Income Opportunities Fund,47103D397,JUCTX,3/31/2025,3/31/2025,3/31/2025,0.01612219,,
2025-04-30,Janus Henderson Absolute Return Income Opportunities Fund,47103D397,JUCTX,4/30/2025,4/30/2025,4/30/2025,0.01767671,,
2025-05-30,Janus Henderson Absolute Return Income Opportunities Fund,47103D397,JUCTX,5/30/2025,5/30/2025,5/30/2025,0.01746465,,
2025-06-30,Janus Henderson Absolute Return Income Opportunities Fund,47103D397,JUCTX,6/30/2025,6/30/2025,6/30/2025,0.01628260,,
2025-07-31,Janus Henderson Absolute Return Income Opportunities Fund,47103D397,JUCTX,7/31/2025,7/31/2025,7/31/2025,0.03501073,,
2025-08-29,Janus Henderson Absolute Return Income Opportunities Fund,47103D397,JUCTX,8/29/2025,8/29/2025,8/29/2025,0.03771201,,
2025-09-30,Janus Henderson Absolute Return Income Opportunities Fund,47103D397,JUCTX,9/30/2025,9/30/2025,9/30/2025,0.03432087,,
2025-10-31,Janus Henderson Absolute Return Income Opportunities Fund,47103D397,JUCTX,10/31/2025,10/31/2025,10/31/2025,0.03710132,,
2025-11-28,Janus Henderson Absolute Return Income Opportunities Fund,47103D397,JUCTX,11/28/2025,11/28/2025,11/28/2025,0.03201212,,
2025-12-31,Janus Henderson Absolute Return Income Opportunities Fund,47103D397,JUCTX,12/31/2025,12/31/2025,12/31/2025,0.03628224,,
