as_of,fund_name,cusip,ticker,record_date,ex_dividend_date,payable_date,income_dividends,short_term_capital_gain,total_capital_gain_distribution,return_of_capital
2021-03-01,Vanguard Intermediate-Term Bond ETF,921937819,BIV,3/2/2021,3/1/2021,3/4/2021,0.137667,,,
2021-04-01,Vanguard Intermediate-Term Bond ETF,921937819,BIV,4/5/2021,4/1/2021,4/7/2021,0.150380,,0.310200,
2021-06-01,Vanguard Intermediate-Term Bond ETF,921937819,BIV,6/2/2021,6/1/2021,6/4/2021,0.147528,,,
2021-09-01,Vanguard Intermediate-Term Bond ETF,921937819,BIV,9/2/2021,9/1/2021,9/7/2021,0.142576,,,
2022-04-04,Vanguard Intermediate-Term Bond ETF,921937819,BIV,4/1/2022,4/4/2022,4/6/2022,,,0.021200,
2021-03-01,Vanguard Long-Term Bond ETF,921937793,BLV,3/2/2021,3/1/2021,3/4/2021,0.235592,,,
2021-04-01,Vanguard Long-Term Bond ETF,921937793,BLV,4/5/2021,4/1/2021,4/7/2021,0.256362,,0.301200,
2021-06-01,Vanguard Long-Term Bond ETF,921937793,BLV,6/2/2021,6/1/2021,6/4/2021,0.248433,,,
2021-09-01,Vanguard Long-Term Bond ETF,921937793,BLV,9/2/2021,9/1/2021,9/7/2021,0.248585,,,
2022-04-04,Vanguard Long-Term Bond ETF,921937793,BLV,4/1/2022,4/4/2022,4/6/2022,,,0.103900,
2022-04-04,Vanguard Total Bond Market ETF,921937835,BND,4/1/2022,4/4/2022,4/6/2022,,,0.059300,
2021-03-01,Vanguard Short-Term Bond ETF,921937827,BSV,3/2/2021,3/1/2021,3/4/2021,0.084293,,,
2021-06-01,Vanguard Short-Term Bond ETF,921937827,BSV,6/2/2021,6/1/2021,6/4/2021,0.082702,,,
2021-09-01,Vanguard Short-Term Bond ETF,921937827,BSV,9/2/2021,9/1/2021,9/7/2021,0.075753,,,
2021-03-19,Vanguard ESG U.S. Stock ETF,921910733,ESGV,3/22/2021,3/19/2021,3/24/2021,0.155900,,,
2021-06-18,Vanguard ESG U.S. Stock ETF,921910733,ESGV,6/21/2021,6/18/2021,6/23/2021,0.179700,,,
2021-09-17,Vanguard ESG U.S. Stock ETF,921910733,ESGV,9/20/2021,9/17/2021,9/22/2021,0.236400,,,
2022-03-18,Vanguard ESG U.S. Stock ETF,921910733,ESGV,3/21/2022,3/18/2022,3/23/2022,0.178000,,,
2022-06-17,Vanguard ESG U.S. Stock ETF,921910733,ESGV,6/21/2022,6/17/2022,6/23/2022,0.208100,,,
2022-09-16,Vanguard ESG U.S. Stock ETF,921910733,ESGV,9/19/2022,9/16/2022,9/21/2022,0.231100,,,
2023-03-17,Vanguard ESG U.S. Stock ETF,921910733,ESGV,3/20/2023,3/17/2023,3/22/2023,0.192700,,,
2023-06-16,Vanguard ESG U.S. Stock ETF,921910733,ESGV,6/20/2023,6/16/2023,6/22/2023,0.208100,,,
2023-09-15,Vanguard ESG U.S. Stock ETF,921910733,ESGV,9/18/2023,9/15/2023,9/20/2023,0.262100,,,
2024-03-15,Vanguard ESG U.S. Stock ETF,921910733,ESGV,3/18/2024,3/15/2024,3/20/2024,0.222600,,,
2024-06-21,Vanguard ESG U.S. Stock ETF,921910733,ESGV,6/21/2024,6/21/2024,6/25/2024,0.300600,,,
2024-09-20,Vanguard ESG U.S. Stock ETF,921910733,ESGV,9/20/2024,9/20/2024,9/24/2024,0.283900,,,
2021-03-26,Vanguard S&P Mid-Cap 400 ETF,921932885,IVOO,3/29/2021,3/26/2021,3/31/2021,0.318300,,,
2021-06-24,Vanguard S&P Mid-Cap 400 ETF,921932885,IVOO,6/25/2021,6/24/2021,6/29/2021,0.465600,,,
2021-09-29,Vanguard S&P Mid-Cap 400 ETF,921932885,IVOO,9/30/2021,9/29/2021,10/4/2021,0.634500,,,
2022-03-24,Vanguard S&P Mid-Cap 400 ETF,921932885,IVOO,3/25/2022,3/24/2022,3/29/2022,0.365500,,,
2022-06-23,Vanguard S&P Mid-Cap 400 ETF,921932885,IVOO,6/24/2022,6/23/2022,6/28/2022,0.539600,,,
2022-09-28,Vanguard S&P Mid-Cap 400 ETF,921932885,IVOO,9/29/2022,9/28/2022,10/3/2022,0.845900,,,
2023-03-24,Vanguard S&P Mid-Cap 400 ETF,921932885,IVOO,3/27/2023,3/24/2023,3/29/2023,0.205500,,,
2023-06-29,Vanguard S&P Mid-Cap 400 ETF,921932885,IVOO,6/30/2023,6/29/2023,7/5/2023,0.276400,,,
2023-09-28,Vanguard S&P Mid-Cap 400 ETF,921932885,IVOO,9/29/2023,9/28/2023,10/3/2023,0.249400,,,
2024-03-22,Vanguard S&P Mid-Cap 400 ETF,921932885,IVOO,3/25/2024,3/22/2024,3/27/2024,0.231200,,,
2024-06-28,Vanguard S&P Mid-Cap 400 ETF,921932885,IVOO,6/28/2024,6/28/2024,7/2/2024,0.371300,,,
2024-09-27,Vanguard S&P Mid-Cap 400 ETF,921932885,IVOO,9/27/2024,9/27/2024,10/1/2024,0.360400,,,
2022-03-24,Vanguard Mega Cap ETF,921910873,MGC,3/25/2022,3/24/2022,3/29/2022,0.475000,,,
2022-06-23,Vanguard Mega Cap ETF,921910873,MGC,6/24/2022,6/23/2022,6/28/2022,0.512300,,,
2022-09-28,Vanguard Mega Cap ETF,921910873,MGC,9/29/2022,9/28/2022,10/3/2022,0.589100,,,
2023-03-23,Vanguard Mega Cap ETF,921910873,MGC,3/24/2023,3/23/2023,3/28/2023,0.501000,,,
2023-06-23,Vanguard Mega Cap ETF,921910873,MGC,6/26/2023,6/23/2023,6/28/2023,0.542400,,,
2023-09-21,Vanguard Mega Cap ETF,921910873,MGC,9/22/2023,9/21/2023,9/26/2023,0.572300,,,
2021-03-26,Vanguard Mega Cap Growth ETF,921910816,MGK,3/29/2021,3/26/2021,3/31/2021,0.269500,,,
2021-06-24,Vanguard Mega Cap Growth ETF,921910816,MGK,6/25/2021,6/24/2021,6/29/2021,0.262300,,,
2021-09-29,Vanguard Mega Cap Growth ETF,921910816,MGK,9/30/2021,9/29/2021,10/4/2021,0.272100,,,
2023-03-23,Vanguard Mega Cap Growth ETF,921910816,MGK,3/24/2023,3/23/2023,3/28/2023,0.282700,,,
2023-06-23,Vanguard Mega Cap Growth ETF,921910816,MGK,6/26/2023,6/23/2023,6/28/2023,0.273600,,,
2023-09-21,Vanguard Mega Cap Growth ETF,921910816,MGK,9/22/2023,9/21/2023,9/26/2023,0.315800,,,
2024-03-21,Vanguard Mega Cap Growth ETF,921910816,MGK,3/22/2024,3/21/2024,3/26/2024,0.301700,,,
2024-06-27,Vanguard Mega Cap Growth ETF,921910816,MGK,6/27/2024,6/27/2024,7/1/2024,0.308700,,,
2024-09-26,Vanguard Mega Cap Growth ETF,921910816,MGK,9/26/2024,9/26/2024,9/30/2024,0.374000,,,
2025-03-27,Vanguard Mega Cap Growth ETF,921910816,MGK,3/27/2025,3/27/2025,3/31/2025,0.339700,,,
2025-06-30,Vanguard Mega Cap Growth ETF,921910816,MGK,6/30/2025,6/30/2025,7/2/2025,0.383300,,,
2025-09-29,Vanguard Mega Cap Growth ETF,921910816,MGK,9/29/2025,9/29/2025,10/1/2025,0.335200,,,
2021-09-29,Vanguard Mega Cap Value ETF,921910840,MGV,9/30/2021,9/29/2021,10/4/2021,0.621700,,,
2022-03-24,Vanguard Mega Cap Value ETF,921910840,MGV,3/25/2022,3/24/2022,3/29/2022,0.546800,,,
2022-06-23,Vanguard Mega Cap Value ETF,921910840,MGV,6/24/2022,6/23/2022,6/28/2022,0.596800,,,
2022-09-28,Vanguard Mega Cap Value ETF,921910840,MGV,9/29/2022,9/28/2022,10/3/2022,0.677400,,,
2023-03-23,Vanguard Mega Cap Value ETF,921910840,MGV,3/24/2023,3/23/2023,3/28/2023,0.592600,,,
2023-06-23,Vanguard Mega Cap Value ETF,921910840,MGV,6/26/2023,6/23/2023,6/28/2023,0.660600,,,
2023-09-21,Vanguard Mega Cap Value ETF,921910840,MGV,9/22/2023,9/21/2023,9/26/2023,0.684800,,,
2024-03-21,Vanguard Mega Cap Value ETF,921910840,MGV,3/22/2024,3/21/2024,3/26/2024,0.698400,,,
2024-06-27,Vanguard Mega Cap Value ETF,921910840,MGV,6/27/2024,6/27/2024,7/1/2024,0.734400,,,
2024-09-26,Vanguard Mega Cap Value ETF,921910840,MGV,9/26/2024,9/26/2024,9/30/2024,0.722800,,,
2025-03-27,Vanguard Mega Cap Value ETF,921910840,MGV,3/27/2025,3/27/2025,3/31/2025,0.683800,,,
2025-06-30,Vanguard Mega Cap Value ETF,921910840,MGV,6/30/2025,6/30/2025,7/2/2025,0.678300,,,
2025-09-29,Vanguard Mega Cap Value ETF,921910840,MGV,9/29/2025,9/29/2025,10/1/2025,0.702600,,,
2021-03-24,Vanguard Small-Cap Index Fund Investor Shares,922908702,NAESX,3/23/2021,3/24/2021,3/25/2021,0.239400,,,
2021-06-23,Vanguard Small-Cap Index Fund Investor Shares,922908702,NAESX,6/22/2021,6/23/2021,6/24/2021,0.233500,,,
2021-09-23,Vanguard Small-Cap Index Fund Investor Shares,922908702,NAESX,9/22/2021,9/23/2021,9/24/2021,0.247900,,,
2022-03-22,Vanguard Small-Cap Index Fund Investor Shares,922908702,NAESX,3/21/2022,3/22/2022,3/23/2022,0.236600,,,
2022-06-22,Vanguard Small-Cap Index Fund Investor Shares,922908702,NAESX,6/21/2022,6/22/2022,6/23/2022,0.252800,,,
2022-09-22,Vanguard Small-Cap Index Fund Investor Shares,922908702,NAESX,9/21/2022,9/22/2022,9/23/2022,0.290300,,,
2023-03-22,Vanguard Small-Cap Index Fund Investor Shares,922908702,NAESX,3/21/2023,3/22/2023,3/23/2023,0.329300,,,
2023-06-22,Vanguard Small-Cap Index Fund Investor Shares,922908702,NAESX,6/21/2023,6/22/2023,6/23/2023,0.335200,,,
2023-09-20,Vanguard Small-Cap Index Fund Investor Shares,922908702,NAESX,9/19/2023,9/20/2023,9/21/2023,0.323400,,,
2024-03-22,Vanguard Small-Cap Index Fund Investor Shares,922908702,NAESX,3/21/2024,3/22/2024,3/25/2024,0.291200,,,
2024-06-28,Vanguard Small-Cap Index Fund Investor Shares,922908702,NAESX,6/27/2024,6/28/2024,7/1/2024,0.371700,,,
2024-09-27,Vanguard Small-Cap Index Fund Investor Shares,922908702,NAESX,9/26/2024,9/27/2024,9/30/2024,0.304600,,,
2022-06-22,Vanguard Advice Select Dividend Growth Fund Admiral Shares,921946752,VADGX,6/21/2022,6/22/2022,6/23/2022,0.065500,,,
2024-06-28,Vanguard Advice Select Dividend Growth Fund Admiral Shares,921946752,VADGX,6/27/2024,6/28/2024,7/1/2024,0.185900,,,
2025-06-26,Vanguard Advice Select Dividend Growth Fund Admiral Shares,921946752,VADGX,6/25/2025,6/26/2025,6/27/2025,0.160100,,,
2021-03-31,Vanguard Inflation-Protected Securities Fund Admiral Shares,922031737,VAIPX,3/30/2021,3/31/2021,4/1/2021,0.062900,,0.000900,
2021-06-30,Vanguard Inflation-Protected Securities Fund Admiral Shares,922031737,VAIPX,6/29/2021,6/30/2021,7/1/2021,0.286900,,,
2021-09-30,Vanguard Inflation-Protected Securities Fund Admiral Shares,922031737,VAIPX,9/29/2021,9/30/2021,10/1/2021,0.529800,,,
2022-03-31,Vanguard Inflation-Protected Securities Fund Admiral Shares,922031737,VAIPX,3/30/2022,3/31/2022,4/1/2022,0.311400,,,
2022-06-30,Vanguard Inflation-Protected Securities Fund Admiral Shares,922031737,VAIPX,6/29/2022,6/30/2022,7/1/2022,0.621300,,,
2022-09-30,Vanguard Inflation-Protected Securities Fund Admiral Shares,922031737,VAIPX,9/29/2022,9/30/2022,10/3/2022,0.426900,,,
2023-03-31,Vanguard Inflation-Protected Securities Fund Admiral Shares,922031737,VAIPX,3/30/2023,3/31/2023,4/3/2023,0.075800,,,
2023-06-30,Vanguard Inflation-Protected Securities Fund Admiral Shares,922031737,VAIPX,6/29/2023,6/30/2023,7/3/2023,0.231500,,,
2023-09-29,Vanguard Inflation-Protected Securities Fund Admiral Shares,922031737,VAIPX,9/28/2023,9/29/2023,10/2/2023,0.234800,,,
2025-03-31,Vanguard Inflation-Protected Securities Fund Admiral Shares,922031737,VAIPX,3/28/2025,3/31/2025,4/1/2025,0.061300,,,
2025-06-30,Vanguard Inflation-Protected Securities Fund Admiral Shares,922031737,VAIPX,6/27/2025,6/30/2025,7/1/2025,0.251200,,,
2025-09-30,Vanguard Inflation-Protected Securities Fund Admiral Shares,922031737,VAIPX,9/29/2025,9/30/2025,10/1/2025,0.254400,,,
2021-06-28,Vanguard LifeStrategy Growth Fund,921909503,VASGX,6/25/2021,6/28/2021,6/29/2021,0.299900,,,
2022-06-28,Vanguard LifeStrategy Growth Fund,921909503,VASGX,6/27/2022,6/28/2022,6/29/2022,0.320700,,,
2023-06-28,Vanguard LifeStrategy Growth Fund,921909503,VASGX,6/27/2023,6/28/2023,6/29/2023,0.384300,,,
2025-06-30,Vanguard LifeStrategy Growth Fund,921909503,VASGX,6/27/2025,6/30/2025,7/1/2025,0.437100,,,
2021-03-26,Vanguard LifeStrategy Income Fund,921909206,VASIX,3/25/2021,3/26/2021,3/29/2021,0.053800,,,
2022-03-28,Vanguard LifeStrategy Income Fund,921909206,VASIX,3/25/2022,3/28/2022,3/29/2022,0.048600,,,
2022-06-28,Vanguard LifeStrategy Income Fund,921909206,VASIX,6/27/2022,6/28/2022,6/29/2022,0.073900,,,
2022-09-27,Vanguard LifeStrategy Income Fund,921909206,VASIX,9/26/2022,9/27/2022,9/28/2022,0.070700,,,
2023-03-28,Vanguard LifeStrategy Income Fund,921909206,VASIX,3/27/2023,3/28/2023,3/29/2023,0.071000,,,
2023-06-28,Vanguard LifeStrategy Income Fund,921909206,VASIX,6/27/2023,6/28/2023,6/29/2023,0.099700,,,
2023-09-27,Vanguard LifeStrategy Income Fund,921909206,VASIX,9/26/2023,9/27/2023,9/28/2023,0.095500,,,
2024-03-27,Vanguard LifeStrategy Income Fund,921909206,VASIX,3/26/2024,3/27/2024,3/28/2024,0.093000,,,
2024-06-28,Vanguard LifeStrategy Income Fund,921909206,VASIX,6/27/2024,6/28/2024,7/1/2024,0.128700,,,
2024-09-27,Vanguard LifeStrategy Income Fund,921909206,VASIX,9/26/2024,9/27/2024,9/30/2024,0.114700,,,
2021-03-24,Vanguard Balanced Index Fund Institutional Shares,921931309,VBAIX,3/23/2021,3/24/2021,3/25/2021,0.166200,0.049700,0.131400,
2021-06-23,Vanguard Balanced Index Fund Institutional Shares,921931309,VBAIX,6/22/2021,6/23/2021,6/24/2021,0.167000,,,
2021-09-23,Vanguard Balanced Index Fund Institutional Shares,921931309,VBAIX,9/22/2021,9/23/2021,9/24/2021,0.169300,,,
2022-03-22,Vanguard Balanced Index Fund Institutional Shares,921931309,VBAIX,3/21/2022,3/22/2022,3/23/2022,0.170300,,0.196400,
2022-06-22,Vanguard Balanced Index Fund Institutional Shares,921931309,VBAIX,6/21/2022,6/22/2022,6/23/2022,0.187600,,,
2022-09-22,Vanguard Balanced Index Fund Institutional Shares,921931309,VBAIX,9/21/2022,9/22/2022,9/23/2022,0.194900,,,
2023-03-22,Vanguard Balanced Index Fund Institutional Shares,921931309,VBAIX,3/21/2023,3/22/2023,3/23/2023,0.213400,,0.144564,
2023-06-22,Vanguard Balanced Index Fund Institutional Shares,921931309,VBAIX,6/21/2023,6/22/2023,6/23/2023,0.220300,,,
2023-09-20,Vanguard Balanced Index Fund Institutional Shares,921931309,VBAIX,9/19/2023,9/20/2023,9/21/2023,0.226800,,,
2024-03-21,Vanguard Balanced Index Fund Institutional Shares,921931309,VBAIX,3/20/2024,3/21/2024,3/22/2024,0.252000,,0.194664,
2024-06-27,Vanguard Balanced Index Fund Institutional Shares,921931309,VBAIX,6/26/2024,6/27/2024,6/28/2024,0.262800,,,
2024-09-26,Vanguard Balanced Index Fund Institutional Shares,921931309,VBAIX,9/25/2024,9/26/2024,9/27/2024,0.261700,,,
2025-03-27,Vanguard Balanced Index Fund Institutional Shares,921931309,VBAIX,3/26/2025,3/27/2025,3/28/2025,0.290500,0.006603,0.638653,
2025-06-30,Vanguard Balanced Index Fund Institutional Shares,921931309,VBAIX,6/27/2025,6/30/2025,7/1/2025,0.270400,,,
2025-09-29,Vanguard Balanced Index Fund Institutional Shares,921931309,VBAIX,9/26/2025,9/29/2025,9/30/2025,0.278200,,,
2021-03-24,Vanguard Balanced Index Fund Admiral Shares,921931200,VBIAX,3/23/2021,3/24/2021,3/25/2021,0.165200,0.049700,0.131300,
2021-06-23,Vanguard Balanced Index Fund Admiral Shares,921931200,VBIAX,6/22/2021,6/23/2021,6/24/2021,0.165800,,,
2021-09-23,Vanguard Balanced Index Fund Admiral Shares,921931200,VBIAX,9/22/2021,9/23/2021,9/24/2021,0.168000,,,
2022-03-22,Vanguard Balanced Index Fund Admiral Shares,921931200,VBIAX,3/21/2022,3/22/2022,3/23/2022,0.169200,,0.196300,
2022-06-22,Vanguard Balanced Index Fund Admiral Shares,921931200,VBIAX,6/21/2022,6/22/2022,6/23/2022,0.186500,,,
2022-09-22,Vanguard Balanced Index Fund Admiral Shares,921931200,VBIAX,9/21/2022,9/22/2022,9/23/2022,0.193800,,,
2023-03-22,Vanguard Balanced Index Fund Admiral Shares,921931200,VBIAX,3/21/2023,3/22/2023,3/23/2023,0.212400,,0.144580,
2023-06-22,Vanguard Balanced Index Fund Admiral Shares,921931200,VBIAX,6/21/2023,6/22/2023,6/23/2023,0.219400,,,
2023-09-20,Vanguard Balanced Index Fund Admiral Shares,921931200,VBIAX,9/19/2023,9/20/2023,9/21/2023,0.225700,,,
2024-03-21,Vanguard Balanced Index Fund Admiral Shares,921931200,VBIAX,3/20/2024,3/21/2024,3/22/2024,0.250900,,0.194664,
2024-06-27,Vanguard Balanced Index Fund Admiral Shares,921931200,VBIAX,6/26/2024,6/27/2024,6/28/2024,0.261400,,,
2024-09-26,Vanguard Balanced Index Fund Admiral Shares,921931200,VBIAX,9/25/2024,9/26/2024,9/27/2024,0.260400,,,
2025-03-27,Vanguard Balanced Index Fund Admiral Shares,921931200,VBIAX,3/26/2025,3/27/2025,3/28/2025,0.289300,0.006602,0.638521,
2025-06-30,Vanguard Balanced Index Fund Admiral Shares,921931200,VBIAX,6/27/2025,6/30/2025,7/1/2025,0.269200,,,
2025-09-29,Vanguard Balanced Index Fund Admiral Shares,921931200,VBIAX,9/26/2025,9/29/2025,9/30/2025,0.276900,,,
2021-03-31,Vanguard Intermediate-Term Bond Index Fund Investor Shares,921937306,VBIIX,3/31/2021,3/31/2021,4/1/2021,0.019281,,0.042000,
2021-06-30,Vanguard Intermediate-Term Bond Index Fund Investor Shares,921937306,VBIIX,6/30/2021,6/30/2021,7/1/2021,0.018186,,,
2021-09-30,Vanguard Intermediate-Term Bond Index Fund Investor Shares,921937306,VBIIX,9/30/2021,9/30/2021,10/1/2021,0.017399,,,
2022-03-31,Vanguard Intermediate-Term Bond Index Fund Investor Shares,921937306,VBIIX,3/30/2022,3/31/2022,4/1/2022,,,0.002900,
2025-06-02,Vanguard 0-3 Month Treasury Bill ETF,922040845,VBIL,6/2/2025,6/2/2025,6/4/2025,0.223100,,,
2025-09-02,Vanguard 0-3 Month Treasury Bill ETF,922040845,VBIL,9/2/2025,9/2/2025,9/4/2025,0.254400,,,
2021-03-31,Vanguard Intermediate-Term Bond Index Fund Admiral Shares,921937801,VBILX,3/31/2021,3/31/2021,4/1/2021,0.020103,,0.042000,
2021-06-30,Vanguard Intermediate-Term Bond Index Fund Admiral Shares,921937801,VBILX,6/30/2021,6/30/2021,7/1/2021,0.018987,,,
2021-09-30,Vanguard Intermediate-Term Bond Index Fund Admiral Shares,921937801,VBILX,9/30/2021,9/30/2021,10/1/2021,0.018202,,,
2021-03-31,Vanguard Intermediate-Term Bond Index Fund Institutional Shares,921937884,VBIMX,3/31/2021,3/31/2021,4/1/2021,0.020308,,0.042000,
2021-06-30,Vanguard Intermediate-Term Bond Index Fund Institutional Shares,921937884,VBIMX,6/30/2021,6/30/2021,7/1/2021,0.019188,,,
2021-09-30,Vanguard Intermediate-Term Bond Index Fund Institutional Shares,921937884,VBIMX,9/30/2021,9/30/2021,10/1/2021,0.018405,,,
2022-03-31,Vanguard Intermediate-Term Bond Index Fund Institutional Shares,921937884,VBIMX,3/30/2022,3/31/2022,4/1/2022,,,0.002900,
2021-03-24,Vanguard Balanced Index Fund Investor Shares,921931101,VBINX,3/23/2021,3/24/2021,3/25/2021,0.152900,0.049700,0.131300,
2021-06-23,Vanguard Balanced Index Fund Investor Shares,921931101,VBINX,6/22/2021,6/23/2021,6/24/2021,0.152900,,,
2021-09-23,Vanguard Balanced Index Fund Investor Shares,921931101,VBINX,9/22/2021,9/23/2021,9/24/2021,0.154400,,,
2022-03-22,Vanguard Balanced Index Fund Investor Shares,921931101,VBINX,3/21/2022,3/22/2022,3/23/2022,0.157400,,0.196300,
2022-06-22,Vanguard Balanced Index Fund Investor Shares,921931101,VBINX,6/21/2022,6/22/2022,6/23/2022,0.174100,,,
2022-09-22,Vanguard Balanced Index Fund Investor Shares,921931101,VBINX,9/21/2022,9/22/2022,9/23/2022,0.181100,,,
2023-03-22,Vanguard Balanced Index Fund Investor Shares,921931101,VBINX,3/21/2023,3/22/2023,3/23/2023,0.200900,,0.144528,
2023-06-22,Vanguard Balanced Index Fund Investor Shares,921931101,VBINX,6/21/2023,6/22/2023,6/23/2023,0.207800,,,
2023-09-20,Vanguard Balanced Index Fund Investor Shares,921931101,VBINX,9/19/2023,9/20/2023,9/21/2023,0.214000,,,
2024-03-21,Vanguard Balanced Index Fund Investor Shares,921931101,VBINX,3/20/2024,3/21/2024,3/22/2024,0.237800,,0.194622,
2024-06-27,Vanguard Balanced Index Fund Investor Shares,921931101,VBINX,6/26/2024,6/27/2024,6/28/2024,0.248000,,,
2024-09-26,Vanguard Balanced Index Fund Investor Shares,921931101,VBINX,9/25/2024,9/26/2024,9/27/2024,0.245600,,,
2025-03-27,Vanguard Balanced Index Fund Investor Shares,921931101,VBINX,3/26/2025,3/27/2025,3/28/2025,0.276100,0.006602,0.638521,
2025-06-30,Vanguard Balanced Index Fund Investor Shares,921931101,VBINX,6/27/2025,6/30/2025,7/1/2025,0.255600,,,
2025-09-29,Vanguard Balanced Index Fund Investor Shares,921931101,VBINX,9/26/2025,9/29/2025,9/30/2025,0.263000,,,
2021-03-31,Vanguard Short-Term Bond Index Fund Institutional Plus,921937769,VBIPX,3/31/2021,3/31/2021,4/1/2021,0.011900,,,
2021-06-30,Vanguard Short-Term Bond Index Fund Institutional Plus,921937769,VBIPX,6/30/2021,6/30/2021,7/1/2021,0.010457,,,
2021-09-30,Vanguard Short-Term Bond Index Fund Institutional Plus,921937769,VBIPX,9/30/2021,9/30/2021,10/1/2021,0.009623,,,
2022-03-31,Vanguard Short-Term Bond Index Fund Institutional Plus,921937769,VBIPX,3/30/2022,3/31/2022,4/1/2022,,,0.002800,
2021-03-31,Vanguard Short-Term Bond Index Fund Admiral Shares,921937702,VBIRX,3/31/2021,3/31/2021,4/1/2021,0.011625,,,
2021-06-30,Vanguard Short-Term Bond Index Fund Admiral Shares,921937702,VBIRX,6/30/2021,6/30/2021,7/1/2021,0.010193,,,
2021-09-30,Vanguard Short-Term Bond Index Fund Admiral Shares,921937702,VBIRX,9/30/2021,9/30/2021,10/1/2021,0.009357,,,
2021-03-31,Vanguard Short-Term Bond Index Fund Investor Shares,921937207,VBISX,3/31/2021,3/31/2021,4/1/2021,0.010893,,,
2021-06-30,Vanguard Short-Term Bond Index Fund Investor Shares,921937207,VBISX,6/30/2021,6/30/2021,7/1/2021,0.009486,,,
2021-09-30,Vanguard Short-Term Bond Index Fund Investor Shares,921937207,VBISX,9/30/2021,9/30/2021,10/1/2021,0.008748,,,
2022-03-31,Vanguard Short-Term Bond Index Fund Investor Shares,921937207,VBISX,3/30/2022,3/31/2022,4/1/2022,,,0.002800,
2021-03-31,Vanguard Short-Term Bond Index Fund Institutional Shares,921937777,VBITX,3/31/2021,3/31/2021,4/1/2021,0.011809,,,
2021-06-30,Vanguard Short-Term Bond Index Fund Institutional Shares,921937777,VBITX,6/30/2021,6/30/2021,7/1/2021,0.010371,,,
2021-09-30,Vanguard Short-Term Bond Index Fund Institutional Shares,921937777,VBITX,9/30/2021,9/30/2021,10/1/2021,0.009534,,,
2022-03-31,Vanguard Short-Term Bond Index Fund Institutional Shares,921937777,VBITX,3/30/2022,3/31/2022,4/1/2022,,,0.002800,
2021-03-31,Vanguard Intermediate-Term Bond Index Fund Institutional Plus,921937751,VBIUX,3/31/2021,3/31/2021,4/1/2021,0.020411,,0.042000,
2021-06-30,Vanguard Intermediate-Term Bond Index Fund Institutional Plus,921937751,VBIUX,6/30/2021,6/30/2021,7/1/2021,0.019288,,,
2021-09-30,Vanguard Intermediate-Term Bond Index Fund Institutional Plus,921937751,VBIUX,9/30/2021,9/30/2021,10/1/2021,0.018505,,,
2021-03-25,Vanguard Small-Cap Growth ETF,922908595,VBK,3/26/2021,3/25/2021,3/30/2021,0.191100,,,
2021-06-24,Vanguard Small-Cap Growth ETF,922908595,VBK,6/25/2021,6/24/2021,6/29/2021,0.303500,,,
2021-09-24,Vanguard Small-Cap Growth ETF,922908595,VBK,9/27/2021,9/24/2021,9/29/2021,0.148600,,,
2022-06-23,Vanguard Small-Cap Growth ETF,922908595,VBK,6/24/2022,6/23/2022,6/28/2022,0.240300,,,
2022-09-23,Vanguard Small-Cap Growth ETF,922908595,VBK,9/26/2022,9/23/2022,9/28/2022,0.390600,,,
2023-03-23,Vanguard Small-Cap Growth ETF,922908595,VBK,3/24/2023,3/23/2023,3/28/2023,0.325900,,,
2023-06-23,Vanguard Small-Cap Growth ETF,922908595,VBK,6/26/2023,6/23/2023,6/28/2023,0.376900,,,
2023-09-21,Vanguard Small-Cap Growth ETF,922908595,VBK,9/22/2023,9/21/2023,9/26/2023,0.313800,,,
2024-03-21,Vanguard Small-Cap Growth ETF,922908595,VBK,3/22/2024,3/21/2024,3/26/2024,0.404600,,,
2024-06-27,Vanguard Small-Cap Growth ETF,922908595,VBK,6/27/2024,6/27/2024,7/1/2024,0.414100,,,
2024-09-26,Vanguard Small-Cap Growth ETF,922908595,VBK,9/26/2024,9/26/2024,9/30/2024,0.286000,,,
2025-03-27,Vanguard Small-Cap Growth ETF,922908595,VBK,3/27/2025,3/27/2025,3/31/2025,0.401300,,,
2025-06-30,Vanguard Small-Cap Growth ETF,922908595,VBK,6/30/2025,6/30/2025,7/2/2025,0.421500,,,
2025-09-29,Vanguard Small-Cap Growth ETF,922908595,VBK,9/29/2025,9/29/2025,10/1/2025,0.433600,,,
2021-03-31,Vanguard Long-Term Bond Index Fund Admiral Shares,921937652,VBLAX,3/31/2021,3/31/2021,4/1/2021,0.038669,,0.045600,
2021-06-30,Vanguard Long-Term Bond Index Fund Admiral Shares,921937652,VBLAX,6/30/2021,6/30/2021,7/1/2021,0.036971,,,
2021-09-30,Vanguard Long-Term Bond Index Fund Admiral Shares,921937652,VBLAX,9/30/2021,9/30/2021,10/1/2021,0.035862,,,
2022-03-31,Vanguard Long-Term Bond Index Fund Admiral Shares,921937652,VBLAX,3/30/2022,3/31/2022,4/1/2022,,,0.015700,
2021-03-31,Vanguard Long-Term Bond Index Fund Institutional Plus,921937744,VBLIX,3/31/2021,3/31/2021,4/1/2021,0.039157,,0.045600,
2021-06-30,Vanguard Long-Term Bond Index Fund Institutional Plus,921937744,VBLIX,6/30/2021,6/30/2021,7/1/2021,0.037420,,,
2021-09-30,Vanguard Long-Term Bond Index Fund Institutional Plus,921937744,VBLIX,9/30/2021,9/30/2021,10/1/2021,0.036322,,,
2022-03-31,Vanguard Long-Term Bond Index Fund Institutional Plus,921937744,VBLIX,3/30/2022,3/31/2022,4/1/2022,,,0.015700,
2021-03-31,Vanguard Long-Term Bond Index Fund Institutional Shares,921937876,VBLLX,3/31/2021,3/31/2021,4/1/2021,0.039031,,0.045600,
2021-06-30,Vanguard Long-Term Bond Index Fund Institutional Shares,921937876,VBLLX,6/30/2021,6/30/2021,7/1/2021,0.037284,,,
2021-09-30,Vanguard Long-Term Bond Index Fund Institutional Shares,921937876,VBLLX,9/30/2021,9/30/2021,10/1/2021,0.036174,,,
2022-03-31,Vanguard Long-Term Bond Index Fund Institutional Shares,921937876,VBLLX,3/30/2022,3/31/2022,4/1/2022,,,0.015700,
2021-03-31,Vanguard Total Bond Market Index Fund Investor Shares,921937108,VBMFX,3/30/2021,3/31/2021,4/1/2021,0.017315,0.000400,0.006600,
2021-06-30,Vanguard Total Bond Market Index Fund Investor Shares,921937108,VBMFX,6/30/2021,6/30/2021,7/1/2021,0.016519,,,
2021-09-30,Vanguard Total Bond Market Index Fund Investor Shares,921937108,VBMFX,9/30/2021,9/30/2021,10/1/2021,0.016087,,,
2022-03-31,Vanguard Total Bond Market Index Fund Investor Shares,921937108,VBMFX,3/30/2022,3/31/2022,4/1/2022,,,0.007800,
2021-03-31,Vanguard Total Bond Market Index Fund Institutional Plus Shares,921937785,VBMPX,3/30/2021,3/31/2021,4/1/2021,0.018457,0.000400,0.006600,
2022-03-31,Vanguard Total Bond Market Index Fund Institutional Plus Shares,921937785,VBMPX,3/30/2022,3/31/2022,4/1/2022,,,0.007800,
2021-03-25,Vanguard Small-Cap Value ETF,922908611,VBR,3/26/2021,3/25/2021,3/30/2021,0.636200,,,
2021-06-24,Vanguard Small-Cap Value ETF,922908611,VBR,6/25/2021,6/24/2021,6/29/2021,0.650500,,,
2021-09-24,Vanguard Small-Cap Value ETF,922908611,VBR,9/27/2021,9/24/2021,9/29/2021,0.661600,,,
2022-03-23,Vanguard Small-Cap Value ETF,922908611,VBR,3/24/2022,3/23/2022,3/28/2022,0.625600,,,
2022-06-23,Vanguard Small-Cap Value ETF,922908611,VBR,6/24/2022,6/23/2022,6/28/2022,0.712300,,,
2022-09-23,Vanguard Small-Cap Value ETF,922908611,VBR,9/26/2022,9/23/2022,9/28/2022,0.771400,,,
2023-03-23,Vanguard Small-Cap Value ETF,922908611,VBR,3/24/2023,3/23/2023,3/28/2023,0.891600,,,
2023-06-23,Vanguard Small-Cap Value ETF,922908611,VBR,6/26/2023,6/23/2023,6/28/2023,0.887400,,,
2023-09-21,Vanguard Small-Cap Value ETF,922908611,VBR,9/22/2023,9/21/2023,9/26/2023,0.875000,,,
2024-03-21,Vanguard Small-Cap Value ETF,922908611,VBR,3/22/2024,3/21/2024,3/26/2024,0.942500,,,
2024-06-27,Vanguard Small-Cap Value ETF,922908611,VBR,6/27/2024,6/27/2024,7/1/2024,1.016500,,,
2024-09-26,Vanguard Small-Cap Value ETF,922908611,VBR,9/26/2024,9/26/2024,9/30/2024,0.870000,,,
2025-03-27,Vanguard Small-Cap Value ETF,922908611,VBR,3/27/2025,3/27/2025,3/31/2025,1.242200,,,
2025-06-30,Vanguard Small-Cap Value ETF,922908611,VBR,6/30/2025,6/30/2025,7/2/2025,0.910800,,,
2025-09-29,Vanguard Small-Cap Value ETF,922908611,VBR,9/29/2025,9/29/2025,10/1/2025,0.927900,,,
2021-03-31,Vanguard Total Bond Market Index Fund Institutional Shares,921937504,VBTIX,3/30/2021,3/31/2021,4/1/2021,0.018409,0.000400,0.006600,
2021-06-30,Vanguard Total Bond Market Index Fund Institutional Shares,921937504,VBTIX,6/30/2021,6/30/2021,7/1/2021,0.017585,,,
2021-09-30,Vanguard Total Bond Market Index Fund Institutional Shares,921937504,VBTIX,9/30/2021,9/30/2021,10/1/2021,0.017162,,,
2022-03-31,Vanguard Total Bond Market Index Fund Institutional Shares,921937504,VBTIX,3/30/2022,3/31/2022,4/1/2022,,,0.007800,
2021-03-31,Vanguard Total Bond Market Index Fund Admiral Shares,921937603,VBTLX,3/30/2021,3/31/2021,4/1/2021,0.018266,0.000400,0.006600,
2021-06-30,Vanguard Total Bond Market Index Fund Admiral Shares,921937603,VBTLX,6/30/2021,6/30/2021,7/1/2021,0.017446,,,
2021-09-30,Vanguard Total Bond Market Index Fund Admiral Shares,921937603,VBTLX,9/30/2021,9/30/2021,10/1/2021,0.017010,,,
2022-03-31,Vanguard Total Bond Market Index Fund Admiral Shares,921937603,VBTLX,3/30/2022,3/31/2022,4/1/2022,,,0.007800,
2021-03-01,Vanguard ESG US Corporate Bond ETF,921910691,VCEB,3/2/2021,3/1/2021,3/4/2021,0.096000,,,
2021-06-01,Vanguard ESG US Corporate Bond ETF,921910691,VCEB,6/2/2021,6/1/2021,6/4/2021,0.105400,,,
2021-09-01,Vanguard ESG US Corporate Bond ETF,921910691,VCEB,9/2/2021,9/1/2021,9/7/2021,0.107900,,,
2022-03-01,Vanguard ESG US Corporate Bond ETF,921910691,VCEB,3/2/2022,3/1/2022,3/4/2022,0.111200,,,
2022-06-01,Vanguard ESG US Corporate Bond ETF,921910691,VCEB,6/2/2022,6/1/2022,6/6/2022,0.136400,,,
2022-09-01,Vanguard ESG US Corporate Bond ETF,921910691,VCEB,9/2/2022,9/1/2022,9/7/2022,0.153000,,,
2023-03-01,Vanguard ESG US Corporate Bond ETF,921910691,VCEB,3/2/2023,3/1/2023,3/6/2023,0.166000,,,
2024-03-01,Vanguard ESG US Corporate Bond ETF,921910691,VCEB,3/4/2024,3/1/2024,3/6/2024,0.212600,,,
2024-06-03,Vanguard ESG US Corporate Bond ETF,921910691,VCEB,6/3/2024,6/3/2024,6/5/2024,0.233600,,,
2024-09-03,Vanguard ESG US Corporate Bond ETF,921910691,VCEB,9/3/2024,9/3/2024,9/5/2024,0.238400,,,
2025-09-02,Vanguard ESG US Corporate Bond ETF,921910691,VCEB,9/2/2025,9/2/2025,9/4/2025,0.247000,,,
2021-03-31,Vanguard Core Bond Fund Admiral Shares,922020839,VCOBX,3/30/2021,3/31/2021,4/1/2021,0.023800,,,
2021-06-30,Vanguard Core Bond Fund Admiral Shares,922020839,VCOBX,6/29/2021,6/30/2021,7/1/2021,0.020900,,,
2022-03-31,Vanguard Core Bond Fund Admiral Shares,922020839,VCOBX,3/30/2022,3/31/2022,4/1/2022,0.034600,,,
2022-06-30,Vanguard Core Bond Fund Admiral Shares,922020839,VCOBX,6/29/2022,6/30/2022,7/1/2022,0.040300,,,
2022-09-30,Vanguard Core Bond Fund Admiral Shares,922020839,VCOBX,9/29/2022,9/30/2022,10/3/2022,0.049500,,,
2023-03-31,Vanguard Core Bond Fund Admiral Shares,922020839,VCOBX,3/30/2023,3/31/2023,4/3/2023,0.057400,,,
2023-06-30,Vanguard Core Bond Fund Admiral Shares,922020839,VCOBX,6/29/2023,6/30/2023,7/3/2023,0.059800,,,
2023-09-29,Vanguard Core Bond Fund Admiral Shares,922020839,VCOBX,9/28/2023,9/29/2023,10/2/2023,0.061100,,,
2025-03-31,Vanguard Core Bond Fund Admiral Shares,922020839,VCOBX,3/28/2025,3/31/2025,4/1/2025,0.072300,,,
2025-06-30,Vanguard Core Bond Fund Admiral Shares,922020839,VCOBX,6/27/2025,6/30/2025,7/1/2025,0.069900,,,
2025-09-30,Vanguard Core Bond Fund Admiral Shares,922020839,VCOBX,9/29/2025,9/30/2025,10/1/2025,0.066900,,,
2021-03-31,Vanguard Core Bond Fund Investor Shares,922020847,VCORX,3/30/2021,3/31/2021,4/1/2021,0.010500,,,
2021-06-30,Vanguard Core Bond Fund Investor Shares,922020847,VCORX,6/29/2021,6/30/2021,7/1/2021,0.009900,,,
2021-09-30,Vanguard Core Bond Fund Investor Shares,922020847,VCORX,9/29/2021,9/30/2021,10/1/2021,0.010200,,,
2022-03-31,Vanguard Core Bond Fund Investor Shares,922020847,VCORX,3/30/2022,3/31/2022,4/1/2022,0.016300,,,
2022-06-30,Vanguard Core Bond Fund Investor Shares,922020847,VCORX,6/29/2022,6/30/2022,7/1/2022,0.019200,,,
2022-09-30,Vanguard Core Bond Fund Investor Shares,922020847,VCORX,9/29/2022,9/30/2022,10/3/2022,0.024000,,,
2023-03-31,Vanguard Core Bond Fund Investor Shares,922020847,VCORX,3/30/2023,3/31/2023,4/3/2023,0.027900,,,
2023-06-30,Vanguard Core Bond Fund Investor Shares,922020847,VCORX,6/29/2023,6/30/2023,7/3/2023,0.029100,,,
2023-09-29,Vanguard Core Bond Fund Investor Shares,922020847,VCORX,9/28/2023,9/29/2023,10/2/2023,0.029900,,,
2025-03-31,Vanguard Core Bond Fund Investor Shares,922020847,VCORX,3/28/2025,3/31/2025,4/1/2025,0.035400,,,
2025-06-30,Vanguard Core Bond Fund Investor Shares,922020847,VCORX,6/27/2025,6/30/2025,7/1/2025,0.034300,,,
2025-09-30,Vanguard Core Bond Fund Investor Shares,922020847,VCORX,9/29/2025,9/30/2025,10/1/2025,0.032800,,,
2022-03-31,Vanguard Core-Plus Bond Fund Admiral Shares,922020789,VCPAX,3/30/2022,3/31/2022,4/1/2022,0.032000,,,
2022-06-30,Vanguard Core-Plus Bond Fund Admiral Shares,922020789,VCPAX,6/29/2022,6/30/2022,7/1/2022,0.039800,,,
2022-09-30,Vanguard Core-Plus Bond Fund Admiral Shares,922020789,VCPAX,9/29/2022,9/30/2022,10/3/2022,0.049500,,,
2023-03-31,Vanguard Core-Plus Bond Fund Admiral Shares,922020789,VCPAX,3/30/2023,3/31/2023,4/3/2023,0.060800,,,
2023-06-30,Vanguard Core-Plus Bond Fund Admiral Shares,922020789,VCPAX,6/29/2023,6/30/2023,7/3/2023,0.064000,,,
2023-09-29,Vanguard Core-Plus Bond Fund Admiral Shares,922020789,VCPAX,9/28/2023,9/29/2023,10/2/2023,0.065000,,,
2024-03-28,Vanguard Core-Plus Bond Fund Admiral Shares,922020789,VCPAX,3/27/2024,3/28/2024,4/1/2024,0.069700,,,
2024-06-28,Vanguard Core-Plus Bond Fund Admiral Shares,922020789,VCPAX,6/27/2024,6/28/2024,7/1/2024,0.066500,,,
2024-09-30,Vanguard Core-Plus Bond Fund Admiral Shares,922020789,VCPAX,9/27/2024,9/30/2024,10/1/2024,0.064500,,,
2022-03-31,Vanguard Core-Plus Bond Fund Investor Shares,922020797,VCPIX,3/30/2022,3/31/2022,4/1/2022,0.015100,,,
2022-06-30,Vanguard Core-Plus Bond Fund Investor Shares,922020797,VCPIX,6/29/2022,6/30/2022,7/1/2022,0.019100,,,
2022-09-30,Vanguard Core-Plus Bond Fund Investor Shares,922020797,VCPIX,9/29/2022,9/30/2022,10/3/2022,0.024000,,,
2023-03-31,Vanguard Core-Plus Bond Fund Investor Shares,922020797,VCPIX,3/30/2023,3/31/2023,4/3/2023,0.029600,,,
2023-06-30,Vanguard Core-Plus Bond Fund Investor Shares,922020797,VCPIX,6/29/2023,6/30/2023,7/3/2023,0.031300,,,
2023-09-29,Vanguard Core-Plus Bond Fund Investor Shares,922020797,VCPIX,9/28/2023,9/29/2023,10/2/2023,0.031900,,,
2024-03-28,Vanguard Core-Plus Bond Fund Investor Shares,922020797,VCPIX,3/27/2024,3/28/2024,4/1/2024,0.034200,,,
2024-06-28,Vanguard Core-Plus Bond Fund Investor Shares,922020797,VCPIX,6/27/2024,6/28/2024,7/1/2024,0.032600,,,
2024-09-30,Vanguard Core-Plus Bond Fund Investor Shares,922020797,VCPIX,9/27/2024,9/30/2024,10/1/2024,0.031500,,,
2025-03-31,Vanguard STAR Core-Plus Bond Fund Institutional Shares,921909735,VCPSX,3/28/2025,3/31/2025,4/1/2025,0.022700,,,
2025-06-30,Vanguard STAR Core-Plus Bond Fund Institutional Shares,921909735,VCPSX,6/27/2025,6/30/2025,7/1/2025,0.039900,,,
2025-09-30,Vanguard STAR Core-Plus Bond Fund Institutional Shares,921909735,VCPSX,9/29/2025,9/30/2025,10/1/2025,0.039500,,,
2024-03-01,Vanguard Core Bond ETF,922020748,VCRB,3/4/2024,3/1/2024,3/6/2024,0.252300,,,
2024-06-03,Vanguard Core Bond ETF,922020748,VCRB,6/3/2024,6/3/2024,6/5/2024,0.241500,,,
2024-09-03,Vanguard Core Bond ETF,922020748,VCRB,9/3/2024,9/3/2024,9/5/2024,0.275600,,,
2021-03-19,Vanguard Dividend Appreciation Index Fund Admiral Shares,921908828,VDADX,3/18/2021,3/19/2021,3/22/2021,0.137300,,,
2021-06-18,Vanguard Dividend Appreciation Index Fund Admiral Shares,921908828,VDADX,6/17/2021,6/18/2021,6/21/2021,0.181200,,,
2021-09-17,Vanguard Dividend Appreciation Index Fund Admiral Shares,921908828,VDADX,9/16/2021,9/17/2021,9/20/2021,0.187700,,,
2023-03-23,Vanguard Dividend Appreciation Index Fund Admiral Shares,921908828,VDADX,3/22/2023,3/23/2023,3/24/2023,0.201000,,,
2023-06-28,Vanguard Dividend Appreciation Index Fund Admiral Shares,921908828,VDADX,6/27/2023,6/28/2023,6/29/2023,0.207600,,,
2023-09-27,Vanguard Dividend Appreciation Index Fund Admiral Shares,921908828,VDADX,9/26/2023,9/27/2023,9/28/2023,0.206900,,,
2024-03-22,Vanguard Dividend Appreciation Index Fund Admiral Shares,921908828,VDADX,3/21/2024,3/22/2024,3/25/2024,0.206400,,,
2024-06-28,Vanguard Dividend Appreciation Index Fund Admiral Shares,921908828,VDADX,6/27/2024,6/28/2024,7/1/2024,0.241400,,,
2024-09-27,Vanguard Dividend Appreciation Index Fund Admiral Shares,921908828,VDADX,9/26/2024,9/27/2024,9/30/2024,0.224100,,,
2025-03-27,Vanguard Dividend Appreciation Index Fund Admiral Shares,921908828,VDADX,3/26/2025,3/27/2025,3/28/2025,0.251700,,,
2025-06-30,Vanguard Dividend Appreciation Index Fund Admiral Shares,921908828,VDADX,6/27/2025,6/30/2025,7/1/2025,0.233800,,,
2025-09-29,Vanguard Dividend Appreciation Index Fund Admiral Shares,921908828,VDADX,9/26/2025,9/29/2025,9/30/2025,0.231800,,,
2021-03-26,Vanguard Dividend Growth Fund,921908604,VDIGX,3/25/2021,3/26/2021,3/29/2021,0.036600,,0.179100,
2021-06-18,Vanguard Dividend Growth Fund,921908604,VDIGX,6/17/2021,6/18/2021,6/21/2021,0.233600,,,
2022-03-28,Vanguard Dividend Growth Fund,921908604,VDIGX,3/25/2022,3/28/2022,3/29/2022,0.041300,0.055700,0.896200,
2023-03-28,Vanguard Dividend Growth Fund,921908604,VDIGX,3/27/2023,3/28/2023,3/29/2023,0.044000,,,
2023-06-28,Vanguard Dividend Growth Fund,921908604,VDIGX,6/27/2023,6/28/2023,6/29/2023,0.249100,,,
2024-03-27,Vanguard Dividend Growth Fund,921908604,VDIGX,3/26/2024,3/27/2024,3/28/2024,0.049300,,0.377934,
2024-06-28,Vanguard Dividend Growth Fund,921908604,VDIGX,6/27/2024,6/28/2024,7/1/2024,0.288200,,,
2022-03-21,Vanguard FTSE Developed Markets ETF,921943858,VEA,3/22/2022,3/21/2022,3/24/2022,0.082800,,,
2022-06-21,Vanguard FTSE Developed Markets ETF,921943858,VEA,6/22/2022,6/21/2022,6/24/2022,0.530000,,,
2022-09-19,Vanguard FTSE Developed Markets ETF,921943858,VEA,9/20/2022,9/19/2022,9/22/2022,0.119600,,,
2023-03-20,Vanguard FTSE Developed Markets ETF,921943858,VEA,3/21/2023,3/20/2023,3/23/2023,0.159700,,,
2023-06-20,Vanguard FTSE Developed Markets ETF,921943858,VEA,6/21/2023,6/20/2023,6/23/2023,0.431900,,,
2023-09-18,Vanguard FTSE Developed Markets ETF,921943858,VEA,9/19/2023,9/18/2023,9/21/2023,0.309900,,,
2024-03-15,Vanguard FTSE Developed Markets ETF,921943858,VEA,3/18/2024,3/15/2024,3/20/2024,0.286500,,,
2024-06-21,Vanguard FTSE Developed Markets ETF,921943858,VEA,6/21/2024,6/21/2024,6/25/2024,0.460700,,,
2024-09-20,Vanguard FTSE Developed Markets ETF,921943858,VEA,9/20/2024,9/20/2024,9/24/2024,0.144400,,,
2021-03-31,Vanguard Extended Duration Treasury Index Fund Institutional Plus Shares,921910808,VEDIX,3/30/2021,3/31/2021,4/1/2021,0.497700,,,
2021-06-30,Vanguard Extended Duration Treasury Index Fund Institutional Plus Shares,921910808,VEDIX,6/29/2021,6/30/2021,7/1/2021,0.540600,,,
2021-09-30,Vanguard Extended Duration Treasury Index Fund Institutional Plus Shares,921910808,VEDIX,9/29/2021,9/30/2021,10/1/2021,0.530900,,,
2022-03-31,Vanguard Extended Duration Treasury Index Fund Institutional Plus Shares,921910808,VEDIX,3/30/2022,3/31/2022,4/1/2022,0.485000,,,
2022-06-30,Vanguard Extended Duration Treasury Index Fund Institutional Plus Shares,921910808,VEDIX,6/29/2022,6/30/2022,7/1/2022,0.539300,,,
2022-09-30,Vanguard Extended Duration Treasury Index Fund Institutional Plus Shares,921910808,VEDIX,9/29/2022,9/30/2022,10/3/2022,0.520400,,,
2023-03-31,Vanguard Extended Duration Treasury Index Fund Institutional Plus Shares,921910808,VEDIX,3/30/2023,3/31/2023,4/3/2023,0.514300,,,
2023-06-30,Vanguard Extended Duration Treasury Index Fund Institutional Plus Shares,921910808,VEDIX,6/29/2023,6/30/2023,7/3/2023,0.553800,,,
2023-09-29,Vanguard Extended Duration Treasury Index Fund Institutional Plus Shares,921910808,VEDIX,9/28/2023,9/29/2023,10/2/2023,0.561700,,,
2021-03-31,Vanguard Extended Duration Treasury Index Fund Institutional Shares,921910881,VEDTX,3/30/2021,3/31/2021,4/1/2021,0.196500,,,
2021-06-30,Vanguard Extended Duration Treasury Index Fund Institutional Shares,921910881,VEDTX,6/29/2021,6/30/2021,7/1/2021,0.212600,,,
2021-09-30,Vanguard Extended Duration Treasury Index Fund Institutional Shares,921910881,VEDTX,9/29/2021,9/30/2021,10/1/2021,0.209200,,,
2022-03-31,Vanguard Extended Duration Treasury Index Fund Institutional Shares,921910881,VEDTX,3/30/2022,3/31/2022,4/1/2022,0.191200,,,
2022-06-30,Vanguard Extended Duration Treasury Index Fund Institutional Shares,921910881,VEDTX,6/29/2022,6/30/2022,7/1/2022,0.213300,,,
2022-09-30,Vanguard Extended Duration Treasury Index Fund Institutional Shares,921910881,VEDTX,9/29/2022,9/30/2022,10/3/2022,0.205800,,,
2023-03-31,Vanguard Extended Duration Treasury Index Fund Institutional Shares,921910881,VEDTX,3/30/2023,3/31/2023,4/3/2023,0.203500,,,
2023-06-30,Vanguard Extended Duration Treasury Index Fund Institutional Shares,921910881,VEDTX,6/29/2023,6/30/2023,7/3/2023,0.219400,,,
2023-09-29,Vanguard Extended Duration Treasury Index Fund Institutional Shares,921910881,VEDTX,9/28/2023,9/29/2023,10/2/2023,0.222600,,,
2025-03-31,Vanguard Extended Duration Treasury Index Fund Institutional Shares,921910881,VEDTX,3/28/2025,3/31/2025,4/1/2025,0.239700,,,
2025-06-30,Vanguard Extended Duration Treasury Index Fund Institutional Shares,921910881,VEDTX,6/27/2025,6/30/2025,7/1/2025,0.243900,,,
2025-09-30,Vanguard Extended Duration Treasury Index Fund Institutional Shares,921910881,VEDTX,9/29/2025,9/30/2025,10/1/2025,0.241000,,,
2021-03-31,Vanguard Emerging Markets Bond Fund Admiral Shares,922020813,VEGBX,3/30/2021,3/31/2021,4/1/2021,0.048800,,,
2021-06-30,Vanguard Emerging Markets Bond Fund Admiral Shares,922020813,VEGBX,6/29/2021,6/30/2021,7/1/2021,0.081700,,,
2021-09-30,Vanguard Emerging Markets Bond Fund Admiral Shares,922020813,VEGBX,9/29/2021,9/30/2021,10/1/2021,0.081100,,,
2023-03-31,Vanguard Emerging Markets Bond Fund Admiral Shares,922020813,VEGBX,3/30/2023,3/31/2023,4/3/2023,0.124800,,,
2024-03-28,Vanguard Emerging Markets Bond Fund Admiral Shares,922020813,VEGBX,3/27/2024,3/28/2024,4/1/2024,0.112800,,,
2024-06-28,Vanguard Emerging Markets Bond Fund Admiral Shares,922020813,VEGBX,6/27/2024,6/28/2024,7/1/2024,0.163400,,,
2024-09-30,Vanguard Emerging Markets Bond Fund Admiral Shares,922020813,VEGBX,9/27/2024,9/30/2024,10/1/2024,0.116400,,,
2021-03-19,Vanguard Emerging Markets Stock Index Fund Investor Shares,922042304,VEIEX,3/18/2021,3/19/2021,3/22/2021,0.027700,,,
2021-06-18,Vanguard Emerging Markets Stock Index Fund Investor Shares,922042304,VEIEX,6/17/2021,6/18/2021,6/21/2021,0.161500,,,
2021-09-17,Vanguard Emerging Markets Stock Index Fund Investor Shares,922042304,VEIEX,9/16/2021,9/17/2021,9/20/2021,0.280400,,,
2022-03-18,Vanguard Emerging Markets Stock Index Fund Investor Shares,922042304,VEIEX,3/17/2022,3/18/2022,3/21/2022,0.067400,,,
2022-06-17,Vanguard Emerging Markets Stock Index Fund Investor Shares,922042304,VEIEX,6/16/2022,6/17/2022,6/21/2022,0.178800,,,
2022-09-16,Vanguard Emerging Markets Stock Index Fund Investor Shares,922042304,VEIEX,9/15/2022,9/16/2022,9/19/2022,0.321700,,,
2023-03-17,Vanguard Emerging Markets Stock Index Fund Investor Shares,922042304,VEIEX,3/16/2023,3/17/2023,3/20/2023,0.003900,,,
2023-06-16,Vanguard Emerging Markets Stock Index Fund Investor Shares,922042304,VEIEX,6/15/2023,6/16/2023,6/20/2023,0.128200,,,
2023-09-15,Vanguard Emerging Markets Stock Index Fund Investor Shares,922042304,VEIEX,9/14/2023,9/15/2023,9/18/2023,0.193900,,,
2024-09-20,Vanguard Emerging Markets Stock Index Fund Investor Shares,922042304,VEIEX,9/19/2024,9/20/2024,9/23/2024,0.070200,,,
2025-03-21,Vanguard Emerging Markets Stock Index Fund Investor Shares,922042304,VEIEX,3/20/2025,3/21/2025,3/24/2025,0.014200,,,
2025-06-20,Vanguard Emerging Markets Stock Index Fund Investor Shares,922042304,VEIEX,6/18/2025,6/20/2025,6/23/2025,0.072000,,,
2025-09-19,Vanguard Emerging Markets Stock Index Fund Investor Shares,922042304,VEIEX,9/18/2025,9/19/2025,9/22/2025,0.157900,,,
2021-03-26,Vanguard Global ESG Select Stock Fund Investor Shares,921908810,VEIGX,3/25/2021,3/26/2021,3/29/2021,0.030700,0.085400,0.047700,
2023-03-28,Vanguard Global ESG Select Stock Fund Investor Shares,921908810,VEIGX,3/27/2023,3/28/2023,3/29/2023,0.039000,,,
2024-03-27,Vanguard Global ESG Select Stock Fund Investor Shares,921908810,VEIGX,3/26/2024,3/27/2024,3/28/2024,0.052100,,,
2025-03-28,Vanguard Global ESG Select Stock Fund Investor Shares,921908810,VEIGX,3/27/2025,3/28/2025,3/31/2025,0.032000,0.195199,0.662789,
2021-03-24,Vanguard Equity Income Fund Investor Shares,921921102,VEIPX,3/23/2021,3/24/2021,3/25/2021,0.259100,,,
2021-06-18,Vanguard Equity Income Fund Investor Shares,921921102,VEIPX,6/17/2021,6/18/2021,6/21/2021,0.198800,,,
2021-09-17,Vanguard Equity Income Fund Investor Shares,921921102,VEIPX,9/16/2021,9/17/2021,9/20/2021,0.292600,,,
2023-03-17,Vanguard Equity Income Fund Investor Shares,921921102,VEIPX,3/16/2023,3/17/2023,3/20/2023,0.246600,,,
2023-06-16,Vanguard Equity Income Fund Investor Shares,921921102,VEIPX,6/15/2023,6/16/2023,6/20/2023,0.286200,,,
2023-09-15,Vanguard Equity Income Fund Investor Shares,921921102,VEIPX,9/14/2023,9/15/2023,9/18/2023,0.260900,,,
2024-03-15,Vanguard Equity Income Fund Investor Shares,921921102,VEIPX,3/14/2024,3/15/2024,3/18/2024,0.236700,,,
2024-06-21,Vanguard Equity Income Fund Investor Shares,921921102,VEIPX,6/20/2024,6/21/2024,6/24/2024,0.353800,,,
2024-09-20,Vanguard Equity Income Fund Investor Shares,921921102,VEIPX,9/19/2024,9/20/2024,9/23/2024,0.285100,,,
2021-03-24,Vanguard Equity Income Fund Admiral Shares,921921300,VEIRX,3/23/2021,3/24/2021,3/25/2021,0.562400,,,
2021-06-18,Vanguard Equity Income Fund Admiral Shares,921921300,VEIRX,6/17/2021,6/18/2021,6/21/2021,0.435900,,,
2021-09-17,Vanguard Equity Income Fund Admiral Shares,921921300,VEIRX,9/16/2021,9/17/2021,9/20/2021,0.634000,,,
2023-03-17,Vanguard Equity Income Fund Admiral Shares,921921300,VEIRX,3/16/2023,3/17/2023,3/20/2023,0.536200,,,
2023-06-16,Vanguard Equity Income Fund Admiral Shares,921921300,VEIRX,6/15/2023,6/16/2023,6/20/2023,0.618500,,,
2023-09-15,Vanguard Equity Income Fund Admiral Shares,921921300,VEIRX,9/14/2023,9/15/2023,9/18/2023,0.566100,,,
2025-03-21,Vanguard Equity Income Fund Admiral Shares,921921300,VEIRX,3/20/2025,3/21/2025,3/24/2025,0.599500,,,
2025-06-20,Vanguard Equity Income Fund Admiral Shares,921921300,VEIRX,6/18/2025,6/20/2025,6/23/2025,0.554400,,,
2025-09-19,Vanguard Equity Income Fund Admiral Shares,921921300,VEIRX,9/18/2025,9/19/2025,9/22/2025,0.548700,,,
2022-03-18,Vanguard Emerging Markets Stock Index Fund Admiral Shares,922042841,VEMAX,3/17/2022,3/18/2022,3/21/2022,0.105300,,,
2022-06-17,Vanguard Emerging Markets Stock Index Fund Admiral Shares,922042841,VEMAX,6/16/2022,6/17/2022,6/21/2022,0.248700,,,
2022-09-16,Vanguard Emerging Markets Stock Index Fund Admiral Shares,922042841,VEMAX,9/15/2022,9/16/2022,9/19/2022,0.435100,,,
2023-03-17,Vanguard Emerging Markets Stock Index Fund Admiral Shares,922042841,VEMAX,3/16/2023,3/17/2023,3/20/2023,0.018300,,,
2023-06-16,Vanguard Emerging Markets Stock Index Fund Admiral Shares,922042841,VEMAX,6/15/2023,6/16/2023,6/20/2023,0.183600,,,
2023-09-15,Vanguard Emerging Markets Stock Index Fund Admiral Shares,922042841,VEMAX,9/14/2023,9/15/2023,9/18/2023,0.267300,,,
2024-03-15,Vanguard Emerging Markets Stock Index Fund Admiral Shares,922042841,VEMAX,3/14/2024,3/15/2024,3/18/2024,0.027000,,,
2024-06-21,Vanguard Emerging Markets Stock Index Fund Admiral Shares,922042841,VEMAX,6/20/2024,6/21/2024,6/24/2024,0.136100,,,
2024-09-20,Vanguard Emerging Markets Stock Index Fund Admiral Shares,922042841,VEMAX,9/19/2024,9/20/2024,9/23/2024,0.106300,,,
2025-03-21,Vanguard Emerging Markets Stock Index Fund Admiral Shares,922042841,VEMAX,3/20/2025,3/21/2025,3/24/2025,0.033300,,,
2025-06-20,Vanguard Emerging Markets Stock Index Fund Admiral Shares,922042841,VEMAX,6/18/2025,6/20/2025,6/23/2025,0.109500,,,
2025-09-19,Vanguard Emerging Markets Stock Index Fund Admiral Shares,922042841,VEMAX,9/18/2025,9/19/2025,9/22/2025,0.226100,,,
2022-03-31,Vanguard Emerging Markets Bond Fund Investor Shares,922020821,VEMBX,3/30/2022,3/31/2022,4/1/2022,0.036500,,,
2023-03-31,Vanguard Emerging Markets Bond Fund Investor Shares,922020821,VEMBX,3/30/2023,3/31/2023,4/3/2023,0.052300,,,
2023-06-30,Vanguard Emerging Markets Bond Fund Investor Shares,922020821,VEMBX,6/29/2023,6/30/2023,7/3/2023,0.054400,,,
2023-09-29,Vanguard Emerging Markets Bond Fund Investor Shares,922020821,VEMBX,9/28/2023,9/29/2023,10/2/2023,0.055500,,,
2024-09-30,Vanguard Emerging Markets Bond Fund Investor Shares,922020821,VEMBX,9/27/2024,9/30/2024,10/1/2024,0.048900,,,
2025-03-31,Vanguard Emerging Markets Bond Fund Investor Shares,922020821,VEMBX,3/28/2025,3/31/2025,4/1/2025,0.060500,,,
2025-06-30,Vanguard Emerging Markets Bond Fund Investor Shares,922020821,VEMBX,6/27/2025,6/30/2025,7/1/2025,0.053200,,,
2021-03-19,Vanguard Emerging Markets Stock Index Fund Institutional Shares,922042601,VEMIX,3/18/2021,3/19/2021,3/22/2021,0.043200,,,
2021-06-18,Vanguard Emerging Markets Stock Index Fund Institutional Shares,922042601,VEMIX,6/17/2021,6/18/2021,6/21/2021,0.177300,,,
2021-09-17,Vanguard Emerging Markets Stock Index Fund Institutional Shares,922042601,VEMIX,9/16/2021,9/17/2021,9/20/2021,0.295400,,,
2022-03-18,Vanguard Emerging Markets Stock Index Fund Institutional Shares,922042601,VEMIX,3/17/2022,3/18/2022,3/21/2022,0.083100,,,
2022-06-17,Vanguard Emerging Markets Stock Index Fund Institutional Shares,922042601,VEMIX,6/16/2022,6/17/2022,6/21/2022,0.191900,,,
2022-09-16,Vanguard Emerging Markets Stock Index Fund Institutional Shares,922042601,VEMIX,9/15/2022,9/16/2022,9/19/2022,0.333300,,,
2023-03-17,Vanguard Emerging Markets Stock Index Fund Institutional Shares,922042601,VEMIX,3/16/2023,3/17/2023,3/20/2023,0.016500,,,
2023-06-16,Vanguard Emerging Markets Stock Index Fund Institutional Shares,922042601,VEMIX,6/15/2023,6/16/2023,6/20/2023,0.142200,,,
2023-09-15,Vanguard Emerging Markets Stock Index Fund Institutional Shares,922042601,VEMIX,9/14/2023,9/15/2023,9/18/2023,0.205800,,,
2025-03-21,Vanguard Emerging Markets Stock Index Fund Institutional Shares,922042601,VEMIX,3/20/2025,3/21/2025,3/24/2025,0.028200,,,
2025-06-20,Vanguard Emerging Markets Stock Index Fund Institutional Shares,922042601,VEMIX,6/18/2025,6/20/2025,6/23/2025,0.086100,,,
2025-09-19,Vanguard Emerging Markets Stock Index Fund Institutional Shares,922042601,VEMIX,9/18/2025,9/19/2025,9/22/2025,0.175100,,,
2021-03-24,Vanguard Extended Market Index Fund Institutional Plus Shares,922908371,VEMPX,3/23/2021,3/24/2021,3/25/2021,1.152500,,,
2021-06-23,Vanguard Extended Market Index Fund Institutional Plus Shares,922908371,VEMPX,6/22/2021,6/23/2021,6/24/2021,0.824900,,,
2021-09-23,Vanguard Extended Market Index Fund Institutional Plus Shares,922908371,VEMPX,9/22/2021,9/23/2021,9/24/2021,0.518700,,,
2022-03-22,Vanguard Extended Market Index Fund Institutional Plus Shares,922908371,VEMPX,3/21/2022,3/22/2022,3/23/2022,0.292600,,,
2022-06-22,Vanguard Extended Market Index Fund Institutional Plus Shares,922908371,VEMPX,6/21/2022,6/22/2022,6/23/2022,0.473700,,,
2022-09-22,Vanguard Extended Market Index Fund Institutional Plus Shares,922908371,VEMPX,9/21/2022,9/22/2022,9/23/2022,0.864700,,,
2024-03-22,Vanguard Extended Market Index Fund Institutional Plus Shares,922908371,VEMPX,3/21/2024,3/22/2024,3/25/2024,0.879300,,,
2024-06-28,Vanguard Extended Market Index Fund Institutional Plus Shares,922908371,VEMPX,6/27/2024,6/28/2024,7/1/2024,1.050200,,,
2024-09-27,Vanguard Extended Market Index Fund Institutional Plus Shares,922908371,VEMPX,9/26/2024,9/27/2024,9/30/2024,0.927900,,,
2021-03-19,Vanguard Emerging Markets Index Fund Institutional Plus Shares,922042650,VEMRX,3/18/2021,3/19/2021,3/22/2021,0.148500,,,
2021-06-18,Vanguard Emerging Markets Index Fund Institutional Plus Shares,922042650,VEMRX,6/17/2021,6/18/2021,6/21/2021,0.594800,,,
2021-09-17,Vanguard Emerging Markets Index Fund Institutional Plus Shares,922042650,VEMRX,9/16/2021,9/17/2021,9/20/2021,0.988700,,,
2022-03-18,Vanguard Emerging Markets Index Fund Institutional Plus Shares,922042650,VEMRX,3/17/2022,3/18/2022,3/21/2022,0.281200,,,
2022-06-17,Vanguard Emerging Markets Index Fund Institutional Plus Shares,922042650,VEMRX,6/16/2022,6/17/2022,6/21/2022,0.643100,,,
2022-09-16,Vanguard Emerging Markets Index Fund Institutional Plus Shares,922042650,VEMRX,9/15/2022,9/16/2022,9/19/2022,1.113400,,,
2023-03-17,Vanguard Emerging Markets Index Fund Institutional Plus Shares,922042650,VEMRX,3/16/2023,3/17/2023,3/20/2023,0.059100,,,
2023-06-16,Vanguard Emerging Markets Index Fund Institutional Plus Shares,922042650,VEMRX,6/15/2023,6/16/2023,6/20/2023,0.476100,,,
2023-09-15,Vanguard Emerging Markets Index Fund Institutional Plus Shares,922042650,VEMRX,9/14/2023,9/15/2023,9/18/2023,0.689000,,,
2024-03-15,Vanguard Emerging Markets Index Fund Institutional Plus Shares,922042650,VEMRX,3/14/2024,3/15/2024,3/18/2024,0.081000,,,
2024-06-21,Vanguard Emerging Markets Index Fund Institutional Plus Shares,922042650,VEMRX,6/20/2024,6/21/2024,6/24/2024,0.358700,,,
2024-09-20,Vanguard Emerging Markets Index Fund Institutional Plus Shares,922042650,VEMRX,9/19/2024,9/20/2024,9/23/2024,0.282900,,,
2025-03-21,Vanguard Emerging Markets Index Fund Institutional Plus Shares,922042650,VEMRX,3/20/2025,3/21/2025,3/24/2025,0.098400,,,
2025-06-20,Vanguard Emerging Markets Index Fund Institutional Plus Shares,922042650,VEMRX,6/18/2025,6/20/2025,6/23/2025,0.291200,,,
2025-09-19,Vanguard Emerging Markets Index Fund Institutional Plus Shares,922042650,VEMRX,9/18/2025,9/19/2025,9/22/2025,0.588000,,,
2021-03-26,Vanguard Global ESG Select Stock Fund Admiral Shares,921908794,VESGX,3/25/2021,3/26/2021,3/29/2021,0.045600,0.106800,0.059700,
2024-03-27,Vanguard Global ESG Select Stock Fund Admiral Shares,921908794,VESGX,3/26/2024,3/27/2024,3/28/2024,0.075900,,,
2025-03-28,Vanguard Global ESG Select Stock Fund Admiral Shares,921908794,VESGX,3/27/2025,3/28/2025,3/31/2025,0.051100,0.244149,0.828996,
2021-03-19,Vanguard European Stock Index Fund Institutional Shares,922042502,VESIX,3/18/2021,3/19/2021,3/22/2021,0.144400,,,
2021-06-18,Vanguard European Stock Index Fund Institutional Shares,922042502,VESIX,6/17/2021,6/18/2021,6/21/2021,0.394100,,,
2021-09-17,Vanguard European Stock Index Fund Institutional Shares,922042502,VESIX,9/16/2021,9/17/2021,9/20/2021,0.208900,,,
2023-03-17,Vanguard European Stock Index Fund Institutional Shares,922042502,VESIX,3/16/2023,3/17/2023,3/20/2023,0.113300,,,
2023-06-16,Vanguard European Stock Index Fund Institutional Shares,922042502,VESIX,6/15/2023,6/16/2023,6/20/2023,0.586100,,,
2023-09-15,Vanguard European Stock Index Fund Institutional Shares,922042502,VESIX,9/14/2023,9/15/2023,9/18/2023,0.139100,,,
2024-03-15,Vanguard European Stock Index Fund Institutional Shares,922042502,VESIX,3/14/2024,3/15/2024,3/18/2024,0.197500,,,
2024-06-21,Vanguard European Stock Index Fund Institutional Shares,922042502,VESIX,6/20/2024,6/21/2024,6/24/2024,0.550300,,,
2024-09-20,Vanguard European Stock Index Fund Institutional Shares,922042502,VESIX,9/19/2024,9/20/2024,9/23/2024,0.091200,,,
2021-03-22,Vanguard FTSE All-World ex-US ETF,922042775,VEU,3/23/2021,3/22/2021,3/25/2021,0.164200,,,
2021-06-21,Vanguard FTSE All-World ex-US ETF,922042775,VEU,6/22/2021,6/21/2021,6/24/2021,0.507500,,,
2021-09-20,Vanguard FTSE All-World ex-US ETF,922042775,VEU,9/21/2021,9/20/2021,9/23/2021,0.367400,,,
2022-03-21,Vanguard FTSE All-World ex-US ETF,922042775,VEU,3/22/2022,3/21/2022,3/24/2022,0.106000,,,
2022-06-21,Vanguard FTSE All-World ex-US ETF,922042775,VEU,6/22/2022,6/21/2022,6/24/2022,0.578000,,,
2022-09-19,Vanguard FTSE All-World ex-US ETF,922042775,VEU,9/20/2022,9/19/2022,9/22/2022,0.261300,,,
2023-03-20,Vanguard FTSE All-World ex-US ETF,922042775,VEU,3/21/2023,3/20/2023,3/23/2023,0.115000,,,
2023-06-20,Vanguard FTSE All-World ex-US ETF,922042775,VEU,6/21/2023,6/20/2023,6/23/2023,0.605400,,,
2023-09-18,Vanguard FTSE All-World ex-US ETF,922042775,VEU,9/19/2023,9/18/2023,9/21/2023,0.300000,,,
2021-03-19,Vanguard European Stock Index Fund Institutional Plus Shares,922042627,VEUPX,3/18/2021,3/19/2021,3/22/2021,0.648900,,,
2021-06-18,Vanguard European Stock Index Fund Institutional Plus Shares,922042627,VEUPX,6/17/2021,6/18/2021,6/21/2021,1.766900,,,
2021-09-17,Vanguard European Stock Index Fund Institutional Plus Shares,922042627,VEUPX,9/16/2021,9/17/2021,9/20/2021,0.936600,,,
2022-03-18,Vanguard European Stock Index Fund Institutional Plus Shares,922042627,VEUPX,3/17/2022,3/18/2022,3/21/2022,0.334700,,,
2022-06-17,Vanguard European Stock Index Fund Institutional Plus Shares,922042627,VEUPX,6/16/2022,6/17/2022,6/21/2022,2.502200,,,
2022-09-16,Vanguard European Stock Index Fund Institutional Plus Shares,922042627,VEUPX,9/15/2022,9/16/2022,9/19/2022,0.522000,,,
2023-03-17,Vanguard European Stock Index Fund Institutional Plus Shares,922042627,VEUPX,3/16/2023,3/17/2023,3/20/2023,0.509600,,,
2023-06-16,Vanguard European Stock Index Fund Institutional Plus Shares,922042627,VEUPX,6/15/2023,6/16/2023,6/20/2023,2.622200,,,
2023-09-15,Vanguard European Stock Index Fund Institutional Plus Shares,922042627,VEUPX,9/14/2023,9/15/2023,9/18/2023,0.624100,,,
2021-03-19,Vanguard European Stock Index Fund Investor Shares,922042205,VEURX,3/18/2021,3/19/2021,3/22/2021,0.133000,,,
2021-06-18,Vanguard European Stock Index Fund Investor Shares,922042205,VEURX,6/17/2021,6/18/2021,6/21/2021,0.384000,,,
2021-09-17,Vanguard European Stock Index Fund Investor Shares,922042205,VEURX,9/16/2021,9/17/2021,9/20/2021,0.196700,,,
2023-03-17,Vanguard European Stock Index Fund Investor Shares,922042205,VEURX,3/16/2023,3/17/2023,3/20/2023,0.102400,,,
2023-06-16,Vanguard European Stock Index Fund Investor Shares,922042205,VEURX,6/15/2023,6/16/2023,6/20/2023,0.578000,,,
2023-09-15,Vanguard European Stock Index Fund Investor Shares,922042205,VEURX,9/14/2023,9/15/2023,9/18/2023,0.127500,,,
2024-03-15,Vanguard European Stock Index Fund Investor Shares,922042205,VEURX,3/14/2024,3/15/2024,3/18/2024,0.185400,,,
2024-06-21,Vanguard European Stock Index Fund Investor Shares,922042205,VEURX,6/20/2024,6/21/2024,6/24/2024,0.540000,,,
2024-09-20,Vanguard European Stock Index Fund Investor Shares,922042205,VEURX,9/19/2024,9/20/2024,9/23/2024,0.077700,,,
2021-03-19,Vanguard European Stock Index Fund Admiral Shares,922042809,VEUSX,3/18/2021,3/19/2021,3/22/2021,0.334600,,,
2021-06-18,Vanguard European Stock Index Fund Admiral Shares,922042809,VEUSX,6/17/2021,6/18/2021,6/21/2021,0.920700,,,
2021-09-17,Vanguard European Stock Index Fund Admiral Shares,922042809,VEUSX,9/16/2021,9/17/2021,9/20/2021,0.485800,,,
2023-03-17,Vanguard European Stock Index Fund Admiral Shares,922042809,VEUSX,3/16/2023,3/17/2023,3/20/2023,0.261900,,,
2023-06-16,Vanguard European Stock Index Fund Admiral Shares,922042809,VEUSX,6/15/2023,6/16/2023,6/20/2023,1.370800,,,
2023-09-15,Vanguard European Stock Index Fund Admiral Shares,922042809,VEUSX,9/14/2023,9/15/2023,9/18/2023,0.322200,,,
2024-03-15,Vanguard European Stock Index Fund Admiral Shares,922042809,VEUSX,3/14/2024,3/15/2024,3/18/2024,0.459300,,,
2021-03-24,Vanguard Extended Market Index Fund Admiral Shares,922908694,VEXAX,3/23/2021,3/24/2021,3/25/2021,0.460200,,,
2021-06-23,Vanguard Extended Market Index Fund Admiral Shares,922908694,VEXAX,6/22/2021,6/23/2021,6/24/2021,0.327200,,,
2021-09-23,Vanguard Extended Market Index Fund Admiral Shares,922908694,VEXAX,9/22/2021,9/23/2021,9/24/2021,0.202800,,,
2022-03-22,Vanguard Extended Market Index Fund Admiral Shares,922908694,VEXAX,3/21/2022,3/22/2022,3/23/2022,0.112400,,,
2022-06-22,Vanguard Extended Market Index Fund Admiral Shares,922908694,VEXAX,6/21/2022,6/22/2022,6/23/2022,0.186100,,,
2022-09-22,Vanguard Extended Market Index Fund Admiral Shares,922908694,VEXAX,9/21/2022,9/22/2022,9/23/2022,0.344700,,,
2023-03-23,Vanguard Extended Market Index Fund Admiral Shares,922908694,VEXAX,3/22/2023,3/23/2023,3/24/2023,0.329000,,,
2023-06-28,Vanguard Extended Market Index Fund Admiral Shares,922908694,VEXAX,6/27/2023,6/28/2023,6/29/2023,0.377200,,,
2023-09-27,Vanguard Extended Market Index Fund Admiral Shares,922908694,VEXAX,9/26/2023,9/27/2023,9/28/2023,0.358700,,,
2021-03-24,Vanguard Extended Market Index Fund Investor Shares,922908207,VEXMX,3/23/2021,3/24/2021,3/25/2021,0.417400,,,
2021-06-23,Vanguard Extended Market Index Fund Investor Shares,922908207,VEXMX,6/22/2021,6/23/2021,6/24/2021,0.279900,,,
2021-09-23,Vanguard Extended Market Index Fund Investor Shares,922908207,VEXMX,9/22/2021,9/23/2021,9/24/2021,0.156000,,,
2022-03-22,Vanguard Extended Market Index Fund Investor Shares,922908207,VEXMX,3/21/2022,3/22/2022,3/23/2022,0.072000,,,
2022-06-22,Vanguard Extended Market Index Fund Investor Shares,922908207,VEXMX,6/21/2022,6/22/2022,6/23/2022,0.148000,,,
2022-09-22,Vanguard Extended Market Index Fund Investor Shares,922908207,VEXMX,9/21/2022,9/22/2022,9/23/2022,0.308000,,,
2023-03-23,Vanguard Extended Market Index Fund Investor Shares,922908207,VEXMX,3/22/2023,3/23/2023,3/24/2023,0.292400,,,
2023-06-28,Vanguard Extended Market Index Fund Investor Shares,922908207,VEXMX,6/27/2023,6/28/2023,6/29/2023,0.340200,,,
2023-09-27,Vanguard Extended Market Index Fund Investor Shares,922908207,VEXMX,9/26/2023,9/27/2023,9/28/2023,0.321500,,,
2021-03-25,Vanguard 500 Index Fund Institutional Select Shares,922908348,VFFSX,3/24/2021,3/25/2021,3/26/2021,0.683400,,,
2021-06-28,Vanguard 500 Index Fund Institutional Select Shares,922908348,VFFSX,6/25/2021,6/28/2021,6/29/2021,0.721700,,,
2021-09-28,Vanguard 500 Index Fund Institutional Select Shares,922908348,VFFSX,9/27/2021,9/28/2021,9/29/2021,0.709300,,,
2022-03-23,Vanguard 500 Index Fund Institutional Select Shares,922908348,VFFSX,3/22/2022,3/23/2022,3/24/2022,0.744300,,,
2022-06-28,Vanguard 500 Index Fund Institutional Select Shares,922908348,VFFSX,6/27/2022,6/28/2022,6/29/2022,0.769300,,,
2022-09-27,Vanguard 500 Index Fund Institutional Select Shares,922908348,VFFSX,9/26/2022,9/27/2022,9/28/2022,0.784500,,,
2023-03-23,Vanguard 500 Index Fund Institutional Select Shares,922908348,VFFSX,3/22/2023,3/23/2023,3/24/2023,0.794400,,,
2023-06-28,Vanguard 500 Index Fund Institutional Select Shares,922908348,VFFSX,6/27/2023,6/28/2023,6/29/2023,0.841800,,,
2023-09-27,Vanguard 500 Index Fund Institutional Select Shares,922908348,VFFSX,9/26/2023,9/27/2023,9/28/2023,0.797200,,,
2024-03-22,Vanguard 500 Index Fund Institutional Select Shares,922908348,VFFSX,3/21/2024,3/22/2024,3/25/2024,0.824200,,,
2024-06-28,Vanguard 500 Index Fund Institutional Select Shares,922908348,VFFSX,6/27/2024,6/28/2024,7/1/2024,0.952700,,,
2024-09-27,Vanguard 500 Index Fund Institutional Select Shares,922908348,VFFSX,9/26/2024,9/27/2024,9/30/2024,0.875400,,,
2021-03-25,Vanguard 500 Index Fund Admiral Shares,922908710,VFIAX,3/24/2021,3/25/2021,3/26/2021,1.261500,,,
2021-06-28,Vanguard 500 Index Fund Admiral Shares,922908710,VFIAX,6/25/2021,6/28/2021,6/29/2021,1.332700,,,
2021-09-28,Vanguard 500 Index Fund Admiral Shares,922908710,VFIAX,9/27/2021,9/28/2021,9/29/2021,1.307400,,,
2022-03-23,Vanguard 500 Index Fund Admiral Shares,922908710,VFIAX,3/22/2022,3/23/2022,3/24/2022,1.372000,,,
2022-06-28,Vanguard 500 Index Fund Admiral Shares,922908710,VFIAX,6/27/2022,6/28/2022,6/29/2022,1.432900,,,
2022-09-27,Vanguard 500 Index Fund Admiral Shares,922908710,VFIAX,9/26/2022,9/27/2022,9/28/2022,1.471300,,,
2023-03-23,Vanguard 500 Index Fund Admiral Shares,922908710,VFIAX,3/22/2023,3/23/2023,3/24/2023,1.489200,,,
2023-06-28,Vanguard 500 Index Fund Admiral Shares,922908710,VFIAX,6/27/2023,6/28/2023,6/29/2023,1.578100,,,
2023-09-27,Vanguard 500 Index Fund Admiral Shares,922908710,VFIAX,9/26/2023,9/27/2023,9/28/2023,1.493700,,,
2024-03-22,Vanguard 500 Index Fund Admiral Shares,922908710,VFIAX,3/21/2024,3/22/2024,3/25/2024,1.543000,,,
2024-06-28,Vanguard 500 Index Fund Admiral Shares,922908710,VFIAX,6/27/2024,6/28/2024,7/1/2024,1.784200,,,
2024-09-27,Vanguard 500 Index Fund Admiral Shares,922908710,VFIAX,9/26/2024,9/27/2024,9/30/2024,1.638500,,,
2021-03-31,Vanguard Intermediate-Term Investment-Grade Fund Investor Shares,922031885,VFICX,3/30/2021,3/31/2021,4/1/2021,0.018293,0.014900,0.049400,
2021-06-30,Vanguard Intermediate-Term Investment-Grade Fund Investor Shares,922031885,VFICX,6/30/2021,6/30/2021,7/1/2021,0.018370,,,
2021-09-30,Vanguard Intermediate-Term Investment-Grade Fund Investor Shares,922031885,VFICX,9/30/2021,9/30/2021,10/1/2021,0.018759,,,
2021-03-31,Vanguard GNMA Fund Admiral Shares,922031794,VFIJX,3/31/2021,3/31/2021,4/1/2021,0.005552,,,
2021-06-30,Vanguard GNMA Fund Admiral Shares,922031794,VFIJX,6/30/2021,6/30/2021,7/1/2021,0.009079,,,
2021-09-30,Vanguard GNMA Fund Admiral Shares,922031794,VFIJX,9/30/2021,9/30/2021,10/1/2021,0.009179,,,
2021-03-25,Vanguard 500 Index Fund Investor Shares,922908108,VFINX,3/24/2021,3/25/2021,3/26/2021,1.166400,,,
2021-06-28,Vanguard 500 Index Fund Investor Shares,922908108,VFINX,6/25/2021,6/28/2021,6/29/2021,1.233100,,,
2021-09-28,Vanguard 500 Index Fund Investor Shares,922908108,VFINX,9/27/2021,9/28/2021,9/29/2021,1.203300,,,
2022-03-23,Vanguard 500 Index Fund Investor Shares,922908108,VFINX,3/22/2022,3/23/2022,3/24/2022,1.259600,,,
2022-06-28,Vanguard 500 Index Fund Investor Shares,922908108,VFINX,6/27/2022,6/28/2022,6/29/2022,1.330300,,,
2022-09-27,Vanguard 500 Index Fund Investor Shares,922908108,VFINX,9/26/2022,9/27/2022,9/28/2022,1.378200,,,
2023-03-23,Vanguard 500 Index Fund Investor Shares,922908108,VFINX,3/22/2023,3/23/2023,3/24/2023,1.391000,,,
2023-06-28,Vanguard 500 Index Fund Investor Shares,922908108,VFINX,6/27/2023,6/28/2023,6/29/2023,1.474200,,,
2023-09-27,Vanguard 500 Index Fund Investor Shares,922908108,VFINX,9/26/2023,9/27/2023,9/28/2023,1.390300,,,
2024-03-22,Vanguard 500 Index Fund Investor Shares,922908108,VFINX,3/21/2024,3/22/2024,3/25/2024,1.418700,,,
2024-06-28,Vanguard 500 Index Fund Investor Shares,922908108,VFINX,6/27/2024,6/28/2024,7/1/2024,1.651400,,,
2024-09-27,Vanguard 500 Index Fund Investor Shares,922908108,VFINX,9/26/2024,9/27/2024,9/30/2024,1.508500,,,
2021-03-31,Vanguard Short-Term Treasury Fund Admiral Shares,922031851,VFIRX,3/30/2021,3/31/2021,4/1/2021,0.004777,0.011000,0.012500,
2021-06-30,Vanguard Short-Term Treasury Fund Admiral Shares,922031851,VFIRX,6/30/2021,6/30/2021,7/1/2021,0.004504,,,
2021-09-30,Vanguard Short-Term Treasury Fund Admiral Shares,922031851,VFIRX,9/30/2021,9/30/2021,10/1/2021,0.001700,,,
2021-03-31,Vanguard Short-Term Treasury Fund Investor Shares,922031703,VFISX,3/30/2021,3/31/2021,4/1/2021,0.003864,0.011000,0.012500,
2021-06-30,Vanguard Short-Term Treasury Fund Investor Shares,922031703,VFISX,6/30/2021,6/30/2021,7/1/2021,0.003623,,,
2021-09-30,Vanguard Short-Term Treasury Fund Investor Shares,922031703,VFISX,9/30/2021,9/30/2021,10/1/2021,0.000820,,,
2021-03-31,Vanguard Intermediate-Term Treasury Fund Investor Shares,922031802,VFITX,3/31/2021,3/31/2021,4/1/2021,0.009558,,0.019100,
2021-06-30,Vanguard Intermediate-Term Treasury Fund Investor Shares,922031802,VFITX,6/30/2021,6/30/2021,7/1/2021,0.009560,,,
2021-09-30,Vanguard Intermediate-Term Treasury Fund Investor Shares,922031802,VFITX,9/30/2021,9/30/2021,10/1/2021,0.007598,,,
2021-03-22,Vanguard U.S. Liquidity Factor ETF,921935300,VFLQ,3/23/2021,3/22/2021,3/25/2021,0.279900,,,
2021-06-29,Vanguard U.S. Liquidity Factor ETF,921935300,VFLQ,6/30/2021,6/29/2021,7/2/2021,0.333800,,,
2021-09-24,Vanguard U.S. Liquidity Factor ETF,921935300,VFLQ,9/27/2021,9/24/2021,9/29/2021,0.291200,,,
2022-03-21,Vanguard U.S. Liquidity Factor ETF,921935300,VFLQ,3/22/2022,3/21/2022,3/24/2022,0.226500,,,
2022-06-29,Vanguard U.S. Liquidity Factor ETF,921935300,VFLQ,6/30/2022,6/29/2022,7/5/2022,0.300700,,,
2022-09-23,Vanguard U.S. Liquidity Factor ETF,921935300,VFLQ,9/26/2022,9/23/2022,9/28/2022,0.292900,,,
2021-03-22,Vanguard U.S. Multifactor ETF,921935607,VFMF,3/23/2021,3/22/2021,3/25/2021,0.250000,,,
2021-06-29,Vanguard U.S. Multifactor ETF,921935607,VFMF,6/30/2021,6/29/2021,7/2/2021,0.334400,,,
2021-09-24,Vanguard U.S. Multifactor ETF,921935607,VFMF,9/27/2021,9/24/2021,9/29/2021,0.318600,,,
2022-03-21,Vanguard U.S. Multifactor ETF,921935607,VFMF,3/22/2022,3/21/2022,3/24/2022,0.336900,,,
2022-06-29,Vanguard U.S. Multifactor ETF,921935607,VFMF,6/30/2022,6/29/2022,7/5/2022,0.598000,,,
2022-09-23,Vanguard U.S. Multifactor ETF,921935607,VFMF,9/26/2022,9/23/2022,9/28/2022,0.586900,,,
2023-03-23,Vanguard U.S. Multifactor ETF,921935607,VFMF,3/24/2023,3/23/2023,3/28/2023,0.507300,,,
2023-06-23,Vanguard U.S. Multifactor ETF,921935607,VFMF,6/26/2023,6/23/2023,6/28/2023,0.579600,,,
2023-09-21,Vanguard U.S. Multifactor ETF,921935607,VFMF,9/22/2023,9/21/2023,9/26/2023,0.411000,,,
2024-03-21,Vanguard U.S. Multifactor ETF,921935607,VFMF,3/22/2024,3/21/2024,3/26/2024,0.422300,,,
2024-06-27,Vanguard U.S. Multifactor ETF,921935607,VFMF,6/27/2024,6/27/2024,7/1/2024,0.560900,,,
2024-09-26,Vanguard U.S. Multifactor ETF,921935607,VFMF,9/26/2024,9/26/2024,9/30/2024,0.516600,,,
2022-03-18,Vanguard U.S. Multifactor Fund Admiral Shares,921935888,VFMFX,3/17/2022,3/18/2022,3/21/2022,0.110000,,,
2022-06-28,Vanguard U.S. Multifactor Fund Admiral Shares,921935888,VFMFX,6/27/2022,6/28/2022,6/29/2022,0.182800,,,
2022-09-22,Vanguard U.S. Multifactor Fund Admiral Shares,921935888,VFMFX,9/21/2022,9/22/2022,9/23/2022,0.178300,,,
2024-03-21,Vanguard U.S. Multifactor Fund Admiral Shares,921935888,VFMFX,3/20/2024,3/21/2024,3/22/2024,0.135600,,,
2024-06-27,Vanguard U.S. Multifactor Fund Admiral Shares,921935888,VFMFX,6/26/2024,6/27/2024,6/28/2024,0.170700,,,
2024-09-26,Vanguard U.S. Multifactor Fund Admiral Shares,921935888,VFMFX,9/25/2024,9/26/2024,9/27/2024,0.165000,,,
2021-03-22,Vanguard U.S. Momentum Factor ETF,921935508,VFMO,3/23/2021,3/22/2021,3/25/2021,0.109700,,,
2021-06-29,Vanguard U.S. Momentum Factor ETF,921935508,VFMO,6/30/2021,6/29/2021,7/2/2021,0.208100,,,
2021-09-24,Vanguard U.S. Momentum Factor ETF,921935508,VFMO,9/27/2021,9/24/2021,9/29/2021,0.255400,,,
2022-03-21,Vanguard U.S. Momentum Factor ETF,921935508,VFMO,3/22/2022,3/21/2022,3/24/2022,0.356600,,,
2022-06-29,Vanguard U.S. Momentum Factor ETF,921935508,VFMO,6/30/2022,6/29/2022,7/5/2022,0.555300,,,
2022-09-23,Vanguard U.S. Momentum Factor ETF,921935508,VFMO,9/26/2022,9/23/2022,9/28/2022,0.490700,,,
2023-03-23,Vanguard U.S. Momentum Factor ETF,921935508,VFMO,3/24/2023,3/23/2023,3/28/2023,0.355000,,,
2023-06-23,Vanguard U.S. Momentum Factor ETF,921935508,VFMO,6/26/2023,6/23/2023,6/28/2023,0.283500,,,
2023-09-21,Vanguard U.S. Momentum Factor ETF,921935508,VFMO,9/22/2023,9/21/2023,9/26/2023,0.153800,,,
2021-03-22,Vanguard U.S. Minimum Volatility ETF,921935409,VFMV,3/23/2021,3/22/2021,3/25/2021,0.123400,,,
2021-06-29,Vanguard U.S. Minimum Volatility ETF,921935409,VFMV,6/30/2021,6/29/2021,7/2/2021,0.162400,,,
2021-09-24,Vanguard U.S. Minimum Volatility ETF,921935409,VFMV,9/27/2021,9/24/2021,9/29/2021,0.656800,,,
2022-03-21,Vanguard U.S. Minimum Volatility ETF,921935409,VFMV,3/22/2022,3/21/2022,3/24/2022,0.420100,,,
2022-06-29,Vanguard U.S. Minimum Volatility ETF,921935409,VFMV,6/30/2022,6/29/2022,7/5/2022,0.419300,,,
2022-09-23,Vanguard U.S. Minimum Volatility ETF,921935409,VFMV,9/26/2022,9/23/2022,9/28/2022,0.471600,,,
2023-03-23,Vanguard U.S. Minimum Volatility ETF,921935409,VFMV,3/24/2023,3/23/2023,3/28/2023,0.730200,,,
2023-06-23,Vanguard U.S. Minimum Volatility ETF,921935409,VFMV,6/26/2023,6/23/2023,6/28/2023,0.533200,,,
2023-09-21,Vanguard U.S. Minimum Volatility ETF,921935409,VFMV,9/22/2023,9/21/2023,9/26/2023,0.419100,,,
2021-03-22,Vanguard U.S. Quality Factor ETF,921935706,VFQY,3/23/2021,3/22/2021,3/25/2021,0.262300,,,
2021-06-29,Vanguard U.S. Quality Factor ETF,921935706,VFQY,6/30/2021,6/29/2021,7/2/2021,0.304200,,,
2021-09-24,Vanguard U.S. Quality Factor ETF,921935706,VFQY,9/27/2021,9/24/2021,9/29/2021,0.274600,,,
2022-03-21,Vanguard U.S. Quality Factor ETF,921935706,VFQY,3/22/2022,3/21/2022,3/24/2022,0.274500,,,
2022-06-29,Vanguard U.S. Quality Factor ETF,921935706,VFQY,6/30/2022,6/29/2022,7/5/2022,0.368500,,,
2022-09-23,Vanguard U.S. Quality Factor ETF,921935706,VFQY,9/26/2022,9/23/2022,9/28/2022,0.381600,,,
2023-03-23,Vanguard U.S. Quality Factor ETF,921935706,VFQY,3/24/2023,3/23/2023,3/28/2023,0.394400,,,
2023-06-23,Vanguard U.S. Quality Factor ETF,921935706,VFQY,6/26/2023,6/23/2023,6/28/2023,0.477000,,,
2023-09-21,Vanguard U.S. Quality Factor ETF,921935706,VFQY,9/22/2023,9/21/2023,9/26/2023,0.374600,,,
2021-06-18,Vanguard FTSE All-World ex-US Small-Cap Index Fund Admiral Shares,922042593,VFSAX,6/17/2021,6/18/2021,6/21/2021,0.133700,,,
2021-09-17,Vanguard FTSE All-World ex-US Small-Cap Index Fund Admiral Shares,922042593,VFSAX,9/16/2021,9/17/2021,9/20/2021,0.138700,,,
2022-06-17,Vanguard FTSE All-World ex-US Small-Cap Index Fund Admiral Shares,922042593,VFSAX,6/16/2022,6/17/2022,6/21/2022,0.086000,,,
2022-09-16,Vanguard FTSE All-World ex-US Small-Cap Index Fund Admiral Shares,922042593,VFSAX,9/15/2022,9/16/2022,9/19/2022,0.033600,,,
2023-06-16,Vanguard FTSE All-World ex-US Small-Cap Index Fund Admiral Shares,922042593,VFSAX,6/15/2023,6/16/2023,6/20/2023,0.234200,,,
2023-09-15,Vanguard FTSE All-World ex-US Small-Cap Index Fund Admiral Shares,922042593,VFSAX,9/14/2023,9/15/2023,9/18/2023,0.132400,,,
2024-06-21,Vanguard FTSE All-World ex-US Small-Cap Index Fund Admiral Shares,922042593,VFSAX,6/20/2024,6/21/2024,6/24/2024,0.194200,,,
2024-09-20,Vanguard FTSE All-World ex-US Small-Cap Index Fund Admiral Shares,922042593,VFSAX,9/19/2024,9/20/2024,9/23/2024,0.131400,,,
2025-06-20,Vanguard FTSE All-World ex-US Small-Cap Index Fund Admiral Shares,922042593,VFSAX,6/18/2025,6/20/2025,6/23/2025,0.169900,,,
2025-09-19,Vanguard FTSE All-World ex-US Small-Cap Index Fund Admiral Shares,922042593,VFSAX,9/18/2025,9/19/2025,9/22/2025,0.180400,,,
2021-03-31,Vanguard Short-Term Investment-Grade Fund Institutional Shares,922031877,VFSIX,3/31/2021,3/31/2021,4/1/2021,0.015757,,,
2021-06-30,Vanguard Short-Term Investment-Grade Fund Institutional Shares,922031877,VFSIX,6/30/2021,6/30/2021,7/1/2021,0.014455,,,
2021-09-30,Vanguard Short-Term Investment-Grade Fund Institutional Shares,922031877,VFSIX,9/30/2021,9/30/2021,10/1/2021,0.015755,,,
2022-06-17,Vanguard FTSE All-World ex-US Small-Cap Index Fund Institutional Shares,922042726,VFSNX,6/16/2022,6/17/2022,6/21/2022,0.694300,,,
2022-09-16,Vanguard FTSE All-World ex-US Small-Cap Index Fund Institutional Shares,922042726,VFSNX,9/15/2022,9/16/2022,9/19/2022,0.285800,,,
2023-06-16,Vanguard FTSE All-World ex-US Small-Cap Index Fund Institutional Shares,922042726,VFSNX,6/15/2023,6/16/2023,6/20/2023,1.869100,,,
2023-09-15,Vanguard FTSE All-World ex-US Small-Cap Index Fund Institutional Shares,922042726,VFSNX,9/14/2023,9/15/2023,9/18/2023,1.054000,,,
2024-06-21,Vanguard FTSE All-World ex-US Small-Cap Index Fund Institutional Shares,922042726,VFSNX,6/20/2024,6/21/2024,6/24/2024,1.560800,,,
2024-09-20,Vanguard FTSE All-World ex-US Small-Cap Index Fund Institutional Shares,922042726,VFSNX,9/19/2024,9/20/2024,9/23/2024,1.045400,,,
2025-06-20,Vanguard FTSE All-World ex-US Small-Cap Index Fund Institutional Shares,922042726,VFSNX,6/18/2025,6/20/2025,6/23/2025,1.380300,,,
2025-09-19,Vanguard FTSE All-World ex-US Small-Cap Index Fund Institutional Shares,922042726,VFSNX,9/18/2025,9/19/2025,9/22/2025,1.436300,,,
2021-03-31,Vanguard Short-Term Investment-Grade Fund Investor Shares,922031406,VFSTX,3/31/2021,3/31/2021,4/1/2021,0.014551,,,
2021-06-30,Vanguard Short-Term Investment-Grade Fund Investor Shares,922031406,VFSTX,6/30/2021,6/30/2021,7/1/2021,0.013284,,,
2021-09-30,Vanguard Short-Term Investment-Grade Fund Investor Shares,922031406,VFSTX,9/30/2021,9/30/2021,10/1/2021,0.014585,,,
2021-03-31,Vanguard Short-Term Investment-Grade Fund Admiral Shares,922031836,VFSUX,3/31/2021,3/31/2021,4/1/2021,0.015481,,,
2021-06-30,Vanguard Short-Term Investment-Grade Fund Admiral Shares,922031836,VFSUX,6/30/2021,6/30/2021,7/1/2021,0.014186,,,
2021-09-30,Vanguard Short-Term Investment-Grade Fund Admiral Shares,922031836,VFSUX,9/30/2021,9/30/2021,10/1/2021,0.015485,,,
2021-03-19,Vanguard FTSE Social Index Fund Admiral Shares,921910717,VFTAX,3/18/2021,3/19/2021,3/22/2021,0.089700,,,
2021-06-18,Vanguard FTSE Social Index Fund Admiral Shares,921910717,VFTAX,6/17/2021,6/18/2021,6/21/2021,0.098600,,,
2021-09-17,Vanguard FTSE Social Index Fund Admiral Shares,921910717,VFTAX,9/16/2021,9/17/2021,9/20/2021,0.108800,,,
2022-03-18,Vanguard FTSE Social Index Fund Admiral Shares,921910717,VFTAX,3/17/2022,3/18/2022,3/21/2022,0.094900,,,
2022-06-17,Vanguard FTSE Social Index Fund Admiral Shares,921910717,VFTAX,6/16/2022,6/17/2022,6/21/2022,0.105100,,,
2022-09-16,Vanguard FTSE Social Index Fund Admiral Shares,921910717,VFTAX,9/15/2022,9/16/2022,9/19/2022,0.125400,,,
2025-03-21,Vanguard FTSE Social Index Fund Admiral Shares,921910717,VFTAX,3/20/2025,3/21/2025,3/24/2025,0.135000,,,
2025-06-20,Vanguard FTSE Social Index Fund Admiral Shares,921910717,VFTAX,6/18/2025,6/20/2025,6/23/2025,0.132600,,,
2025-09-19,Vanguard FTSE Social Index Fund Admiral Shares,921910717,VFTAX,9/18/2025,9/19/2025,9/22/2025,0.146800,,,
2022-03-18,Vanguard FTSE Social Index Fund Institutional Shares,921910402,VFTNX,3/17/2022,3/18/2022,3/21/2022,0.069800,,,
2022-06-17,Vanguard FTSE Social Index Fund Institutional Shares,921910402,VFTNX,6/16/2022,6/17/2022,6/21/2022,0.076900,,,
2022-09-16,Vanguard FTSE Social Index Fund Institutional Shares,921910402,VFTNX,9/15/2022,9/16/2022,9/19/2022,0.091700,,,
2023-03-17,Vanguard FTSE Social Index Fund Institutional Shares,921910402,VFTNX,3/16/2023,3/17/2023,3/20/2023,0.074600,,,
2024-03-15,Vanguard FTSE Social Index Fund Institutional Shares,921910402,VFTNX,3/14/2024,3/15/2024,3/18/2024,0.087700,,,
2025-03-21,Vanguard FTSE Social Index Fund Institutional Shares,921910402,VFTNX,3/20/2025,3/21/2025,3/24/2025,0.101300,,,
2025-06-20,Vanguard FTSE Social Index Fund Institutional Shares,921910402,VFTNX,6/18/2025,6/20/2025,6/23/2025,0.101300,,,
2025-09-19,Vanguard FTSE Social Index Fund Institutional Shares,921910402,VFTNX,9/18/2025,9/19/2025,9/22/2025,0.112300,,,
2021-03-22,Vanguard U.S. Value Factor ETF,921935805,VFVA,3/23/2021,3/22/2021,3/25/2021,0.338900,,,
2021-06-29,Vanguard U.S. Value Factor ETF,921935805,VFVA,6/30/2021,6/29/2021,7/2/2021,0.408400,,,
2021-09-24,Vanguard U.S. Value Factor ETF,921935805,VFVA,9/27/2021,9/24/2021,9/29/2021,0.457300,,,
2022-03-21,Vanguard U.S. Value Factor ETF,921935805,VFVA,3/22/2022,3/21/2022,3/24/2022,0.433200,,,
2022-06-29,Vanguard U.S. Value Factor ETF,921935805,VFVA,6/30/2022,6/29/2022,7/5/2022,0.504300,,,
2022-09-23,Vanguard U.S. Value Factor ETF,921935805,VFVA,9/26/2022,9/23/2022,9/28/2022,0.568500,,,
2023-03-23,Vanguard U.S. Value Factor ETF,921935805,VFVA,3/24/2023,3/23/2023,3/28/2023,0.660600,,,
2023-06-23,Vanguard U.S. Value Factor ETF,921935805,VFVA,6/26/2023,6/23/2023,6/28/2023,0.764100,,,
2023-09-21,Vanguard U.S. Value Factor ETF,921935805,VFVA,9/22/2023,9/21/2023,9/26/2023,0.590300,,,
2021-03-19,Vanguard FTSE All-World ex-US Index Fund Admiral,921937736,VFWAX,3/18/2021,3/19/2021,3/22/2021,0.099200,,,
2021-06-18,Vanguard FTSE All-World ex-US Index Fund Admiral,921937736,VFWAX,6/17/2021,6/18/2021,6/21/2021,0.312500,,,
2021-09-17,Vanguard FTSE All-World ex-US Index Fund Admiral,921937736,VFWAX,9/16/2021,9/17/2021,9/20/2021,0.223200,,,
2022-03-18,Vanguard FTSE All-World ex-US Index Fund Admiral,921937736,VFWAX,3/17/2022,3/18/2022,3/21/2022,0.062200,,,
2022-06-17,Vanguard FTSE All-World ex-US Index Fund Admiral,921937736,VFWAX,6/16/2022,6/17/2022,6/21/2022,0.356100,,,
2022-09-16,Vanguard FTSE All-World ex-US Index Fund Admiral,921937736,VFWAX,9/15/2022,9/16/2022,9/19/2022,0.159300,,,
2023-03-17,Vanguard FTSE All-World ex-US Index Fund Admiral,921937736,VFWAX,3/16/2023,3/17/2023,3/20/2023,0.068300,,,
2023-06-16,Vanguard FTSE All-World ex-US Index Fund Admiral,921937736,VFWAX,6/15/2023,6/16/2023,6/20/2023,0.372900,,,
2023-09-15,Vanguard FTSE All-World ex-US Index Fund Admiral,921937736,VFWAX,9/14/2023,9/15/2023,9/18/2023,0.183100,,,
2021-03-19,Vanguard FTSE All-World ex-US Index Fund Institutional Plus Shares,922042635,VFWPX,3/18/2021,3/19/2021,3/22/2021,0.348700,,,
2021-06-18,Vanguard FTSE All-World ex-US Index Fund Institutional Plus Shares,922042635,VFWPX,6/17/2021,6/18/2021,6/21/2021,1.065500,,,
2021-09-17,Vanguard FTSE All-World ex-US Index Fund Institutional Plus Shares,922042635,VFWPX,9/16/2021,9/17/2021,9/20/2021,0.765800,,,
2022-03-18,Vanguard FTSE All-World ex-US Index Fund Institutional Plus Shares,922042635,VFWPX,3/17/2022,3/18/2022,3/21/2022,0.223800,,,
2022-06-17,Vanguard FTSE All-World ex-US Index Fund Institutional Plus Shares,922042635,VFWPX,6/16/2022,6/17/2022,6/21/2022,1.209200,,,
2022-09-16,Vanguard FTSE All-World ex-US Index Fund Institutional Plus Shares,922042635,VFWPX,9/15/2022,9/16/2022,9/19/2022,0.547800,,,
2023-03-17,Vanguard FTSE All-World ex-US Index Fund Institutional Plus Shares,922042635,VFWPX,3/16/2023,3/17/2023,3/20/2023,0.243000,,,
2023-06-16,Vanguard FTSE All-World ex-US Index Fund Institutional Plus Shares,922042635,VFWPX,6/15/2023,6/16/2023,6/20/2023,1.265900,,,
2023-09-15,Vanguard FTSE All-World ex-US Index Fund Institutional Plus Shares,922042635,VFWPX,9/14/2023,9/15/2023,9/18/2023,0.628900,,,
2021-03-19,Vanguard FTSE All-World ex-US Index Fund Institutional Shares,922042783,VFWSX,3/18/2021,3/19/2021,3/22/2021,0.323100,,,
2021-06-18,Vanguard FTSE All-World ex-US Index Fund Institutional Shares,922042783,VFWSX,6/17/2021,6/18/2021,6/21/2021,0.999700,,,
2021-09-17,Vanguard FTSE All-World ex-US Index Fund Institutional Shares,922042783,VFWSX,9/16/2021,9/17/2021,9/20/2021,0.717200,,,
2022-03-18,Vanguard FTSE All-World ex-US Index Fund Institutional Shares,922042783,VFWSX,3/17/2022,3/18/2022,3/21/2022,0.205900,,,
2022-06-17,Vanguard FTSE All-World ex-US Index Fund Institutional Shares,922042783,VFWSX,6/16/2022,6/17/2022,6/21/2022,1.136300,,,
2022-09-16,Vanguard FTSE All-World ex-US Index Fund Institutional Shares,922042783,VFWSX,9/15/2022,9/16/2022,9/19/2022,0.512600,,,
2023-03-17,Vanguard FTSE All-World ex-US Index Fund Institutional Shares,922042783,VFWSX,3/16/2023,3/17/2023,3/20/2023,0.224100,,,
2023-06-16,Vanguard FTSE All-World ex-US Index Fund Institutional Shares,922042783,VFWSX,6/15/2023,6/16/2023,6/20/2023,1.190100,,,
2023-09-15,Vanguard FTSE All-World ex-US Index Fund Institutional Shares,922042783,VFWSX,9/14/2023,9/15/2023,9/18/2023,0.588600,,,
2021-03-31,Vanguard Emerging Markets Government Bond Index Fund Admiral Shares,921946802,VGAVX,3/30/2021,3/31/2021,4/1/2021,0.068200,,,
2021-06-30,Vanguard Emerging Markets Government Bond Index Fund Admiral Shares,921946802,VGAVX,6/29/2021,6/30/2021,7/1/2021,0.068900,,,
2021-09-30,Vanguard Emerging Markets Government Bond Index Fund Admiral Shares,921946802,VGAVX,9/29/2021,9/30/2021,10/1/2021,0.068900,,,
2022-03-31,Vanguard Emerging Markets Government Bond Index Fund Admiral Shares,921946802,VGAVX,3/30/2022,3/31/2022,4/1/2022,0.067100,,,
2023-03-31,Vanguard Emerging Markets Government Bond Index Fund Admiral Shares,921946802,VGAVX,3/30/2023,3/31/2023,4/3/2023,0.072500,,,
2023-06-30,Vanguard Emerging Markets Government Bond Index Fund Admiral Shares,921946802,VGAVX,6/29/2023,6/30/2023,7/3/2023,0.073600,,,
2023-09-29,Vanguard Emerging Markets Government Bond Index Fund Admiral Shares,921946802,VGAVX,9/28/2023,9/29/2023,10/2/2023,0.074600,,,
2024-03-28,Vanguard Emerging Markets Government Bond Index Fund Admiral Shares,921946802,VGAVX,3/27/2024,3/28/2024,4/1/2024,0.079500,,,
2024-06-28,Vanguard Emerging Markets Government Bond Index Fund Admiral Shares,921946802,VGAVX,6/27/2024,6/28/2024,7/1/2024,0.079800,,,
2024-09-30,Vanguard Emerging Markets Government Bond Index Fund Admiral Shares,921946802,VGAVX,9/27/2024,9/30/2024,10/1/2024,0.080800,,,
2021-03-26,Vanguard Energy Fund Admiral Shares,921908802,VGELX,3/25/2021,3/26/2021,3/29/2021,0.138300,,,
2022-03-28,Vanguard Energy Fund Admiral Shares,921908802,VGELX,3/25/2022,3/28/2022,3/29/2022,0.144700,,,
2024-03-27,Vanguard Energy Fund Admiral Shares,921908802,VGELX,3/26/2024,3/27/2024,3/28/2024,0.115200,,3.252737,
2021-03-26,Vanguard Energy Fund Investor Shares,921908109,VGENX,3/25/2021,3/26/2021,3/29/2021,0.073200,,,
2022-03-28,Vanguard Energy Fund Investor Shares,921908109,VGENX,3/25/2022,3/28/2022,3/29/2022,0.069300,,,
2024-03-27,Vanguard Energy Fund Investor Shares,921908109,VGENX,3/26/2024,3/27/2024,3/28/2024,0.051700,,1.733350,
2022-03-28,Vanguard Health Care Fund Admiral Shares,921908885,VGHAX,3/25/2022,3/28/2022,3/29/2022,0.062900,,3.202300,
2023-03-28,Vanguard Health Care Fund Admiral Shares,921908885,VGHAX,3/27/2023,3/28/2023,3/29/2023,0.043900,,2.806354,
2024-03-27,Vanguard Health Care Fund Admiral Shares,921908885,VGHAX,3/26/2024,3/27/2024,3/28/2024,0.062000,0.467390,2.078911,
2022-03-28,Vanguard Health Care Fund Investor Shares,921908307,VGHCX,3/25/2022,3/28/2022,3/29/2022,0.123700,,7.593900,
2024-03-27,Vanguard Health Care Fund Investor Shares,921908307,VGHCX,3/26/2024,3/27/2024,3/28/2024,0.119000,1.108440,4.930242,
2021-06-18,Vanguard Growth and Income Fund Admiral Shares,921913208,VGIAX,6/17/2021,6/18/2021,6/21/2021,0.562800,,,
2022-06-17,Vanguard Growth and Income Fund Admiral Shares,921913208,VGIAX,6/16/2022,6/17/2022,6/21/2022,0.630900,,,
2023-06-22,Vanguard Growth and Income Fund Admiral Shares,921913208,VGIAX,6/21/2023,6/22/2023,6/23/2023,0.598400,,,
2024-06-27,Vanguard Growth and Income Fund Admiral Shares,921913208,VGIAX,6/26/2024,6/27/2024,6/28/2024,0.517200,,,
2021-03-31,Vanguard Emerging Markets Government Bond Index Fund Institutional Shares,921946703,VGIVX,3/30/2021,3/31/2021,4/1/2021,0.110000,,,
2021-06-30,Vanguard Emerging Markets Government Bond Index Fund Institutional Shares,921946703,VGIVX,6/29/2021,6/30/2021,7/1/2021,0.111000,,,
2021-09-30,Vanguard Emerging Markets Government Bond Index Fund Institutional Shares,921946703,VGIVX,9/29/2021,9/30/2021,10/1/2021,0.111400,,,
2023-03-31,Vanguard Emerging Markets Government Bond Index Fund Institutional Shares,921946703,VGIVX,3/30/2023,3/31/2023,4/3/2023,0.116900,,,
2023-06-30,Vanguard Emerging Markets Government Bond Index Fund Institutional Shares,921946703,VGIVX,6/29/2023,6/30/2023,7/3/2023,0.118500,,,
2023-09-29,Vanguard Emerging Markets Government Bond Index Fund Institutional Shares,921946703,VGIVX,9/28/2023,9/29/2023,10/2/2023,0.120200,,,
2024-03-28,Vanguard Emerging Markets Government Bond Index Fund Institutional Shares,921946703,VGIVX,3/27/2024,3/28/2024,4/1/2024,0.127900,,,
2024-06-28,Vanguard Emerging Markets Government Bond Index Fund Institutional Shares,921946703,VGIVX,6/27/2024,6/28/2024,7/1/2024,0.128400,,,
2024-09-30,Vanguard Emerging Markets Government Bond Index Fund Institutional Shares,921946703,VGIVX,9/27/2024,9/30/2024,10/1/2024,0.130400,,,
2023-03-20,Vanguard FTSE Europe ETF,922042874,VGK,3/21/2023,3/20/2023,3/23/2023,0.212500,,,
2023-06-20,Vanguard FTSE Europe ETF,922042874,VGK,6/21/2023,6/20/2023,6/23/2023,1.099000,,,
2023-09-18,Vanguard FTSE Europe ETF,922042874,VGK,9/19/2023,9/18/2023,9/21/2023,0.260600,,,
2021-03-26,Vanguard Global Capital Cycles Fund,921908208,VGPMX,3/25/2021,3/26/2021,3/29/2021,0.012600,,,
2022-03-28,Vanguard Global Capital Cycles Fund,921908208,VGPMX,3/25/2022,3/28/2022,3/29/2022,0.017100,,,
2023-03-28,Vanguard Global Capital Cycles Fund,921908208,VGPMX,3/27/2023,3/28/2023,3/29/2023,0.007200,,,
2024-03-27,Vanguard Global Capital Cycles Fund,921908208,VGPMX,3/26/2024,3/27/2024,3/28/2024,0.029700,,,
2021-09-23,Vanguard Global ex-U.S. Real Estate Index Fund Admiral Shares,922042668,VGRLX,9/22/2021,9/23/2021,9/24/2021,0.364300,,,
2021-09-23,Vanguard Global ex-U.S. Real Estate Index Fund Institutional Shares,922042684,VGRNX,9/22/2021,9/23/2021,9/24/2021,1.223100,,,
2021-06-28,Vanguard STAR Fund,921909107,VGSTX,6/25/2021,6/28/2021,6/29/2021,0.141000,,,
2022-06-28,Vanguard STAR Fund,921909107,VGSTX,6/27/2022,6/28/2022,6/29/2022,0.157400,,,
2023-06-28,Vanguard STAR Fund,921909107,VGSTX,6/27/2023,6/28/2023,6/29/2023,0.206800,,,
2024-06-28,Vanguard STAR Fund,921909107,VGSTX,6/27/2024,6/28/2024,7/1/2024,0.265900,,,
2021-03-19,Vanguard Total International Stock Index Fund Investor Shares,921909602,VGTSX,3/18/2021,3/19/2021,3/22/2021,0.045300,,,
2021-06-18,Vanguard Total International Stock Index Fund Investor Shares,921909602,VGTSX,6/17/2021,6/18/2021,6/21/2021,0.160800,,,
2021-09-17,Vanguard Total International Stock Index Fund Investor Shares,921909602,VGTSX,9/16/2021,9/17/2021,9/20/2021,0.108800,,,
2022-03-18,Vanguard Total International Stock Index Fund Investor Shares,921909602,VGTSX,3/17/2022,3/18/2022,3/21/2022,0.027200,,,
2022-06-17,Vanguard Total International Stock Index Fund Investor Shares,921909602,VGTSX,6/16/2022,6/17/2022,6/21/2022,0.184900,,,
2023-03-17,Vanguard Total International Stock Index Fund Investor Shares,921909602,VGTSX,3/16/2023,3/17/2023,3/20/2023,0.034300,,,
2023-06-16,Vanguard Total International Stock Index Fund Investor Shares,921909602,VGTSX,6/15/2023,6/16/2023,6/20/2023,0.194200,,,
2023-09-15,Vanguard Total International Stock Index Fund Investor Shares,921909602,VGTSX,9/14/2023,9/15/2023,9/18/2023,0.090400,,,
2024-03-15,Vanguard Total International Stock Index Fund Investor Shares,921909602,VGTSX,3/14/2024,3/15/2024,3/18/2024,0.067300,,,
2024-06-21,Vanguard Total International Stock Index Fund Investor Shares,921909602,VGTSX,6/20/2024,6/21/2024,6/24/2024,0.150300,,,
2024-09-20,Vanguard Total International Stock Index Fund Investor Shares,921909602,VGTSX,9/19/2024,9/20/2024,9/23/2024,0.082600,,,
2025-03-21,Vanguard Total International Stock Index Fund Investor Shares,921909602,VGTSX,3/20/2025,3/21/2025,3/24/2025,0.055900,,,
2025-06-20,Vanguard Total International Stock Index Fund Investor Shares,921909602,VGTSX,6/18/2025,6/20/2025,6/23/2025,0.149800,,,
2025-09-19,Vanguard Total International Stock Index Fund Investor Shares,921909602,VGTSX,9/18/2025,9/19/2025,9/22/2025,0.108800,,,
2025-06-02,Vanguard Ultra-Short Treasury ETF,922040852,VGUS,6/2/2025,6/2/2025,6/4/2025,0.243200,,,
2025-09-02,Vanguard Ultra-Short Treasury ETF,922040852,VGUS,9/2/2025,9/2/2025,9/4/2025,0.240300,,,
2021-03-25,Vanguard Global Wellington Fund Admiral Shares,921910766,VGWAX,3/24/2021,3/25/2021,3/26/2021,0.108100,,,
2021-06-28,Vanguard Global Wellington Fund Admiral Shares,921910766,VGWAX,6/25/2021,6/28/2021,6/29/2021,0.167000,,,
2021-09-28,Vanguard Global Wellington Fund Admiral Shares,921910766,VGWAX,9/27/2021,9/28/2021,9/29/2021,0.181400,,,
2022-03-23,Vanguard Global Wellington Fund Admiral Shares,921910766,VGWAX,3/22/2022,3/23/2022,3/24/2022,0.117600,,,
2022-06-28,Vanguard Global Wellington Fund Admiral Shares,921910766,VGWAX,6/27/2022,6/28/2022,6/29/2022,0.169900,,,
2022-09-27,Vanguard Global Wellington Fund Admiral Shares,921910766,VGWAX,9/26/2022,9/27/2022,9/28/2022,0.132400,,,
2023-03-17,Vanguard Global Wellington Fund Admiral Shares,921910766,VGWAX,3/16/2023,3/17/2023,3/20/2023,0.162400,,,
2023-06-16,Vanguard Global Wellington Fund Admiral Shares,921910766,VGWAX,6/15/2023,6/16/2023,6/20/2023,0.266400,,,
2023-09-15,Vanguard Global Wellington Fund Admiral Shares,921910766,VGWAX,9/14/2023,9/15/2023,9/18/2023,0.172100,,,
2024-03-15,Vanguard Global Wellington Fund Admiral Shares,921910766,VGWAX,3/14/2024,3/15/2024,3/18/2024,0.245500,,,
2024-06-21,Vanguard Global Wellington Fund Admiral Shares,921910766,VGWAX,6/20/2024,6/21/2024,6/24/2024,0.295500,,,
2024-09-20,Vanguard Global Wellington Fund Admiral Shares,921910766,VGWAX,9/19/2024,9/20/2024,9/23/2024,0.277800,,,
2021-03-25,Vanguard Global Wellesley Income Fund Investor Shares,921910758,VGWIX,3/24/2021,3/25/2021,3/26/2021,0.092600,,,
2021-06-28,Vanguard Global Wellesley Income Fund Investor Shares,921910758,VGWIX,6/25/2021,6/28/2021,6/29/2021,0.123400,,,
2021-09-28,Vanguard Global Wellesley Income Fund Investor Shares,921910758,VGWIX,9/27/2021,9/28/2021,9/29/2021,0.177300,,,
2022-03-23,Vanguard Global Wellesley Income Fund Investor Shares,921910758,VGWIX,3/22/2022,3/23/2022,3/24/2022,0.090600,,,
2022-06-28,Vanguard Global Wellesley Income Fund Investor Shares,921910758,VGWIX,6/27/2022,6/28/2022,6/29/2022,0.067600,,,
2022-09-27,Vanguard Global Wellesley Income Fund Investor Shares,921910758,VGWIX,9/26/2022,9/27/2022,9/28/2022,0.035300,,,
2023-03-17,Vanguard Global Wellesley Income Fund Investor Shares,921910758,VGWIX,3/16/2023,3/17/2023,3/20/2023,0.136800,,,
2023-06-16,Vanguard Global Wellesley Income Fund Investor Shares,921910758,VGWIX,6/15/2023,6/16/2023,6/20/2023,0.199800,,,
2023-09-15,Vanguard Global Wellesley Income Fund Investor Shares,921910758,VGWIX,9/14/2023,9/15/2023,9/18/2023,0.118900,,,
2024-03-15,Vanguard Global Wellesley Income Fund Investor Shares,921910758,VGWIX,3/14/2024,3/15/2024,3/18/2024,0.191700,,,
2024-06-21,Vanguard Global Wellesley Income Fund Investor Shares,921910758,VGWIX,6/20/2024,6/21/2024,6/24/2024,0.219000,,,
2024-09-20,Vanguard Global Wellesley Income Fund Investor Shares,921910758,VGWIX,9/19/2024,9/20/2024,9/23/2024,0.205000,,,
2021-03-25,Vanguard Global Wellington Fund Investor Shares,921910774,VGWLX,3/24/2021,3/25/2021,3/26/2021,0.080100,,,
2021-06-28,Vanguard Global Wellington Fund Investor Shares,921910774,VGWLX,6/25/2021,6/28/2021,6/29/2021,0.123700,,,
2021-09-28,Vanguard Global Wellington Fund Investor Shares,921910774,VGWLX,9/27/2021,9/28/2021,9/29/2021,0.134700,,,
2022-03-23,Vanguard Global Wellington Fund Investor Shares,921910774,VGWLX,3/22/2022,3/23/2022,3/24/2022,0.085600,,,
2022-06-28,Vanguard Global Wellington Fund Investor Shares,921910774,VGWLX,6/27/2022,6/28/2022,6/29/2022,0.127500,,,
2022-09-27,Vanguard Global Wellington Fund Investor Shares,921910774,VGWLX,9/26/2022,9/27/2022,9/28/2022,0.098300,,,
2023-03-17,Vanguard Global Wellington Fund Investor Shares,921910774,VGWLX,3/16/2023,3/17/2023,3/20/2023,0.122200,,,
2023-06-16,Vanguard Global Wellington Fund Investor Shares,921910774,VGWLX,6/15/2023,6/16/2023,6/20/2023,0.205200,,,
2023-09-15,Vanguard Global Wellington Fund Investor Shares,921910774,VGWLX,9/14/2023,9/15/2023,9/18/2023,0.129900,,,
2024-03-15,Vanguard Global Wellington Fund Investor Shares,921910774,VGWLX,3/14/2024,3/15/2024,3/18/2024,0.188500,,,
2024-06-21,Vanguard Global Wellington Fund Investor Shares,921910774,VGWLX,6/20/2024,6/21/2024,6/24/2024,0.227100,,,
2024-09-20,Vanguard Global Wellington Fund Investor Shares,921910774,VGWLX,9/19/2024,9/20/2024,9/23/2024,0.213600,,,
2021-03-25,Vanguard Global Wellesley Income Fund Admiral Shares,921910741,VGYAX,3/24/2021,3/25/2021,3/26/2021,0.122900,,,
2021-06-28,Vanguard Global Wellesley Income Fund Admiral Shares,921910741,VGYAX,6/25/2021,6/28/2021,6/29/2021,0.165300,,,
2021-09-28,Vanguard Global Wellesley Income Fund Admiral Shares,921910741,VGYAX,9/27/2021,9/28/2021,9/29/2021,0.233000,,,
2022-03-23,Vanguard Global Wellesley Income Fund Admiral Shares,921910741,VGYAX,3/22/2022,3/23/2022,3/24/2022,0.122300,,,
2022-06-28,Vanguard Global Wellesley Income Fund Admiral Shares,921910741,VGYAX,6/27/2022,6/28/2022,6/29/2022,0.093500,,,
2022-09-27,Vanguard Global Wellesley Income Fund Admiral Shares,921910741,VGYAX,9/26/2022,9/27/2022,9/28/2022,0.052300,,,
2023-03-17,Vanguard Global Wellesley Income Fund Admiral Shares,921910741,VGYAX,3/16/2023,3/17/2023,3/20/2023,0.179400,,,
2023-06-16,Vanguard Global Wellesley Income Fund Admiral Shares,921910741,VGYAX,6/15/2023,6/16/2023,6/20/2023,0.258400,,,
2023-09-15,Vanguard Global Wellesley Income Fund Admiral Shares,921910741,VGYAX,9/14/2023,9/15/2023,9/18/2023,0.157000,,,
2024-03-15,Vanguard Global Wellesley Income Fund Admiral Shares,921910741,VGYAX,3/14/2024,3/15/2024,3/18/2024,0.248300,,,
2024-06-21,Vanguard Global Wellesley Income Fund Admiral Shares,921910741,VGYAX,6/20/2024,6/21/2024,6/24/2024,0.283200,,,
2024-09-20,Vanguard Global Wellesley Income Fund Admiral Shares,921910741,VGYAX,9/19/2024,9/20/2024,9/23/2024,0.265000,,,
2021-03-19,Vanguard High Dividend Yield Admiral Shares,921946786,VHYAX,3/18/2021,3/19/2021,3/22/2021,0.196500,,,
2021-06-18,Vanguard High Dividend Yield Admiral Shares,921946786,VHYAX,6/17/2021,6/18/2021,6/21/2021,0.225300,,,
2021-09-17,Vanguard High Dividend Yield Admiral Shares,921946786,VHYAX,9/16/2021,9/17/2021,9/20/2021,0.224300,,,
2023-03-17,Vanguard High Dividend Yield Admiral Shares,921946786,VHYAX,3/16/2023,3/17/2023,3/20/2023,0.214600,,,
2023-06-16,Vanguard High Dividend Yield Admiral Shares,921946786,VHYAX,6/15/2023,6/16/2023,6/20/2023,0.262700,,,
2023-09-15,Vanguard High Dividend Yield Admiral Shares,921946786,VHYAX,9/14/2023,9/15/2023,9/18/2023,0.234900,,,
2024-03-15,Vanguard High Dividend Yield Admiral Shares,921946786,VHYAX,3/14/2024,3/15/2024,3/18/2024,0.195800,,,
2024-06-21,Vanguard High Dividend Yield Admiral Shares,921946786,VHYAX,6/20/2024,6/21/2024,6/24/2024,0.306800,,,
2024-09-20,Vanguard High Dividend Yield Admiral Shares,921946786,VHYAX,9/19/2024,9/20/2024,9/23/2024,0.254700,,,
2025-03-21,Vanguard High Dividend Yield Admiral Shares,921946786,VHYAX,3/20/2025,3/21/2025,3/24/2025,0.254200,,,
2025-06-20,Vanguard High Dividend Yield Admiral Shares,921946786,VHYAX,6/18/2025,6/20/2025,6/23/2025,0.258000,,,
2025-09-19,Vanguard High Dividend Yield Admiral Shares,921946786,VHYAX,9/18/2025,9/19/2025,9/22/2025,0.251700,,,
2021-03-19,Vanguard International Dividend Appreciation Index Fund Admiral Shares,921946844,VIAAX,3/18/2021,3/19/2021,3/22/2021,0.015400,,,
2021-06-18,Vanguard International Dividend Appreciation Index Fund Admiral Shares,921946844,VIAAX,6/17/2021,6/18/2021,6/21/2021,0.206000,,,
2021-09-17,Vanguard International Dividend Appreciation Index Fund Admiral Shares,921946844,VIAAX,9/16/2021,9/17/2021,9/20/2021,0.065600,,,
2022-03-18,Vanguard International Dividend Appreciation Index Fund Admiral Shares,921946844,VIAAX,3/17/2022,3/18/2022,3/21/2022,0.112700,,,
2022-06-17,Vanguard International Dividend Appreciation Index Fund Admiral Shares,921946844,VIAAX,6/16/2022,6/17/2022,6/21/2022,0.284100,,,
2022-09-16,Vanguard International Dividend Appreciation Index Fund Admiral Shares,921946844,VIAAX,9/15/2022,9/16/2022,9/19/2022,0.082400,,,
2023-03-17,Vanguard International Dividend Appreciation Index Fund Admiral Shares,921946844,VIAAX,3/16/2023,3/17/2023,3/20/2023,0.154300,,,
2023-06-16,Vanguard International Dividend Appreciation Index Fund Admiral Shares,921946844,VIAAX,6/15/2023,6/16/2023,6/20/2023,0.315700,,,
2023-09-15,Vanguard International Dividend Appreciation Index Fund Admiral Shares,921946844,VIAAX,9/14/2023,9/15/2023,9/18/2023,0.087600,,,
2024-03-15,Vanguard International Dividend Appreciation Index Fund Admiral Shares,921946844,VIAAX,3/14/2024,3/15/2024,3/18/2024,0.210200,,,
2024-06-21,Vanguard International Dividend Appreciation Index Fund Admiral Shares,921946844,VIAAX,6/20/2024,6/21/2024,6/24/2024,0.259900,,,
2024-09-20,Vanguard International Dividend Appreciation Index Fund Admiral Shares,921946844,VIAAX,9/19/2024,9/20/2024,9/23/2024,0.150600,,,
2025-03-21,Vanguard International Dividend Appreciation Index Fund Admiral Shares,921946844,VIAAX,3/20/2025,3/21/2025,3/24/2025,0.251000,,,
2025-06-20,Vanguard International Dividend Appreciation Index Fund Admiral Shares,921946844,VIAAX,6/18/2025,6/20/2025,6/23/2025,0.257700,,,
2025-09-19,Vanguard International Dividend Appreciation Index Fund Admiral Shares,921946844,VIAAX,9/18/2025,9/19/2025,9/22/2025,0.170100,,,
2021-03-24,Vanguard Extended Market Index Fund Institutional Shares,922908884,VIEIX,3/23/2021,3/24/2021,3/25/2021,0.463600,,,
2021-06-23,Vanguard Extended Market Index Fund Institutional Shares,922908884,VIEIX,6/22/2021,6/23/2021,6/24/2021,0.330700,,,
2021-09-23,Vanguard Extended Market Index Fund Institutional Shares,922908884,VIEIX,9/22/2021,9/23/2021,9/24/2021,0.206100,,,
2022-03-22,Vanguard Extended Market Index Fund Institutional Shares,922908884,VIEIX,3/21/2022,3/22/2022,3/23/2022,0.115600,,,
2022-06-22,Vanguard Extended Market Index Fund Institutional Shares,922908884,VIEIX,6/21/2022,6/22/2022,6/23/2022,0.188900,,,
2022-09-22,Vanguard Extended Market Index Fund Institutional Shares,922908884,VIEIX,9/21/2022,9/22/2022,9/23/2022,0.347200,,,
2023-03-23,Vanguard Extended Market Index Fund Institutional Shares,922908884,VIEIX,3/22/2023,3/23/2023,3/24/2023,0.331500,,,
2023-06-28,Vanguard Extended Market Index Fund Institutional Shares,922908884,VIEIX,6/27/2023,6/28/2023,6/29/2023,0.380000,,,
2023-09-27,Vanguard Extended Market Index Fund Institutional Shares,922908884,VIEIX,9/26/2023,9/27/2023,9/28/2023,0.361600,,,
2021-03-22,Vanguard Dividend Appreciation ETF,921908844,VIG,3/23/2021,3/22/2021,3/25/2021,0.513100,,,
2021-06-21,Vanguard Dividend Appreciation ETF,921908844,VIG,6/22/2021,6/21/2021,6/24/2021,0.675000,,,
2021-09-20,Vanguard Dividend Appreciation ETF,921908844,VIG,9/21/2021,9/20/2021,9/23/2021,0.699500,,,
2022-03-21,Vanguard Dividend Appreciation ETF,921908844,VIG,3/22/2022,3/21/2022,3/24/2022,0.693900,,,
2023-03-24,Vanguard Dividend Appreciation ETF,921908844,VIG,3/27/2023,3/24/2023,3/29/2023,0.748900,,,
2023-06-29,Vanguard Dividend Appreciation ETF,921908844,VIG,6/30/2023,6/29/2023,7/5/2023,0.773100,,,
2023-09-28,Vanguard Dividend Appreciation ETF,921908844,VIG,9/29/2023,9/28/2023,10/3/2023,0.770500,,,
2024-03-22,Vanguard Dividend Appreciation ETF,921908844,VIG,3/25/2024,3/22/2024,3/27/2024,0.769200,,,
2024-06-28,Vanguard Dividend Appreciation ETF,921908844,VIG,6/28/2024,6/28/2024,7/2/2024,0.899200,,,
2024-09-27,Vanguard Dividend Appreciation ETF,921908844,VIG,9/27/2024,9/27/2024,10/1/2024,0.835100,,,
2025-03-27,Vanguard Dividend Appreciation ETF,921908844,VIG,3/27/2025,3/27/2025,3/31/2025,0.937700,,,
2025-06-30,Vanguard Dividend Appreciation ETF,921908844,VIG,6/30/2025,6/30/2025,7/2/2025,0.871200,,,
2025-09-29,Vanguard Dividend Appreciation ETF,921908844,VIG,9/29/2025,9/29/2025,10/1/2025,0.864700,,,
2021-03-24,Vanguard Growth Index Fund Admiral Shares,922908660,VIGAX,3/23/2021,3/24/2021,3/25/2021,0.192700,,,
2021-06-23,Vanguard Growth Index Fund Admiral Shares,922908660,VIGAX,6/22/2021,6/23/2021,6/24/2021,0.188700,,,
2021-09-23,Vanguard Growth Index Fund Admiral Shares,922908660,VIGAX,9/22/2021,9/23/2021,9/24/2021,0.159000,,,
2022-03-22,Vanguard Growth Index Fund Admiral Shares,922908660,VIGAX,3/21/2022,3/22/2022,3/23/2022,0.150900,,,
2022-06-22,Vanguard Growth Index Fund Admiral Shares,922908660,VIGAX,6/21/2022,6/22/2022,6/23/2022,0.161500,,,
2022-09-22,Vanguard Growth Index Fund Admiral Shares,922908660,VIGAX,9/21/2022,9/22/2022,9/23/2022,0.217800,,,
2023-03-22,Vanguard Growth Index Fund Admiral Shares,922908660,VIGAX,3/21/2023,3/22/2023,3/23/2023,0.218000,,,
2023-06-22,Vanguard Growth Index Fund Admiral Shares,922908660,VIGAX,6/21/2023,6/22/2023,6/23/2023,0.208900,,,
2023-09-20,Vanguard Growth Index Fund Admiral Shares,922908660,VIGAX,9/19/2023,9/20/2023,9/21/2023,0.189900,,,
2024-03-21,Vanguard Growth Index Fund Admiral Shares,922908660,VIGAX,3/20/2024,3/21/2024,3/22/2024,0.236500,,,
2024-06-27,Vanguard Growth Index Fund Admiral Shares,922908660,VIGAX,6/26/2024,6/27/2024,6/28/2024,0.229900,,,
2024-09-26,Vanguard Growth Index Fund Admiral Shares,922908660,VIGAX,9/25/2024,9/26/2024,9/27/2024,0.229200,,,
2025-03-27,Vanguard Growth Index Fund Admiral Shares,922908660,VIGAX,3/26/2025,3/27/2025,3/28/2025,0.251600,,,
2025-06-30,Vanguard Growth Index Fund Admiral Shares,922908660,VIGAX,6/27/2025,6/30/2025,7/1/2025,0.254400,,,
2025-09-29,Vanguard Growth Index Fund Admiral Shares,922908660,VIGAX,9/26/2025,9/29/2025,9/30/2025,0.254800,,,
2022-03-21,Vanguard International Dividend Appreciation ETF,921946810,VIGI,3/22/2022,3/21/2022,3/24/2022,0.234000,,,
2022-06-21,Vanguard International Dividend Appreciation ETF,921946810,VIGI,6/22/2022,6/21/2022,6/24/2022,0.585400,,,
2022-09-19,Vanguard International Dividend Appreciation ETF,921946810,VIGI,9/20/2022,9/19/2022,9/22/2022,0.171800,,,
2023-03-20,Vanguard International Dividend Appreciation ETF,921946810,VIGI,3/21/2023,3/20/2023,3/23/2023,0.318900,,,
2023-06-20,Vanguard International Dividend Appreciation ETF,921946810,VIGI,6/21/2023,6/20/2023,6/23/2023,0.650900,,,
2023-09-18,Vanguard International Dividend Appreciation ETF,921946810,VIGI,9/19/2023,9/18/2023,9/21/2023,0.182200,,,
2024-03-15,Vanguard International Dividend Appreciation ETF,921946810,VIGI,3/18/2024,3/15/2024,3/20/2024,0.433800,,,
2024-06-21,Vanguard International Dividend Appreciation ETF,921946810,VIGI,6/21/2024,6/21/2024,6/25/2024,0.536300,,,
2024-09-20,Vanguard International Dividend Appreciation ETF,921946810,VIGI,9/20/2024,9/20/2024,9/24/2024,0.311600,,,
2025-03-21,Vanguard International Dividend Appreciation ETF,921946810,VIGI,3/21/2025,3/21/2025,3/25/2025,0.523200,,,
2025-06-20,Vanguard International Dividend Appreciation ETF,921946810,VIGI,6/20/2025,6/20/2025,6/24/2025,0.541800,,,
2025-09-19,Vanguard International Dividend Appreciation ETF,921946810,VIGI,9/19/2025,9/19/2025,9/23/2025,0.362700,,,
2021-03-24,Vanguard Growth Index Fund Institutional Shares,922908868,VIGIX,3/23/2021,3/24/2021,3/25/2021,0.196000,,,
2021-06-23,Vanguard Growth Index Fund Institutional Shares,922908868,VIGIX,6/22/2021,6/23/2021,6/24/2021,0.192100,,,
2021-09-23,Vanguard Growth Index Fund Institutional Shares,922908868,VIGIX,9/22/2021,9/23/2021,9/24/2021,0.162800,,,
2022-03-22,Vanguard Growth Index Fund Institutional Shares,922908868,VIGIX,3/21/2022,3/22/2022,3/23/2022,0.154400,,,
2022-06-22,Vanguard Growth Index Fund Institutional Shares,922908868,VIGIX,6/21/2022,6/22/2022,6/23/2022,0.164900,,,
2022-09-22,Vanguard Growth Index Fund Institutional Shares,922908868,VIGIX,9/21/2022,9/22/2022,9/23/2022,0.221100,,,
2023-03-22,Vanguard Growth Index Fund Institutional Shares,922908868,VIGIX,3/21/2023,3/22/2023,3/23/2023,0.221000,,,
2023-06-22,Vanguard Growth Index Fund Institutional Shares,922908868,VIGIX,6/21/2023,6/22/2023,6/23/2023,0.212200,,,
2023-09-20,Vanguard Growth Index Fund Institutional Shares,922908868,VIGIX,9/19/2023,9/20/2023,9/21/2023,0.193500,,,
2024-03-21,Vanguard Growth Index Fund Institutional Shares,922908868,VIGIX,3/20/2024,3/21/2024,3/22/2024,0.240700,,,
2024-06-27,Vanguard Growth Index Fund Institutional Shares,922908868,VIGIX,6/26/2024,6/27/2024,6/28/2024,0.234700,,,
2024-09-26,Vanguard Growth Index Fund Institutional Shares,922908868,VIGIX,9/25/2024,9/26/2024,9/27/2024,0.234000,,,
2025-03-27,Vanguard Growth Index Fund Institutional Shares,922908868,VIGIX,3/26/2025,3/27/2025,3/28/2025,0.257400,,,
2025-06-30,Vanguard Growth Index Fund Institutional Shares,922908868,VIGIX,6/27/2025,6/30/2025,7/1/2025,0.259500,,,
2025-09-29,Vanguard Growth Index Fund Institutional Shares,922908868,VIGIX,9/26/2025,9/29/2025,9/30/2025,0.260600,,,
2022-03-22,Vanguard Growth Index Fund Investor Shares,922908504,VIGRX,3/21/2022,3/22/2022,3/23/2022,0.105900,,,
2022-06-22,Vanguard Growth Index Fund Investor Shares,922908504,VIGRX,6/21/2022,6/22/2022,6/23/2022,0.120200,,,
2022-09-22,Vanguard Growth Index Fund Investor Shares,922908504,VIGRX,9/21/2022,9/22/2022,9/23/2022,0.178400,,,
2023-03-22,Vanguard Growth Index Fund Investor Shares,922908504,VIGRX,3/21/2023,3/22/2023,3/23/2023,0.182200,,,
2023-06-22,Vanguard Growth Index Fund Investor Shares,922908504,VIGRX,6/21/2023,6/22/2023,6/23/2023,0.168600,,,
2023-09-20,Vanguard Growth Index Fund Investor Shares,922908504,VIGRX,9/19/2023,9/20/2023,9/21/2023,0.146800,,,
2024-03-21,Vanguard Growth Index Fund Investor Shares,922908504,VIGRX,3/20/2024,3/21/2024,3/22/2024,0.185800,,,
2024-06-27,Vanguard Growth Index Fund Investor Shares,922908504,VIGRX,6/26/2024,6/27/2024,6/28/2024,0.171600,,,
2024-09-26,Vanguard Growth Index Fund Investor Shares,922908504,VIGRX,9/25/2024,9/26/2024,9/27/2024,0.171200,,,
2025-03-27,Vanguard Growth Index Fund Investor Shares,922908504,VIGRX,3/26/2025,3/27/2025,3/28/2025,0.182100,,,
2025-06-30,Vanguard Growth Index Fund Investor Shares,922908504,VIGRX,6/27/2025,6/30/2025,7/1/2025,0.191900,,,
2025-09-29,Vanguard Growth Index Fund Investor Shares,922908504,VIGRX,9/26/2025,9/29/2025,9/30/2025,0.184000,,,
2021-03-19,Vanguard International High Dividend Yield Index Fund Admiral Shares,921946828,VIHAX,3/18/2021,3/19/2021,3/22/2021,0.173800,,,
2021-06-18,Vanguard International High Dividend Yield Index Fund Admiral Shares,921946828,VIHAX,6/17/2021,6/18/2021,6/21/2021,0.402700,,,
2021-09-17,Vanguard International High Dividend Yield Index Fund Admiral Shares,921946828,VIHAX,9/16/2021,9/17/2021,9/20/2021,0.354100,,,
2022-03-18,Vanguard International High Dividend Yield Index Fund Admiral Shares,921946828,VIHAX,3/17/2022,3/18/2022,3/21/2022,0.150700,,,
2022-06-17,Vanguard International High Dividend Yield Index Fund Admiral Shares,921946828,VIHAX,6/16/2022,6/17/2022,6/21/2022,0.540800,,,
2022-09-16,Vanguard International High Dividend Yield Index Fund Admiral Shares,921946828,VIHAX,9/15/2022,9/16/2022,9/19/2022,0.342600,,,
2023-03-17,Vanguard International High Dividend Yield Index Fund Admiral Shares,921946828,VIHAX,3/16/2023,3/17/2023,3/20/2023,0.151400,,,
2023-06-16,Vanguard International High Dividend Yield Index Fund Admiral Shares,921946828,VIHAX,6/15/2023,6/16/2023,6/20/2023,0.574800,,,
2023-09-15,Vanguard International High Dividend Yield Index Fund Admiral Shares,921946828,VIHAX,9/14/2023,9/15/2023,9/18/2023,0.330600,,,
2024-03-15,Vanguard International High Dividend Yield Index Fund Admiral Shares,921946828,VIHAX,3/14/2024,3/15/2024,3/18/2024,0.298500,,,
2024-06-21,Vanguard International High Dividend Yield Index Fund Admiral Shares,921946828,VIHAX,6/20/2024,6/21/2024,6/24/2024,0.488900,,,
2024-09-20,Vanguard International High Dividend Yield Index Fund Admiral Shares,921946828,VIHAX,9/19/2024,9/20/2024,9/23/2024,0.337800,,,
2021-03-24,Vanguard Institutional Index Fund Institutional Plus Shares,922040209,VIIIX,3/23/2021,3/24/2021,3/25/2021,1.264700,0.155700,3.427500,
2021-06-23,Vanguard Institutional Index Fund Institutional Plus Shares,922040209,VIIIX,6/22/2021,6/23/2021,6/24/2021,1.244200,,,
2022-03-22,Vanguard Institutional Index Fund Institutional Plus Shares,922040209,VIIIX,3/21/2022,3/22/2022,3/23/2022,1.287200,0.051100,1.997000,
2022-06-22,Vanguard Institutional Index Fund Institutional Plus Shares,922040209,VIIIX,6/21/2022,6/22/2022,6/23/2022,1.337700,,,
2022-09-22,Vanguard Institutional Index Fund Institutional Plus Shares,922040209,VIIIX,9/21/2022,9/22/2022,9/23/2022,1.417900,,,
2023-03-23,Vanguard Institutional Index Fund Institutional Plus Shares,922040209,VIIIX,3/22/2023,3/23/2023,3/24/2023,1.393500,,1.261645,
2023-06-28,Vanguard Institutional Index Fund Institutional Plus Shares,922040209,VIIIX,6/27/2023,6/28/2023,6/29/2023,1.457800,,,
2023-09-27,Vanguard Institutional Index Fund Institutional Plus Shares,922040209,VIIIX,9/26/2023,9/27/2023,9/28/2023,1.361600,,,
2021-03-31,Vanguard Institutional Intermediate-Term Bond Fund,922020854,VIITX,3/30/2021,3/31/2021,4/1/2021,0.027800,,,
2021-06-30,Vanguard Institutional Intermediate-Term Bond Fund,922020854,VIITX,6/29/2021,6/30/2021,7/1/2021,0.021500,,,
2021-09-30,Vanguard Institutional Intermediate-Term Bond Fund,922020854,VIITX,9/29/2021,9/30/2021,10/1/2021,0.020200,,,
2022-06-30,Vanguard Institutional Intermediate-Term Bond Fund,922020854,VIITX,6/29/2022,6/30/2022,7/1/2022,0.031300,,,
2022-09-30,Vanguard Institutional Intermediate-Term Bond Fund,922020854,VIITX,9/29/2022,9/30/2022,10/3/2022,0.042900,,,
2023-03-31,Vanguard Institutional Intermediate-Term Bond Fund,922020854,VIITX,3/30/2023,3/31/2023,4/3/2023,0.058800,,,
2023-06-30,Vanguard Institutional Intermediate-Term Bond Fund,922020854,VIITX,6/29/2023,6/30/2023,7/3/2023,0.063300,,,
2023-09-29,Vanguard Institutional Intermediate-Term Bond Fund,922020854,VIITX,9/28/2023,9/29/2023,10/2/2023,0.066600,,,
2024-03-28,Vanguard Institutional Intermediate-Term Bond Fund,922020854,VIITX,3/27/2024,3/28/2024,4/1/2024,0.075900,,,
2024-06-28,Vanguard Institutional Intermediate-Term Bond Fund,922020854,VIITX,6/27/2024,6/28/2024,7/1/2024,0.076600,,,
2024-09-30,Vanguard Institutional Intermediate-Term Bond Fund,922020854,VIITX,9/27/2024,9/30/2024,10/1/2024,0.075900,,,
2021-03-24,Vanguard Mid-Cap Index Fund Admiral Shares,922908645,VIMAX,3/23/2021,3/24/2021,3/25/2021,0.774900,,,
2021-06-23,Vanguard Mid-Cap Index Fund Admiral Shares,922908645,VIMAX,6/22/2021,6/23/2021,6/24/2021,0.849300,,,
2021-09-23,Vanguard Mid-Cap Index Fund Admiral Shares,922908645,VIMAX,9/22/2021,9/23/2021,9/24/2021,0.759000,,,
2022-03-22,Vanguard Mid-Cap Index Fund Admiral Shares,922908645,VIMAX,3/21/2022,3/22/2022,3/23/2022,0.922100,,,
2022-06-22,Vanguard Mid-Cap Index Fund Admiral Shares,922908645,VIMAX,6/21/2022,6/22/2022,6/23/2022,0.723800,,,
2022-09-22,Vanguard Mid-Cap Index Fund Admiral Shares,922908645,VIMAX,9/21/2022,9/22/2022,9/23/2022,0.990400,,,
2023-09-20,Vanguard Mid-Cap Index Fund Admiral Shares,922908645,VIMAX,9/19/2023,9/20/2023,9/21/2023,0.956600,,,
2024-03-21,Vanguard Mid-Cap Index Fund Admiral Shares,922908645,VIMAX,3/20/2024,3/21/2024,3/22/2024,1.198500,,,
2024-06-27,Vanguard Mid-Cap Index Fund Admiral Shares,922908645,VIMAX,6/26/2024,6/27/2024,6/28/2024,1.142500,,,
2024-09-26,Vanguard Mid-Cap Index Fund Admiral Shares,922908645,VIMAX,9/25/2024,9/26/2024,9/27/2024,1.165600,,,
2025-03-27,Vanguard Mid-Cap Index Fund Admiral Shares,922908645,VIMAX,3/26/2025,3/27/2025,3/28/2025,1.436500,,,
2025-06-30,Vanguard Mid-Cap Index Fund Admiral Shares,922908645,VIMAX,6/27/2025,6/30/2025,7/1/2025,1.318400,,,
2025-09-29,Vanguard Mid-Cap Index Fund Admiral Shares,922908645,VIMAX,9/26/2025,9/29/2025,9/30/2025,1.271500,,,
2021-03-24,Vanguard Mid-Cap Index Fund Investor Shares,922908843,VIMSX,3/23/2021,3/24/2021,3/25/2021,0.153200,,,
2021-06-23,Vanguard Mid-Cap Index Fund Investor Shares,922908843,VIMSX,6/22/2021,6/23/2021,6/24/2021,0.167900,,,
2021-09-23,Vanguard Mid-Cap Index Fund Investor Shares,922908843,VIMSX,9/22/2021,9/23/2021,9/24/2021,0.147100,,,
2022-03-22,Vanguard Mid-Cap Index Fund Investor Shares,922908843,VIMSX,3/21/2022,3/22/2022,3/23/2022,0.183600,,,
2022-06-22,Vanguard Mid-Cap Index Fund Investor Shares,922908843,VIMSX,6/21/2022,6/22/2022,6/23/2022,0.140600,,,
2022-09-22,Vanguard Mid-Cap Index Fund Investor Shares,922908843,VIMSX,9/21/2022,9/22/2022,9/23/2022,0.200300,,,
2023-03-22,Vanguard Mid-Cap Index Fund Investor Shares,922908843,VIMSX,3/21/2023,3/22/2023,3/23/2023,0.188400,,,
2023-06-22,Vanguard Mid-Cap Index Fund Investor Shares,922908843,VIMSX,6/21/2023,6/22/2023,6/23/2023,0.202900,,,
2023-09-20,Vanguard Mid-Cap Index Fund Investor Shares,922908843,VIMSX,9/19/2023,9/20/2023,9/21/2023,0.192900,,,
2024-03-21,Vanguard Mid-Cap Index Fund Investor Shares,922908843,VIMSX,3/20/2024,3/21/2024,3/22/2024,0.244200,,,
2024-06-27,Vanguard Mid-Cap Index Fund Investor Shares,922908843,VIMSX,6/26/2024,6/27/2024,6/28/2024,0.230200,,,
2024-09-26,Vanguard Mid-Cap Index Fund Investor Shares,922908843,VIMSX,9/25/2024,9/26/2024,9/27/2024,0.235600,,,
2025-03-27,Vanguard Mid-Cap Index Fund Investor Shares,922908843,VIMSX,3/26/2025,3/27/2025,3/28/2025,0.292800,,,
2025-06-30,Vanguard Mid-Cap Index Fund Investor Shares,922908843,VIMSX,6/27/2025,6/30/2025,7/1/2025,0.268200,,,
2025-09-29,Vanguard Mid-Cap Index Fund Investor Shares,922908843,VIMSX,9/26/2025,9/29/2025,9/30/2025,0.256200,,,
2022-03-22,Vanguard Institutional Index Fund Institutional Shares,922040100,VINIX,3/21/2022,3/22/2022,3/23/2022,1.274300,0.051100,1.996900,
2022-06-22,Vanguard Institutional Index Fund Institutional Shares,922040100,VINIX,6/21/2022,6/22/2022,6/23/2022,1.324200,,,
2022-09-22,Vanguard Institutional Index Fund Institutional Shares,922040100,VINIX,9/21/2022,9/22/2022,9/23/2022,1.404600,,,
2023-03-23,Vanguard Institutional Index Fund Institutional Shares,922040100,VINIX,3/22/2023,3/23/2023,3/24/2023,1.381400,,1.261645,
2023-06-28,Vanguard Institutional Index Fund Institutional Shares,922040100,VINIX,6/27/2023,6/28/2023,6/29/2023,1.443800,,,
2023-09-27,Vanguard Institutional Index Fund Institutional Shares,922040100,VINIX,9/26/2023,9/27/2023,9/28/2023,1.347600,,,
2022-03-24,Vanguard S&P Small-Cap 600 Growth ETF,921932794,VIOG,3/25/2022,3/24/2022,3/29/2022,0.316400,,,
2022-06-23,Vanguard S&P Small-Cap 600 Growth ETF,921932794,VIOG,6/24/2022,6/23/2022,6/28/2022,0.459100,,,
2022-09-28,Vanguard S&P Small-Cap 600 Growth ETF,921932794,VIOG,9/29/2022,9/28/2022,10/3/2022,0.589800,,,
2023-03-24,Vanguard S&P Small-Cap 600 Growth ETF,921932794,VIOG,3/27/2023,3/24/2023,3/29/2023,0.209100,,,
2023-06-29,Vanguard S&P Small-Cap 600 Growth ETF,921932794,VIOG,6/30/2023,6/29/2023,7/5/2023,0.305900,,,
2023-09-28,Vanguard S&P Small-Cap 600 Growth ETF,921932794,VIOG,9/29/2023,9/28/2023,10/3/2023,0.320000,,,
2021-03-26,Vanguard S&P Small-Cap 600 Value ETF,921932778,VIOV,3/29/2021,3/26/2021,3/31/2021,0.445200,,,
2021-06-24,Vanguard S&P Small-Cap 600 Value ETF,921932778,VIOV,6/25/2021,6/24/2021,6/29/2021,0.459400,,,
2021-09-29,Vanguard S&P Small-Cap 600 Value ETF,921932778,VIOV,9/30/2021,9/29/2021,10/4/2021,0.958800,,,
2021-03-31,Vanguard Inflation-Protected Securities Fund Institutional Shares,922031745,VIPIX,3/30/2021,3/31/2021,4/1/2021,0.026600,,0.000400,
2021-06-30,Vanguard Inflation-Protected Securities Fund Institutional Shares,922031745,VIPIX,6/29/2021,6/30/2021,7/1/2021,0.117800,,,
2021-09-30,Vanguard Inflation-Protected Securities Fund Institutional Shares,922031745,VIPIX,9/29/2021,9/30/2021,10/1/2021,0.216800,,,
2022-03-31,Vanguard Inflation-Protected Securities Fund Institutional Shares,922031745,VIPIX,3/30/2022,3/31/2022,4/1/2022,0.127800,,,
2022-06-30,Vanguard Inflation-Protected Securities Fund Institutional Shares,922031745,VIPIX,6/29/2022,6/30/2022,7/1/2022,0.253900,,,
2022-09-30,Vanguard Inflation-Protected Securities Fund Institutional Shares,922031745,VIPIX,9/29/2022,9/30/2022,10/3/2022,0.174700,,,
2023-03-31,Vanguard Inflation-Protected Securities Fund Institutional Shares,922031745,VIPIX,3/30/2023,3/31/2023,4/3/2023,0.031600,,,
2023-06-30,Vanguard Inflation-Protected Securities Fund Institutional Shares,922031745,VIPIX,6/29/2023,6/30/2023,7/3/2023,0.095000,,,
2023-09-29,Vanguard Inflation-Protected Securities Fund Institutional Shares,922031745,VIPIX,9/28/2023,9/29/2023,10/2/2023,0.096300,,,
2024-03-28,Vanguard Inflation-Protected Securities Fund Institutional Shares,922031745,VIPIX,3/27/2024,3/28/2024,4/1/2024,0.014400,,,
2024-06-28,Vanguard Inflation-Protected Securities Fund Institutional Shares,922031745,VIPIX,6/27/2024,6/28/2024,7/1/2024,0.119500,,,
2024-09-30,Vanguard Inflation-Protected Securities Fund Institutional Shares,922031745,VIPIX,9/27/2024,9/30/2024,10/1/2024,0.092100,,,
2025-03-31,Vanguard Inflation-Protected Securities Fund Institutional Shares,922031745,VIPIX,3/28/2025,3/31/2025,4/1/2025,0.025700,,,
2025-06-30,Vanguard Inflation-Protected Securities Fund Institutional Shares,922031745,VIPIX,6/27/2025,6/30/2025,7/1/2025,0.103100,,,
2025-09-30,Vanguard Inflation-Protected Securities Fund Institutional Shares,922031745,VIPIX,9/29/2025,9/30/2025,10/1/2025,0.104400,,,
2021-03-31,Vanguard Inflation-Protected Securities Fund Investor Shares,922031869,VIPSX,3/30/2021,3/31/2021,4/1/2021,0.028100,,0.000500,
2021-06-30,Vanguard Inflation-Protected Securities Fund Investor Shares,922031869,VIPSX,6/29/2021,6/30/2021,7/1/2021,0.142600,,,
2021-09-30,Vanguard Inflation-Protected Securities Fund Investor Shares,922031869,VIPSX,9/29/2021,9/30/2021,10/1/2021,0.266000,,,
2022-03-31,Vanguard Inflation-Protected Securities Fund Investor Shares,922031869,VIPSX,3/30/2022,3/31/2022,4/1/2022,0.154600,,,
2022-06-30,Vanguard Inflation-Protected Securities Fund Investor Shares,922031869,VIPSX,6/29/2022,6/30/2022,7/1/2022,0.313100,,,
2022-09-30,Vanguard Inflation-Protected Securities Fund Investor Shares,922031869,VIPSX,9/29/2022,9/30/2022,10/3/2022,0.214100,,,
2023-03-31,Vanguard Inflation-Protected Securities Fund Investor Shares,922031869,VIPSX,3/30/2023,3/31/2023,4/3/2023,0.035300,,,
2023-06-30,Vanguard Inflation-Protected Securities Fund Investor Shares,922031869,VIPSX,6/29/2023,6/30/2023,7/3/2023,0.114800,,,
2023-09-29,Vanguard Inflation-Protected Securities Fund Investor Shares,922031869,VIPSX,9/28/2023,9/29/2023,10/2/2023,0.116600,,,
2024-03-28,Vanguard Inflation-Protected Securities Fund Investor Shares,922031869,VIPSX,3/27/2024,3/28/2024,4/1/2024,0.013800,,,
2024-06-28,Vanguard Inflation-Protected Securities Fund Investor Shares,922031869,VIPSX,6/27/2024,6/28/2024,7/1/2024,0.145600,,,
2024-09-30,Vanguard Inflation-Protected Securities Fund Investor Shares,922031869,VIPSX,9/27/2024,9/30/2024,10/1/2024,0.111200,,,
2025-03-31,Vanguard Inflation-Protected Securities Fund Investor Shares,922031869,VIPSX,3/28/2025,3/31/2025,4/1/2025,0.028000,,,
2025-06-30,Vanguard Inflation-Protected Securities Fund Investor Shares,922031869,VIPSX,6/27/2025,6/30/2025,7/1/2025,0.124900,,,
2025-09-30,Vanguard Inflation-Protected Securities Fund Investor Shares,922031869,VIPSX,9/29/2025,9/30/2025,10/1/2025,0.126500,,,
2021-03-24,Vanguard Small-Cap Growth Index Fund Investor Shares,922908827,VISGX,3/23/2021,3/24/2021,3/25/2021,0.029800,,,
2021-06-23,Vanguard Small-Cap Growth Index Fund Investor Shares,922908827,VISGX,6/22/2021,6/23/2021,6/24/2021,0.059500,,,
2021-09-23,Vanguard Small-Cap Growth Index Fund Investor Shares,922908827,VISGX,9/22/2021,9/23/2021,9/24/2021,0.016800,,,
2022-06-22,Vanguard Small-Cap Growth Index Fund Investor Shares,922908827,VISGX,6/21/2022,6/22/2022,6/23/2022,0.053400,,,
2022-09-22,Vanguard Small-Cap Growth Index Fund Investor Shares,922908827,VISGX,9/21/2022,9/22/2022,9/23/2022,0.090500,,,
2023-03-22,Vanguard Small-Cap Growth Index Fund Investor Shares,922908827,VISGX,3/21/2023,3/22/2023,3/23/2023,0.073900,,,
2023-06-22,Vanguard Small-Cap Growth Index Fund Investor Shares,922908827,VISGX,6/21/2023,6/22/2023,6/23/2023,0.086800,,,
2023-09-20,Vanguard Small-Cap Growth Index Fund Investor Shares,922908827,VISGX,9/19/2023,9/20/2023,9/21/2023,0.069200,,,
2024-03-21,Vanguard Small-Cap Growth Index Fund Investor Shares,922908827,VISGX,3/20/2024,3/21/2024,3/22/2024,0.091100,,,
2024-06-27,Vanguard Small-Cap Growth Index Fund Investor Shares,922908827,VISGX,6/26/2024,6/27/2024,6/28/2024,0.093000,,,
2024-09-26,Vanguard Small-Cap Growth Index Fund Investor Shares,922908827,VISGX,9/25/2024,9/26/2024,9/27/2024,0.058700,,,
2025-03-27,Vanguard Small-Cap Growth Index Fund Investor Shares,922908827,VISGX,3/26/2025,3/27/2025,3/28/2025,0.087400,,,
2025-06-30,Vanguard Small-Cap Growth Index Fund Investor Shares,922908827,VISGX,6/27/2025,6/30/2025,7/1/2025,0.096100,,,
2025-09-29,Vanguard Small-Cap Growth Index Fund Investor Shares,922908827,VISGX,9/26/2025,9/29/2025,9/30/2025,0.097100,,,
2022-03-31,Vanguard Institutional Short-Term Bond Fund,922020862,VISTX,3/30/2022,3/31/2022,4/1/2022,0.012600,,,
2022-06-30,Vanguard Institutional Short-Term Bond Fund,922020862,VISTX,6/29/2022,6/30/2022,7/1/2022,0.018000,,,
2022-09-30,Vanguard Institutional Short-Term Bond Fund,922020862,VISTX,9/29/2022,9/30/2022,10/3/2022,0.021100,,,
2023-03-31,Vanguard Institutional Short-Term Bond Fund,922020862,VISTX,3/30/2023,3/31/2023,4/3/2023,0.038800,,,
2023-06-30,Vanguard Institutional Short-Term Bond Fund,922020862,VISTX,6/29/2023,6/30/2023,7/3/2023,0.042100,,,
2023-09-29,Vanguard Institutional Short-Term Bond Fund,922020862,VISTX,9/28/2023,9/29/2023,10/2/2023,0.044700,,,
2024-03-28,Vanguard Institutional Short-Term Bond Fund,922020862,VISTX,3/27/2024,3/28/2024,4/1/2024,0.051000,,,
2024-06-28,Vanguard Institutional Short-Term Bond Fund,922020862,VISTX,6/27/2024,6/28/2024,7/1/2024,0.051600,,,
2024-09-30,Vanguard Institutional Short-Term Bond Fund,922020862,VISTX,9/27/2024,9/30/2024,10/1/2024,0.049200,,,
2021-03-24,Vanguard Small-Cap Value Index Fund Investor Shares,922908793,VISVX,3/23/2021,3/24/2021,3/25/2021,0.142000,,,
2021-06-23,Vanguard Small-Cap Value Index Fund Investor Shares,922908793,VISVX,6/22/2021,6/23/2021,6/24/2021,0.142700,,,
2021-09-23,Vanguard Small-Cap Value Index Fund Investor Shares,922908793,VISVX,9/22/2021,9/23/2021,9/24/2021,0.145900,,,
2022-03-22,Vanguard Small-Cap Value Index Fund Investor Shares,922908793,VISVX,3/21/2022,3/22/2022,3/23/2022,0.137500,,,
2022-06-22,Vanguard Small-Cap Value Index Fund Investor Shares,922908793,VISVX,6/21/2022,6/22/2022,6/23/2022,0.158000,,,
2022-09-22,Vanguard Small-Cap Value Index Fund Investor Shares,922908793,VISVX,9/21/2022,9/22/2022,9/23/2022,0.172800,,,
2023-03-22,Vanguard Small-Cap Value Index Fund Investor Shares,922908793,VISVX,3/21/2023,3/22/2023,3/23/2023,0.201600,,,
2023-06-22,Vanguard Small-Cap Value Index Fund Investor Shares,922908793,VISVX,6/21/2023,6/22/2023,6/23/2023,0.200700,,,
2023-09-20,Vanguard Small-Cap Value Index Fund Investor Shares,922908793,VISVX,9/19/2023,9/20/2023,9/21/2023,0.197100,,,
2024-03-21,Vanguard Small-Cap Value Index Fund Investor Shares,922908793,VISVX,3/20/2024,3/21/2024,3/22/2024,0.211900,,,
2024-06-27,Vanguard Small-Cap Value Index Fund Investor Shares,922908793,VISVX,6/26/2024,6/27/2024,6/28/2024,0.229500,,,
2024-09-26,Vanguard Small-Cap Value Index Fund Investor Shares,922908793,VISVX,9/25/2024,9/26/2024,9/27/2024,0.194800,,,
2025-03-27,Vanguard Small-Cap Value Index Fund Investor Shares,922908793,VISVX,3/26/2025,3/27/2025,3/28/2025,0.282500,,,
2025-06-30,Vanguard Small-Cap Value Index Fund Investor Shares,922908793,VISVX,6/27/2025,6/30/2025,7/1/2025,0.204700,,,
2025-09-29,Vanguard Small-Cap Value Index Fund Investor Shares,922908793,VISVX,9/26/2025,9/29/2025,9/30/2025,0.207100,,,
2021-03-24,Vanguard Institutional Total Stock Market Index Fund Institutional Shares,922040308,VITNX,3/23/2021,3/24/2021,3/25/2021,0.247700,,,
2021-06-23,Vanguard Institutional Total Stock Market Index Fund Institutional Shares,922040308,VITNX,6/22/2021,6/23/2021,6/24/2021,0.252300,,,
2021-09-23,Vanguard Institutional Total Stock Market Index Fund Institutional Shares,922040308,VITNX,9/22/2021,9/23/2021,9/24/2021,0.261300,,,
2022-03-22,Vanguard Institutional Total Stock Market Index Fund Institutional Shares,922040308,VITNX,3/21/2022,3/22/2022,3/23/2022,0.272900,0.016100,2.476800,
2022-06-22,Vanguard Institutional Total Stock Market Index Fund Institutional Shares,922040308,VITNX,6/21/2022,6/22/2022,6/23/2022,0.266300,,,
2022-09-22,Vanguard Institutional Total Stock Market Index Fund Institutional Shares,922040308,VITNX,9/21/2022,9/22/2022,9/23/2022,0.281700,,,
2023-03-22,Vanguard Institutional Total Stock Market Index Fund Institutional Shares,922040308,VITNX,3/21/2023,3/22/2023,3/23/2023,0.285300,,0.105076,
2023-06-22,Vanguard Institutional Total Stock Market Index Fund Institutional Shares,922040308,VITNX,6/21/2023,6/22/2023,6/23/2023,0.286900,,,
2023-09-20,Vanguard Institutional Total Stock Market Index Fund Institutional Shares,922040308,VITNX,9/19/2023,9/20/2023,9/21/2023,0.281200,,,
2021-03-24,Vanguard Institutional Total Stock Market Index Fund Institutional Plus Shares,922040407,VITPX,3/23/2021,3/24/2021,3/25/2021,0.249000,,,
2021-06-23,Vanguard Institutional Total Stock Market Index Fund Institutional Plus Shares,922040407,VITPX,6/22/2021,6/23/2021,6/24/2021,0.254400,,,
2021-09-23,Vanguard Institutional Total Stock Market Index Fund Institutional Plus Shares,922040407,VITPX,9/22/2021,9/23/2021,9/24/2021,0.263700,,,
2022-03-22,Vanguard Institutional Total Stock Market Index Fund Institutional Plus Shares,922040407,VITPX,3/21/2022,3/22/2022,3/23/2022,0.274000,0.016100,2.476200,
2022-06-22,Vanguard Institutional Total Stock Market Index Fund Institutional Plus Shares,922040407,VITPX,6/21/2022,6/22/2022,6/23/2022,0.267100,,,
2022-09-22,Vanguard Institutional Total Stock Market Index Fund Institutional Plus Shares,922040407,VITPX,9/21/2022,9/22/2022,9/23/2022,0.281600,,,
2023-03-22,Vanguard Institutional Total Stock Market Index Fund Institutional Plus Shares,922040407,VITPX,3/21/2023,3/22/2023,3/23/2023,0.285200,,0.105054,
2023-06-22,Vanguard Institutional Total Stock Market Index Fund Institutional Plus Shares,922040407,VITPX,6/21/2023,6/22/2023,6/23/2023,0.286800,,,
2023-09-20,Vanguard Institutional Total Stock Market Index Fund Institutional Plus Shares,922040407,VITPX,9/19/2023,9/20/2023,9/21/2023,0.281100,,,
2021-03-24,Vanguard Total Stock Market Index Fund Institutional Shares,922908801,VITSX,3/23/2021,3/24/2021,3/25/2021,0.327000,,,
2021-06-23,Vanguard Total Stock Market Index Fund Institutional Shares,922908801,VITSX,6/22/2021,6/23/2021,6/24/2021,0.328800,,,
2021-09-23,Vanguard Total Stock Market Index Fund Institutional Shares,922908801,VITSX,9/22/2021,9/23/2021,9/24/2021,0.352500,,,
2023-03-22,Vanguard Total Stock Market Index Fund Institutional Shares,922908801,VITSX,3/21/2023,3/22/2023,3/23/2023,0.382800,,,
2023-06-22,Vanguard Total Stock Market Index Fund Institutional Shares,922908801,VITSX,6/21/2023,6/22/2023,6/23/2023,0.402400,,,
2023-09-20,Vanguard Total Stock Market Index Fund Institutional Shares,922908801,VITSX,9/19/2023,9/20/2023,9/21/2023,0.388700,,,
2024-03-22,Vanguard Total Stock Market Index Fund Institutional Shares,922908801,VITSX,3/21/2024,3/22/2024,3/25/2024,0.443300,,,
2024-06-28,Vanguard Total Stock Market Index Fund Institutional Shares,922908801,VITSX,6/27/2024,6/28/2024,7/1/2024,0.463500,,,
2024-09-27,Vanguard Total Stock Market Index Fund Institutional Shares,922908801,VITSX,9/26/2024,9/27/2024,9/30/2024,0.423900,,,
2025-03-27,Vanguard Total Stock Market Index Fund Institutional Shares,922908801,VITSX,3/26/2025,3/27/2025,3/28/2025,0.479800,,,
2025-06-30,Vanguard Total Stock Market Index Fund Institutional Shares,922908801,VITSX,6/27/2025,6/30/2025,7/1/2025,0.444400,,,
2025-09-29,Vanguard Total Stock Market Index Fund Institutional Shares,922908801,VITSX,9/26/2025,9/29/2025,9/30/2025,0.441400,,,
2021-03-24,Vanguard Value Index Fund Investor Shares,922908405,VIVAX,3/23/2021,3/24/2021,3/25/2021,0.260000,,,
2021-06-23,Vanguard Value Index Fund Investor Shares,922908405,VIVAX,6/22/2021,6/23/2021,6/24/2021,0.271400,,,
2021-09-23,Vanguard Value Index Fund Investor Shares,922908405,VIVAX,9/22/2021,9/23/2021,9/24/2021,0.296300,,,
2022-03-22,Vanguard Value Index Fund Investor Shares,922908405,VIVAX,3/21/2022,3/22/2022,3/23/2022,0.292000,,,
2022-06-22,Vanguard Value Index Fund Investor Shares,922908405,VIVAX,6/21/2022,6/22/2022,6/23/2022,0.307500,,,
2022-09-22,Vanguard Value Index Fund Investor Shares,922908405,VIVAX,9/21/2022,9/22/2022,9/23/2022,0.318800,,,
2023-03-22,Vanguard Value Index Fund Investor Shares,922908405,VIVAX,3/21/2023,3/22/2023,3/23/2023,0.302500,,,
2023-06-22,Vanguard Value Index Fund Investor Shares,922908405,VIVAX,6/21/2023,6/22/2023,6/23/2023,0.340600,,,
2023-09-20,Vanguard Value Index Fund Investor Shares,922908405,VIVAX,9/19/2023,9/20/2023,9/21/2023,0.331800,,,
2024-03-21,Vanguard Value Index Fund Investor Shares,922908405,VIVAX,3/20/2024,3/21/2024,3/22/2024,0.373200,,,
2024-06-27,Vanguard Value Index Fund Investor Shares,922908405,VIVAX,6/26/2024,6/27/2024,6/28/2024,0.374000,,,
2024-09-26,Vanguard Value Index Fund Investor Shares,922908405,VIVAX,9/25/2024,9/26/2024,9/27/2024,0.335500,,,
2025-03-27,Vanguard Value Index Fund Investor Shares,922908405,VIVAX,3/26/2025,3/27/2025,3/28/2025,0.372100,,,
2025-06-30,Vanguard Value Index Fund Investor Shares,922908405,VIVAX,6/27/2025,6/30/2025,7/1/2025,0.353700,,,
2025-09-29,Vanguard Value Index Fund Investor Shares,922908405,VIVAX,9/26/2025,9/29/2025,9/30/2025,0.344900,,,
2021-03-24,Vanguard Value Index Fund Institutional Shares,922908850,VIVIX,3/23/2021,3/24/2021,3/25/2021,0.275400,,,
2021-06-23,Vanguard Value Index Fund Institutional Shares,922908850,VIVIX,6/22/2021,6/23/2021,6/24/2021,0.289300,,,
2021-09-23,Vanguard Value Index Fund Institutional Shares,922908850,VIVIX,9/22/2021,9/23/2021,9/24/2021,0.314100,,,
2022-03-22,Vanguard Value Index Fund Institutional Shares,922908850,VIVIX,3/21/2022,3/22/2022,3/23/2022,0.308900,,,
2022-06-22,Vanguard Value Index Fund Institutional Shares,922908850,VIVIX,6/21/2022,6/22/2022,6/23/2022,0.325800,,,
2022-09-22,Vanguard Value Index Fund Institutional Shares,922908850,VIVIX,9/21/2022,9/22/2022,9/23/2022,0.337000,,,
2023-03-22,Vanguard Value Index Fund Institutional Shares,922908850,VIVIX,3/21/2023,3/22/2023,3/23/2023,0.320500,,,
2023-06-22,Vanguard Value Index Fund Institutional Shares,922908850,VIVIX,6/21/2023,6/22/2023,6/23/2023,0.359200,,,
2023-09-20,Vanguard Value Index Fund Institutional Shares,922908850,VIVIX,9/19/2023,9/20/2023,9/21/2023,0.350000,,,
2024-03-21,Vanguard Value Index Fund Institutional Shares,922908850,VIVIX,3/20/2024,3/21/2024,3/22/2024,0.392600,,,
2024-06-27,Vanguard Value Index Fund Institutional Shares,922908850,VIVIX,6/26/2024,6/27/2024,6/28/2024,0.395900,,,
2024-09-26,Vanguard Value Index Fund Institutional Shares,922908850,VIVIX,9/25/2024,9/26/2024,9/27/2024,0.356700,,,
2025-03-27,Vanguard Value Index Fund Institutional Shares,922908850,VIVIX,3/26/2025,3/27/2025,3/28/2025,0.395200,,,
2025-06-30,Vanguard Value Index Fund Institutional Shares,922908850,VIVIX,6/27/2025,6/30/2025,7/1/2025,0.375800,,,
2025-09-29,Vanguard Value Index Fund Institutional Shares,922908850,VIVIX,9/26/2025,9/29/2025,9/30/2025,0.367800,,,
2021-03-24,Vanguard Large-Cap Index Fund Investor Shares,922908587,VLACX,3/23/2021,3/24/2021,3/25/2021,0.219600,,,
2021-06-23,Vanguard Large-Cap Index Fund Investor Shares,922908587,VLACX,6/22/2021,6/23/2021,6/24/2021,0.227200,,,
2021-09-23,Vanguard Large-Cap Index Fund Investor Shares,922908587,VLACX,9/22/2021,9/23/2021,9/24/2021,0.228700,,,
2022-03-22,Vanguard Large-Cap Index Fund Investor Shares,922908587,VLACX,3/21/2022,3/22/2022,3/23/2022,0.235700,,,
2022-06-22,Vanguard Large-Cap Index Fund Investor Shares,922908587,VLACX,6/21/2022,6/22/2022,6/23/2022,0.255600,,,
2022-09-22,Vanguard Large-Cap Index Fund Investor Shares,922908587,VLACX,9/21/2022,9/22/2022,9/23/2022,0.261400,,,
2025-03-27,Vanguard Large-Cap Index Fund Investor Shares,922908587,VLACX,3/26/2025,3/27/2025,3/28/2025,0.319000,,,
2025-06-30,Vanguard Large-Cap Index Fund Investor Shares,922908587,VLACX,6/27/2025,6/30/2025,7/1/2025,0.307300,,,
2025-09-29,Vanguard Large-Cap Index Fund Investor Shares,922908587,VLACX,9/26/2025,9/29/2025,9/30/2025,0.291800,,,
2021-03-24,Vanguard Large-Cap Index Fund Admiral Shares,922908579,VLCAX,3/23/2021,3/24/2021,3/25/2021,0.303500,,,
2021-06-23,Vanguard Large-Cap Index Fund Admiral Shares,922908579,VLCAX,6/22/2021,6/23/2021,6/24/2021,0.313600,,,
2021-09-23,Vanguard Large-Cap Index Fund Admiral Shares,922908579,VLCAX,9/22/2021,9/23/2021,9/24/2021,0.318400,,,
2022-03-22,Vanguard Large-Cap Index Fund Admiral Shares,922908579,VLCAX,3/21/2022,3/22/2022,3/23/2022,0.334000,,,
2022-06-22,Vanguard Large-Cap Index Fund Admiral Shares,922908579,VLCAX,6/21/2022,6/22/2022,6/23/2022,0.349900,,,
2022-09-22,Vanguard Large-Cap Index Fund Admiral Shares,922908579,VLCAX,9/21/2022,9/22/2022,9/23/2022,0.360200,,,
2023-03-22,Vanguard Large-Cap Index Fund Admiral Shares,922908579,VLCAX,3/21/2023,3/22/2023,3/23/2023,0.355900,,,
2023-06-22,Vanguard Large-Cap Index Fund Admiral Shares,922908579,VLCAX,6/21/2023,6/22/2023,6/23/2023,0.371200,,,
2023-09-20,Vanguard Large-Cap Index Fund Admiral Shares,922908579,VLCAX,9/19/2023,9/20/2023,9/21/2023,0.363200,,,
2025-03-27,Vanguard Large-Cap Index Fund Admiral Shares,922908579,VLCAX,3/26/2025,3/27/2025,3/28/2025,0.445100,,,
2025-06-30,Vanguard Large-Cap Index Fund Admiral Shares,922908579,VLCAX,6/27/2025,6/30/2025,7/1/2025,0.425000,,,
2025-09-29,Vanguard Large-Cap Index Fund Admiral Shares,922908579,VLCAX,9/26/2025,9/29/2025,9/30/2025,0.409100,,,
2021-03-24,Vanguard Large-Cap Index Fund Institutional Shares,922908561,VLISX,3/23/2021,3/24/2021,3/25/2021,1.259300,,,
2021-06-23,Vanguard Large-Cap Index Fund Institutional Shares,922908561,VLISX,6/22/2021,6/23/2021,6/24/2021,1.299400,,,
2021-09-23,Vanguard Large-Cap Index Fund Institutional Shares,922908561,VLISX,9/22/2021,9/23/2021,9/24/2021,1.321300,,,
2022-03-22,Vanguard Large-Cap Index Fund Institutional Shares,922908561,VLISX,3/21/2022,3/22/2022,3/23/2022,1.385500,,,
2022-06-22,Vanguard Large-Cap Index Fund Institutional Shares,922908561,VLISX,6/21/2022,6/22/2022,6/23/2022,1.451000,,,
2022-09-22,Vanguard Large-Cap Index Fund Institutional Shares,922908561,VLISX,9/21/2022,9/22/2022,9/23/2022,1.492300,,,
2023-03-22,Vanguard Large-Cap Index Fund Institutional Shares,922908561,VLISX,3/21/2023,3/22/2023,3/23/2023,1.474100,,,
2023-06-22,Vanguard Large-Cap Index Fund Institutional Shares,922908561,VLISX,6/21/2023,6/22/2023,6/23/2023,1.537700,,,
2023-09-20,Vanguard Large-Cap Index Fund Institutional Shares,922908561,VLISX,9/19/2023,9/20/2023,9/21/2023,1.505500,,,
2025-03-27,Vanguard Large-Cap Index Fund Institutional Shares,922908561,VLISX,3/26/2025,3/27/2025,3/28/2025,1.847100,,,
2025-06-30,Vanguard Large-Cap Index Fund Institutional Shares,922908561,VLISX,6/27/2025,6/30/2025,7/1/2025,1.764500,,,
2025-09-29,Vanguard Large-Cap Index Fund Institutional Shares,922908561,VLISX,9/26/2025,9/29/2025,9/30/2025,1.700000,,,
2021-03-24,Vanguard Mid-Cap Index Fund Institutional Shares,922908835,VMCIX,3/23/2021,3/24/2021,3/25/2021,0.172600,,,
2021-06-23,Vanguard Mid-Cap Index Fund Institutional Shares,922908835,VMCIX,6/22/2021,6/23/2021,6/24/2021,0.189200,,,
2021-09-23,Vanguard Mid-Cap Index Fund Institutional Shares,922908835,VMCIX,9/22/2021,9/23/2021,9/24/2021,0.169300,,,
2022-03-22,Vanguard Mid-Cap Index Fund Institutional Shares,922908835,VMCIX,3/21/2022,3/22/2022,3/23/2022,0.205200,,,
2022-06-22,Vanguard Mid-Cap Index Fund Institutional Shares,922908835,VMCIX,6/21/2022,6/22/2022,6/23/2022,0.161400,,,
2022-09-22,Vanguard Mid-Cap Index Fund Institutional Shares,922908835,VMCIX,9/21/2022,9/22/2022,9/23/2022,0.220200,,,
2023-03-22,Vanguard Mid-Cap Index Fund Institutional Shares,922908835,VMCIX,3/21/2023,3/22/2023,3/23/2023,0.208100,,,
2024-03-21,Vanguard Mid-Cap Index Fund Institutional Shares,922908835,VMCIX,3/20/2024,3/21/2024,3/22/2024,0.266300,,,
2024-06-27,Vanguard Mid-Cap Index Fund Institutional Shares,922908835,VMCIX,6/26/2024,6/27/2024,6/28/2024,0.254100,,,
2024-09-26,Vanguard Mid-Cap Index Fund Institutional Shares,922908835,VMCIX,9/25/2024,9/26/2024,9/27/2024,0.259200,,,
2025-03-27,Vanguard Mid-Cap Index Fund Institutional Shares,922908835,VMCIX,3/26/2025,3/27/2025,3/28/2025,0.319300,,,
2025-06-30,Vanguard Mid-Cap Index Fund Institutional Shares,922908835,VMCIX,6/27/2025,6/30/2025,7/1/2025,0.293000,,,
2025-09-29,Vanguard Mid-Cap Index Fund Institutional Shares,922908835,VMCIX,9/26/2025,9/29/2025,9/30/2025,0.282900,,,
2021-03-24,Vanguard Mid-Cap Index Fund Institutional Plus Shares,922908389,VMCPX,3/23/2021,3/24/2021,3/25/2021,0.858400,,,
2021-06-23,Vanguard Mid-Cap Index Fund Institutional Plus Shares,922908389,VMCPX,6/22/2021,6/23/2021,6/24/2021,0.940900,,,
2021-09-23,Vanguard Mid-Cap Index Fund Institutional Plus Shares,922908389,VMCPX,9/22/2021,9/23/2021,9/24/2021,0.843100,,,
2022-03-22,Vanguard Mid-Cap Index Fund Institutional Plus Shares,922908389,VMCPX,3/21/2022,3/22/2022,3/23/2022,1.020000,,,
2022-06-22,Vanguard Mid-Cap Index Fund Institutional Plus Shares,922908389,VMCPX,6/21/2022,6/22/2022,6/23/2022,0.803700,,,
2022-09-22,Vanguard Mid-Cap Index Fund Institutional Plus Shares,922908389,VMCPX,9/21/2022,9/22/2022,9/23/2022,1.093700,,,
2024-03-21,Vanguard Mid-Cap Index Fund Institutional Plus Shares,922908389,VMCPX,3/20/2024,3/21/2024,3/22/2024,1.321500,,,
2024-06-27,Vanguard Mid-Cap Index Fund Institutional Plus Shares,922908389,VMCPX,6/26/2024,6/27/2024,6/28/2024,1.262000,,,
2024-09-26,Vanguard Mid-Cap Index Fund Institutional Plus Shares,922908389,VMCPX,9/25/2024,9/26/2024,9/27/2024,1.286700,,,
2025-03-27,Vanguard Mid-Cap Index Fund Institutional Plus Shares,922908389,VMCPX,3/26/2025,3/27/2025,3/28/2025,1.584100,,,
2025-06-30,Vanguard Mid-Cap Index Fund Institutional Plus Shares,922908389,VMCPX,6/27/2025,6/30/2025,7/1/2025,1.454300,,,
2025-09-29,Vanguard Mid-Cap Index Fund Institutional Plus Shares,922908389,VMCPX,9/26/2025,9/29/2025,9/30/2025,1.404200,,,
2021-03-25,Vanguard Mega Cap Index Fund Institutional Shares,921910857,VMCTX,3/24/2021,3/25/2021,3/26/2021,0.860700,,,
2021-06-23,Vanguard Mega Cap Index Fund Institutional Shares,921910857,VMCTX,6/22/2021,6/23/2021,6/24/2021,0.924000,,,
2021-09-28,Vanguard Mega Cap Index Fund Institutional Shares,921910857,VMCTX,9/27/2021,9/28/2021,9/29/2021,1.015400,,,
2022-03-23,Vanguard Mega Cap Index Fund Institutional Shares,921910857,VMCTX,3/22/2022,3/23/2022,3/24/2022,0.944700,,,
2022-06-22,Vanguard Mega Cap Index Fund Institutional Shares,921910857,VMCTX,6/21/2022,6/22/2022,6/23/2022,1.017900,,,
2022-09-27,Vanguard Mega Cap Index Fund Institutional Shares,921910857,VMCTX,9/26/2022,9/27/2022,9/28/2022,1.169200,,,
2023-03-22,Vanguard Mega Cap Index Fund Institutional Shares,921910857,VMCTX,3/21/2023,3/22/2023,3/23/2023,0.994500,,,
2023-06-22,Vanguard Mega Cap Index Fund Institutional Shares,921910857,VMCTX,6/21/2023,6/22/2023,6/23/2023,1.076900,,,
2023-09-20,Vanguard Mega Cap Index Fund Institutional Shares,921910857,VMCTX,9/19/2023,9/20/2023,9/21/2023,1.135700,,,
2021-03-25,Vanguard Mega Cap Growth Index Fund Institutional Shares,921910782,VMGAX,3/24/2021,3/25/2021,3/26/2021,0.527700,,,
2023-03-22,Vanguard Mega Cap Growth Index Fund Institutional Shares,921910782,VMGAX,3/21/2023,3/22/2023,3/23/2023,0.570200,,,
2023-06-22,Vanguard Mega Cap Growth Index Fund Institutional Shares,921910782,VMGAX,6/21/2023,6/22/2023,6/23/2023,0.552100,,,
2023-09-20,Vanguard Mega Cap Growth Index Fund Institutional Shares,921910782,VMGAX,9/19/2023,9/20/2023,9/21/2023,0.638600,,,
2024-03-21,Vanguard Mega Cap Growth Index Fund Institutional Shares,921910782,VMGAX,3/20/2024,3/21/2024,3/22/2024,0.612100,,,
2024-06-27,Vanguard Mega Cap Growth Index Fund Institutional Shares,921910782,VMGAX,6/26/2024,6/27/2024,6/28/2024,0.628000,,,
2024-09-26,Vanguard Mega Cap Growth Index Fund Institutional Shares,921910782,VMGAX,9/25/2024,9/26/2024,9/27/2024,0.757700,,,
2025-03-27,Vanguard Mega Cap Growth Index Fund Institutional Shares,921910782,VMGAX,3/26/2025,3/27/2025,3/28/2025,0.695300,,,
2025-06-30,Vanguard Mega Cap Growth Index Fund Institutional Shares,921910782,VMGAX,6/27/2025,6/30/2025,7/1/2025,0.776900,,,
2025-09-29,Vanguard Mega Cap Growth Index Fund Institutional Shares,921910782,VMGAX,9/26/2025,9/29/2025,9/30/2025,0.685000,,,
2021-03-24,Vanguard Mid-Cap Growth Index Fund Investor Shares,922908546,VMGIX,3/23/2021,3/24/2021,3/25/2021,0.045000,,,
2021-06-23,Vanguard Mid-Cap Growth Index Fund Investor Shares,922908546,VMGIX,6/22/2021,6/23/2021,6/24/2021,0.041100,,,
2021-09-23,Vanguard Mid-Cap Growth Index Fund Investor Shares,922908546,VMGIX,9/22/2021,9/23/2021,9/24/2021,0.037900,,,
2022-03-22,Vanguard Mid-Cap Growth Index Fund Investor Shares,922908546,VMGIX,3/21/2022,3/22/2022,3/23/2022,0.093900,,,
2022-06-22,Vanguard Mid-Cap Growth Index Fund Investor Shares,922908546,VMGIX,6/21/2022,6/22/2022,6/23/2022,0.092700,,,
2022-09-22,Vanguard Mid-Cap Growth Index Fund Investor Shares,922908546,VMGIX,9/21/2022,9/22/2022,9/23/2022,0.123300,,,
2023-03-22,Vanguard Mid-Cap Growth Index Fund Investor Shares,922908546,VMGIX,3/21/2023,3/22/2023,3/23/2023,0.127000,,,
2023-06-22,Vanguard Mid-Cap Growth Index Fund Investor Shares,922908546,VMGIX,6/21/2023,6/22/2023,6/23/2023,0.099000,,,
2023-09-20,Vanguard Mid-Cap Growth Index Fund Investor Shares,922908546,VMGIX,9/19/2023,9/20/2023,9/21/2023,0.098800,,,
2024-03-21,Vanguard Mid-Cap Growth Index Fund Investor Shares,922908546,VMGIX,3/20/2024,3/21/2024,3/22/2024,0.133600,,,
2024-06-27,Vanguard Mid-Cap Growth Index Fund Investor Shares,922908546,VMGIX,6/26/2024,6/27/2024,6/28/2024,0.122600,,,
2024-09-26,Vanguard Mid-Cap Growth Index Fund Investor Shares,922908546,VMGIX,9/25/2024,9/26/2024,9/27/2024,0.130500,,,
2021-03-24,Vanguard Mid-Cap Growth Index Fund Admiral,921937728,VMGMX,3/23/2021,3/24/2021,3/25/2021,0.077300,,,
2021-06-23,Vanguard Mid-Cap Growth Index Fund Admiral,921937728,VMGMX,6/22/2021,6/23/2021,6/24/2021,0.074600,,,
2021-09-23,Vanguard Mid-Cap Growth Index Fund Admiral,921937728,VMGMX,9/22/2021,9/23/2021,9/24/2021,0.073000,,,
2022-03-22,Vanguard Mid-Cap Growth Index Fund Admiral,921937728,VMGMX,3/21/2022,3/22/2022,3/23/2022,0.133300,,,
2022-06-22,Vanguard Mid-Cap Growth Index Fund Admiral,921937728,VMGMX,6/21/2022,6/22/2022,6/23/2022,0.128000,,,
2022-09-22,Vanguard Mid-Cap Growth Index Fund Admiral,921937728,VMGMX,9/21/2022,9/22/2022,9/23/2022,0.160700,,,
2023-03-22,Vanguard Mid-Cap Growth Index Fund Admiral,921937728,VMGMX,3/21/2023,3/22/2023,3/23/2023,0.163900,,,
2023-06-22,Vanguard Mid-Cap Growth Index Fund Admiral,921937728,VMGMX,6/21/2023,6/22/2023,6/23/2023,0.135700,,,
2023-09-20,Vanguard Mid-Cap Growth Index Fund Admiral,921937728,VMGMX,9/19/2023,9/20/2023,9/21/2023,0.134600,,,
2024-03-21,Vanguard Mid-Cap Growth Index Fund Admiral,921937728,VMGMX,3/20/2024,3/21/2024,3/22/2024,0.175700,,,
2024-06-27,Vanguard Mid-Cap Growth Index Fund Admiral,921937728,VMGMX,6/26/2024,6/27/2024,6/28/2024,0.166600,,,
2024-09-26,Vanguard Mid-Cap Growth Index Fund Admiral,921937728,VMGMX,9/25/2024,9/26/2024,9/27/2024,0.172700,,,
2022-03-31,Vanguard Multi-Sector Income Bond Fund Admiral Shares,922020763,VMSAX,3/30/2022,3/31/2022,4/1/2022,0.052400,,,
2022-06-30,Vanguard Multi-Sector Income Bond Fund Admiral Shares,922020763,VMSAX,6/29/2022,6/30/2022,7/1/2022,0.055200,,,
2022-09-30,Vanguard Multi-Sector Income Bond Fund Admiral Shares,922020763,VMSAX,9/29/2022,9/30/2022,10/3/2022,0.058700,,,
2023-03-31,Vanguard Multi-Sector Income Bond Fund Admiral Shares,922020763,VMSAX,3/30/2023,3/31/2023,4/3/2023,0.081900,,,
2023-06-30,Vanguard Multi-Sector Income Bond Fund Admiral Shares,922020763,VMSAX,6/29/2023,6/30/2023,7/3/2023,0.082500,,,
2023-09-29,Vanguard Multi-Sector Income Bond Fund Admiral Shares,922020763,VMSAX,9/28/2023,9/29/2023,10/2/2023,0.083300,,,
2024-03-28,Vanguard Multi-Sector Income Bond Fund Admiral Shares,922020763,VMSAX,3/27/2024,3/28/2024,4/1/2024,0.089400,,,
2024-06-28,Vanguard Multi-Sector Income Bond Fund Admiral Shares,922020763,VMSAX,6/27/2024,6/28/2024,7/1/2024,0.091700,,,
2024-09-30,Vanguard Multi-Sector Income Bond Fund Admiral Shares,922020763,VMSAX,9/27/2024,9/30/2024,10/1/2024,0.085700,,,
2022-03-31,Vanguard Multi-Sector Income Bond Fund Investor Shares,922020771,VMSIX,3/30/2022,3/31/2022,4/1/2022,0.025300,,,
2022-06-30,Vanguard Multi-Sector Income Bond Fund Investor Shares,922020771,VMSIX,6/29/2022,6/30/2022,7/1/2022,0.026800,,,
2022-09-30,Vanguard Multi-Sector Income Bond Fund Investor Shares,922020771,VMSIX,9/29/2022,9/30/2022,10/3/2022,0.028600,,,
2023-03-31,Vanguard Multi-Sector Income Bond Fund Investor Shares,922020771,VMSIX,3/30/2023,3/31/2023,4/3/2023,0.040200,,,
2023-06-30,Vanguard Multi-Sector Income Bond Fund Investor Shares,922020771,VMSIX,6/29/2023,6/30/2023,7/3/2023,0.040300,,,
2023-09-29,Vanguard Multi-Sector Income Bond Fund Investor Shares,922020771,VMSIX,9/28/2023,9/29/2023,10/2/2023,0.041000,,,
2024-03-28,Vanguard Multi-Sector Income Bond Fund Investor Shares,922020771,VMSIX,3/27/2024,3/28/2024,4/1/2024,0.044000,,,
2024-06-28,Vanguard Multi-Sector Income Bond Fund Investor Shares,922020771,VMSIX,6/27/2024,6/28/2024,7/1/2024,0.045100,,,
2024-09-30,Vanguard Multi-Sector Income Bond Fund Investor Shares,922020771,VMSIX,9/27/2024,9/30/2024,10/1/2024,0.042100,,,
2021-03-24,Vanguard Mid-Cap Value Index Fund Admiral,921937694,VMVAX,3/23/2021,3/24/2021,3/25/2021,0.286200,,,
2021-06-23,Vanguard Mid-Cap Value Index Fund Admiral,921937694,VMVAX,6/22/2021,6/23/2021,6/24/2021,0.357200,,,
2021-09-23,Vanguard Mid-Cap Value Index Fund Admiral,921937694,VMVAX,9/22/2021,9/23/2021,9/24/2021,0.297200,,,
2023-03-22,Vanguard Mid-Cap Value Index Fund Admiral,921937694,VMVAX,3/21/2023,3/22/2023,3/23/2023,0.359500,,,
2023-06-22,Vanguard Mid-Cap Value Index Fund Admiral,921937694,VMVAX,6/21/2023,6/22/2023,6/23/2023,0.395900,,,
2023-09-20,Vanguard Mid-Cap Value Index Fund Admiral,921937694,VMVAX,9/19/2023,9/20/2023,9/21/2023,0.374000,,,
2024-03-21,Vanguard Mid-Cap Value Index Fund Admiral,921937694,VMVAX,3/20/2024,3/21/2024,3/22/2024,0.379900,,,
2024-06-27,Vanguard Mid-Cap Value Index Fund Admiral,921937694,VMVAX,6/26/2024,6/27/2024,6/28/2024,0.457500,,,
2024-09-26,Vanguard Mid-Cap Value Index Fund Admiral,921937694,VMVAX,9/25/2024,9/26/2024,9/27/2024,0.414200,,,
2025-03-27,Vanguard Mid-Cap Value Index Fund Admiral,921937694,VMVAX,3/26/2025,3/27/2025,3/28/2025,0.545700,,,
2025-06-30,Vanguard Mid-Cap Value Index Fund Admiral,921937694,VMVAX,6/27/2025,6/30/2025,7/1/2025,0.447700,,,
2025-09-29,Vanguard Mid-Cap Value Index Fund Admiral,921937694,VMVAX,9/26/2025,9/29/2025,9/30/2025,0.451900,,,
2021-03-24,Vanguard Mid-Cap Value Index Fund Investor Shares,922908520,VMVIX,3/23/2021,3/24/2021,3/25/2021,0.202900,,,
2021-06-23,Vanguard Mid-Cap Value Index Fund Investor Shares,922908520,VMVIX,6/22/2021,6/23/2021,6/24/2021,0.255600,,,
2021-09-23,Vanguard Mid-Cap Value Index Fund Investor Shares,922908520,VMVIX,9/22/2021,9/23/2021,9/24/2021,0.208900,,,
2022-03-22,Vanguard Mid-Cap Value Index Fund Investor Shares,922908520,VMVIX,3/21/2022,3/22/2022,3/23/2022,0.252700,,,
2022-06-22,Vanguard Mid-Cap Value Index Fund Investor Shares,922908520,VMVIX,6/21/2022,6/22/2022,6/23/2022,0.211500,,,
2022-09-22,Vanguard Mid-Cap Value Index Fund Investor Shares,922908520,VMVIX,9/21/2022,9/22/2022,9/23/2022,0.260300,,,
2023-03-22,Vanguard Mid-Cap Value Index Fund Investor Shares,922908520,VMVIX,3/21/2023,3/22/2023,3/23/2023,0.256800,,,
2023-06-22,Vanguard Mid-Cap Value Index Fund Investor Shares,922908520,VMVIX,6/21/2023,6/22/2023,6/23/2023,0.284600,,,
2023-09-20,Vanguard Mid-Cap Value Index Fund Investor Shares,922908520,VMVIX,9/19/2023,9/20/2023,9/21/2023,0.267800,,,
2024-03-21,Vanguard Mid-Cap Value Index Fund Investor Shares,922908520,VMVIX,3/20/2024,3/21/2024,3/22/2024,0.270700,,,
2024-06-27,Vanguard Mid-Cap Value Index Fund Investor Shares,922908520,VMVIX,6/26/2024,6/27/2024,6/28/2024,0.328700,,,
2024-09-26,Vanguard Mid-Cap Value Index Fund Investor Shares,922908520,VMVIX,9/25/2024,9/26/2024,9/27/2024,0.295500,,,
2025-03-27,Vanguard Mid-Cap Value Index Fund Investor Shares,922908520,VMVIX,3/26/2025,3/27/2025,3/28/2025,0.393900,,,
2025-06-30,Vanguard Mid-Cap Value Index Fund Investor Shares,922908520,VMVIX,6/27/2025,6/30/2025,7/1/2025,0.320700,,,
2025-09-29,Vanguard Mid-Cap Value Index Fund Investor Shares,922908520,VMVIX,9/26/2025,9/29/2025,9/30/2025,0.322600,,,
2021-03-25,Vanguard Mega Cap Value Index Fund Institutional Shares,921910824,VMVLX,3/24/2021,3/25/2021,3/26/2021,0.983100,,,
2021-06-23,Vanguard Mega Cap Value Index Fund Institutional Shares,921910824,VMVLX,6/22/2021,6/23/2021,6/24/2021,1.087400,,,
2021-09-28,Vanguard Mega Cap Value Index Fund Institutional Shares,921910824,VMVLX,9/27/2021,9/28/2021,9/29/2021,1.237700,,,
2023-03-22,Vanguard Mega Cap Value Index Fund Institutional Shares,921910824,VMVLX,3/21/2023,3/22/2023,3/23/2023,1.180000,,,
2023-06-22,Vanguard Mega Cap Value Index Fund Institutional Shares,921910824,VMVLX,6/21/2023,6/22/2023,6/23/2023,1.314400,,,
2023-09-20,Vanguard Mega Cap Value Index Fund Institutional Shares,921910824,VMVLX,9/19/2023,9/20/2023,9/21/2023,1.363100,,,
2024-03-21,Vanguard Mega Cap Value Index Fund Institutional Shares,921910824,VMVLX,3/20/2024,3/21/2024,3/22/2024,1.390000,,,
2024-06-27,Vanguard Mega Cap Value Index Fund Institutional Shares,921910824,VMVLX,6/26/2024,6/27/2024,6/28/2024,1.462100,,,
2024-09-26,Vanguard Mega Cap Value Index Fund Institutional Shares,921910824,VMVLX,9/25/2024,9/26/2024,9/27/2024,1.438900,,,
2025-03-27,Vanguard Mega Cap Value Index Fund Institutional Shares,921910824,VMVLX,3/26/2025,3/27/2025,3/28/2025,1.362000,,,
2025-06-30,Vanguard Mega Cap Value Index Fund Institutional Shares,921910824,VMVLX,6/27/2025,6/30/2025,7/1/2025,1.350800,,,
2025-09-29,Vanguard Mega Cap Value Index Fund Institutional Shares,921910824,VMVLX,9/26/2025,9/29/2025,9/30/2025,1.399500,,,
2021-09-24,Vanguard Global ex-U.S. Real Estate ETF,922042676,VNQI,9/27/2021,9/24/2021,9/29/2021,0.601200,,,
2021-03-25,Vanguard Mid-Cap Value ETF,922908512,VOE,3/26/2021,3/25/2021,3/30/2021,0.552500,,,
2021-06-24,Vanguard Mid-Cap Value ETF,922908512,VOE,6/25/2021,6/24/2021,6/29/2021,0.689700,,,
2021-09-24,Vanguard Mid-Cap Value ETF,922908512,VOE,9/27/2021,9/24/2021,9/29/2021,0.573900,,,
2023-03-23,Vanguard Mid-Cap Value ETF,922908512,VOE,3/24/2023,3/23/2023,3/28/2023,0.693800,,,
2023-06-23,Vanguard Mid-Cap Value ETF,922908512,VOE,6/26/2023,6/23/2023,6/28/2023,0.764400,,,
2023-09-21,Vanguard Mid-Cap Value ETF,922908512,VOE,9/22/2023,9/21/2023,9/26/2023,0.721900,,,
2024-03-21,Vanguard Mid-Cap Value ETF,922908512,VOE,3/22/2024,3/21/2024,3/26/2024,0.733100,,,
2024-06-27,Vanguard Mid-Cap Value ETF,922908512,VOE,6/27/2024,6/27/2024,7/1/2024,0.883000,,,
2024-09-26,Vanguard Mid-Cap Value ETF,922908512,VOE,9/26/2024,9/26/2024,9/30/2024,0.799700,,,
2025-03-27,Vanguard Mid-Cap Value ETF,922908512,VOE,3/27/2025,3/27/2025,3/31/2025,1.053600,,,
2025-06-30,Vanguard Mid-Cap Value ETF,922908512,VOE,6/30/2025,6/30/2025,7/2/2025,0.864300,,,
2025-09-29,Vanguard Mid-Cap Value ETF,922908512,VOE,9/29/2025,9/29/2025,10/1/2025,0.872600,,,
2021-03-26,Vanguard S&P 500 ETF,922908363,VOO,3/29/2021,3/26/2021,3/31/2021,1.262500,,,
2021-06-29,Vanguard S&P 500 ETF,922908363,VOO,6/30/2021,6/29/2021,7/2/2021,1.332900,,,
2021-09-29,Vanguard S&P 500 ETF,922908363,VOO,9/30/2021,9/29/2021,10/4/2021,1.308400,,,
2022-03-24,Vanguard S&P 500 ETF,922908363,VOO,3/25/2022,3/24/2022,3/29/2022,1.373700,,,
2022-06-29,Vanguard S&P 500 ETF,922908363,VOO,6/30/2022,6/29/2022,7/5/2022,1.432100,,,
2022-09-28,Vanguard S&P 500 ETF,922908363,VOO,9/29/2022,9/28/2022,10/3/2022,1.469200,,,
2023-03-24,Vanguard S&P 500 ETF,922908363,VOO,3/27/2023,3/24/2023,3/29/2023,1.487400,,,
2023-06-29,Vanguard S&P 500 ETF,922908363,VOO,6/30/2023,6/29/2023,7/5/2023,1.576200,,,
2023-09-28,Vanguard S&P 500 ETF,922908363,VOO,9/29/2023,9/28/2023,10/3/2023,1.492500,,,
2024-03-22,Vanguard S&P 500 ETF,922908363,VOO,3/25/2024,3/22/2024,3/27/2024,1.542900,,,
2024-06-28,Vanguard S&P 500 ETF,922908363,VOO,6/28/2024,6/28/2024,7/2/2024,1.783500,,,
2024-09-27,Vanguard S&P 500 ETF,922908363,VOO,9/27/2024,9/27/2024,10/1/2024,1.638600,,,
2021-03-26,Vanguard S&P 500 Growth ETF,921932505,VOOG,3/29/2021,3/26/2021,3/31/2021,0.342500,,,
2021-06-24,Vanguard S&P 500 Growth ETF,921932505,VOOG,6/25/2021,6/24/2021,6/29/2021,0.361400,,,
2021-09-29,Vanguard S&P 500 Growth ETF,921932505,VOOG,9/30/2021,9/29/2021,10/4/2021,0.441100,,,
2022-03-24,Vanguard S&P 500 Growth ETF,921932505,VOOG,3/25/2022,3/24/2022,3/29/2022,0.433800,,,
2022-06-23,Vanguard S&P 500 Growth ETF,921932505,VOOG,6/24/2022,6/23/2022,6/28/2022,0.445500,,,
2022-09-28,Vanguard S&P 500 Growth ETF,921932505,VOOG,9/29/2022,9/28/2022,10/3/2022,0.503400,,,
2023-03-24,Vanguard S&P 500 Growth ETF,921932505,VOOG,3/27/2023,3/24/2023,3/29/2023,0.683600,,,
2023-06-29,Vanguard S&P 500 Growth ETF,921932505,VOOG,6/30/2023,6/29/2023,7/5/2023,0.698700,,,
2023-09-28,Vanguard S&P 500 Growth ETF,921932505,VOOG,9/29/2023,9/28/2023,10/3/2023,0.751100,,,
2024-03-22,Vanguard S&P 500 Growth ETF,921932505,VOOG,3/25/2024,3/22/2024,3/27/2024,0.301400,,,
2024-06-28,Vanguard S&P 500 Growth ETF,921932505,VOOG,6/28/2024,6/28/2024,7/2/2024,0.432600,,,
2024-09-27,Vanguard S&P 500 Growth ETF,921932505,VOOG,9/27/2024,9/27/2024,10/1/2024,0.521000,,,
2021-03-26,Vanguard S&P 500 Value ETF,921932703,VOOV,3/29/2021,3/26/2021,3/31/2021,0.556300,,,
2021-06-24,Vanguard S&P 500 Value ETF,921932703,VOOV,6/25/2021,6/24/2021,6/29/2021,0.619900,,,
2021-09-29,Vanguard S&P 500 Value ETF,921932703,VOOV,9/30/2021,9/29/2021,10/4/2021,0.825900,,,
2022-03-24,Vanguard S&P 500 Value ETF,921932703,VOOV,3/25/2022,3/24/2022,3/29/2022,0.586000,,,
2022-06-23,Vanguard S&P 500 Value ETF,921932703,VOOV,6/24/2022,6/23/2022,6/28/2022,0.709400,,,
2022-09-28,Vanguard S&P 500 Value ETF,921932703,VOOV,9/29/2022,9/28/2022,10/3/2022,0.819800,,,
2023-03-24,Vanguard S&P 500 Value ETF,921932703,VOOV,3/27/2023,3/24/2023,3/29/2023,0.560400,,,
2023-06-29,Vanguard S&P 500 Value ETF,921932703,VOOV,6/30/2023,6/29/2023,7/5/2023,0.686800,,,
2023-09-28,Vanguard S&P 500 Value ETF,921932703,VOOV,9/29/2023,9/28/2023,10/3/2023,0.698700,,,
2024-03-22,Vanguard S&P 500 Value ETF,921932703,VOOV,3/25/2024,3/22/2024,3/27/2024,0.786300,,,
2024-06-28,Vanguard S&P 500 Value ETF,921932703,VOOV,6/28/2024,6/28/2024,7/2/2024,0.988900,,,
2024-09-27,Vanguard S&P 500 Value ETF,921932703,VOOV,9/27/2024,9/27/2024,10/1/2024,1.061800,,,
2025-03-25,Vanguard S&P 500 Value ETF,921932703,VOOV,3/25/2025,3/25/2025,3/27/2025,0.855600,,,
2025-06-26,Vanguard S&P 500 Value ETF,921932703,VOOV,6/26/2025,6/26/2025,6/30/2025,0.866800,,,
2025-09-24,Vanguard S&P 500 Value ETF,921932703,VOOV,9/24/2025,9/24/2025,9/26/2025,0.927300,,,
2021-03-25,Vanguard Mid-Cap Growth ETF,922908538,VOT,3/26/2021,3/25/2021,3/30/2021,0.179500,,,
2021-06-24,Vanguard Mid-Cap Growth ETF,922908538,VOT,6/25/2021,6/24/2021,6/29/2021,0.173300,,,
2021-09-24,Vanguard Mid-Cap Growth ETF,922908538,VOT,9/27/2021,9/24/2021,9/29/2021,0.169600,,,
2022-03-23,Vanguard Mid-Cap Growth ETF,922908538,VOT,3/24/2022,3/23/2022,3/28/2022,0.309700,,,
2022-06-23,Vanguard Mid-Cap Growth ETF,922908538,VOT,6/24/2022,6/23/2022,6/28/2022,0.297400,,,
2022-09-23,Vanguard Mid-Cap Growth ETF,922908538,VOT,9/26/2022,9/23/2022,9/28/2022,0.373300,,,
2023-03-23,Vanguard Mid-Cap Growth ETF,922908538,VOT,3/24/2023,3/23/2023,3/28/2023,0.380500,,,
2023-06-23,Vanguard Mid-Cap Growth ETF,922908538,VOT,6/26/2023,6/23/2023,6/28/2023,0.315600,,,
2023-09-21,Vanguard Mid-Cap Growth ETF,922908538,VOT,9/22/2023,9/21/2023,9/26/2023,0.312600,,,
2024-03-21,Vanguard Mid-Cap Growth ETF,922908538,VOT,3/22/2024,3/21/2024,3/26/2024,0.408500,,,
2024-06-27,Vanguard Mid-Cap Growth ETF,922908538,VOT,6/27/2024,6/27/2024,7/1/2024,0.387400,,,
2024-09-26,Vanguard Mid-Cap Growth ETF,922908538,VOT,9/26/2024,9/26/2024,9/30/2024,0.401200,,,
2021-03-19,Vanguard Pacific Stock Index Fund Investor Shares,922042106,VPACX,3/18/2021,3/19/2021,3/22/2021,0.023900,,,
2021-06-18,Vanguard Pacific Stock Index Fund Investor Shares,922042106,VPACX,6/17/2021,6/18/2021,6/21/2021,0.088500,,,
2021-09-17,Vanguard Pacific Stock Index Fund Investor Shares,922042106,VPACX,9/16/2021,9/17/2021,9/20/2021,0.063200,,,
2022-03-18,Vanguard Pacific Stock Index Fund Investor Shares,922042106,VPACX,3/17/2022,3/18/2022,3/21/2022,0.004400,,,
2022-06-17,Vanguard Pacific Stock Index Fund Investor Shares,922042106,VPACX,6/16/2022,6/17/2022,6/21/2022,0.098600,,,
2022-09-16,Vanguard Pacific Stock Index Fund Investor Shares,922042106,VPACX,9/15/2022,9/16/2022,9/19/2022,0.023100,,,
2023-03-17,Vanguard Pacific Stock Index Fund Investor Shares,922042106,VPACX,3/16/2023,3/17/2023,3/20/2023,0.023200,,,
2023-06-16,Vanguard Pacific Stock Index Fund Investor Shares,922042106,VPACX,6/15/2023,6/16/2023,6/20/2023,0.094600,,,
2023-09-15,Vanguard Pacific Stock Index Fund Investor Shares,922042106,VPACX,9/14/2023,9/15/2023,9/18/2023,0.048000,,,
2025-03-21,Vanguard Pacific Stock Index Fund Investor Shares,922042106,VPACX,3/20/2025,3/21/2025,3/24/2025,0.074300,,,
2025-06-20,Vanguard Pacific Stock Index Fund Investor Shares,922042106,VPACX,6/18/2025,6/20/2025,6/23/2025,0.028000,,,
2025-09-19,Vanguard Pacific Stock Index Fund Investor Shares,922042106,VPACX,9/18/2025,9/19/2025,9/22/2025,0.109300,,,
2021-03-19,Vanguard Pacific Stock Index Fund Admiral Shares,922042700,VPADX,3/18/2021,3/19/2021,3/22/2021,0.187900,,,
2021-06-18,Vanguard Pacific Stock Index Fund Admiral Shares,922042700,VPADX,6/17/2021,6/18/2021,6/21/2021,0.607400,,,
2021-09-17,Vanguard Pacific Stock Index Fund Admiral Shares,922042700,VPADX,9/16/2021,9/17/2021,9/20/2021,0.443900,,,
2022-03-18,Vanguard Pacific Stock Index Fund Admiral Shares,922042700,VPADX,3/17/2022,3/18/2022,3/21/2022,0.060100,,,
2022-06-17,Vanguard Pacific Stock Index Fund Admiral Shares,922042700,VPADX,6/16/2022,6/17/2022,6/21/2022,0.669800,,,
2022-09-16,Vanguard Pacific Stock Index Fund Admiral Shares,922042700,VPADX,9/15/2022,9/16/2022,9/19/2022,0.180100,,,
2023-03-17,Vanguard Pacific Stock Index Fund Admiral Shares,922042700,VPADX,3/16/2023,3/17/2023,3/20/2023,0.176500,,,
2023-06-16,Vanguard Pacific Stock Index Fund Admiral Shares,922042700,VPADX,6/15/2023,6/16/2023,6/20/2023,0.640500,,,
2023-09-15,Vanguard Pacific Stock Index Fund Admiral Shares,922042700,VPADX,9/14/2023,9/15/2023,9/18/2023,0.339900,,,
2024-03-15,Vanguard Pacific Stock Index Fund Admiral Shares,922042700,VPADX,3/14/2024,3/15/2024,3/18/2024,0.350400,,,
2024-06-21,Vanguard Pacific Stock Index Fund Admiral Shares,922042700,VPADX,6/20/2024,6/21/2024,6/24/2024,0.246600,,,
2024-09-20,Vanguard Pacific Stock Index Fund Admiral Shares,922042700,VPADX,9/19/2024,9/20/2024,9/23/2024,0.622800,,,
2025-03-21,Vanguard Pacific Stock Index Fund Admiral Shares,922042700,VPADX,3/20/2025,3/21/2025,3/24/2025,0.512200,,,
2025-06-20,Vanguard Pacific Stock Index Fund Admiral Shares,922042700,VPADX,6/18/2025,6/20/2025,6/23/2025,0.223600,,,
2025-09-19,Vanguard Pacific Stock Index Fund Admiral Shares,922042700,VPADX,9/18/2025,9/19/2025,9/22/2025,0.744900,,,
2021-03-19,Vanguard Pacific Stock Index Fund Institutional Shares,922042403,VPKIX,3/18/2021,3/19/2021,3/22/2021,0.029500,,,
2021-06-18,Vanguard Pacific Stock Index Fund Institutional Shares,922042403,VPKIX,6/17/2021,6/18/2021,6/21/2021,0.093400,,,
2021-09-17,Vanguard Pacific Stock Index Fund Institutional Shares,922042403,VPKIX,9/16/2021,9/17/2021,9/20/2021,0.068700,,,
2022-03-18,Vanguard Pacific Stock Index Fund Institutional Shares,922042403,VPKIX,3/17/2022,3/18/2022,3/21/2022,0.009700,,,
2022-06-17,Vanguard Pacific Stock Index Fund Institutional Shares,922042403,VPKIX,6/16/2022,6/17/2022,6/21/2022,0.102700,,,
2022-09-16,Vanguard Pacific Stock Index Fund Institutional Shares,922042403,VPKIX,9/15/2022,9/16/2022,9/19/2022,0.028200,,,
2023-03-17,Vanguard Pacific Stock Index Fund Institutional Shares,922042403,VPKIX,3/16/2023,3/17/2023,3/20/2023,0.027600,,,
2023-06-16,Vanguard Pacific Stock Index Fund Institutional Shares,922042403,VPKIX,6/15/2023,6/16/2023,6/20/2023,0.098700,,,
2023-09-15,Vanguard Pacific Stock Index Fund Institutional Shares,922042403,VPKIX,9/14/2023,9/15/2023,9/18/2023,0.052700,,,
2024-03-15,Vanguard Pacific Stock Index Fund Institutional Shares,922042403,VPKIX,3/14/2024,3/15/2024,3/18/2024,0.054300,,,
2024-06-21,Vanguard Pacific Stock Index Fund Institutional Shares,922042403,VPKIX,6/20/2024,6/21/2024,6/24/2024,0.038500,,,
2024-09-20,Vanguard Pacific Stock Index Fund Institutional Shares,922042403,VPKIX,9/19/2024,9/20/2024,9/23/2024,0.096000,,,
2025-03-21,Vanguard Pacific Stock Index Fund Institutional Shares,922042403,VPKIX,3/20/2025,3/21/2025,3/24/2025,0.079000,,,
2025-06-20,Vanguard Pacific Stock Index Fund Institutional Shares,922042403,VPKIX,6/18/2025,6/20/2025,6/23/2025,0.034900,,,
2025-09-19,Vanguard Pacific Stock Index Fund Institutional Shares,922042403,VPKIX,9/18/2025,9/19/2025,9/22/2025,0.114800,,,
2021-03-22,Vanguard FTSE Pacific ETF,922042866,VPL,3/23/2021,3/22/2021,3/25/2021,0.156600,,,
2021-06-21,Vanguard FTSE Pacific ETF,922042866,VPL,6/22/2021,6/21/2021,6/24/2021,0.495200,,,
2021-09-20,Vanguard FTSE Pacific ETF,922042866,VPL,9/21/2021,9/20/2021,9/23/2021,0.363400,,,
2022-03-21,Vanguard FTSE Pacific ETF,922042866,VPL,3/22/2022,3/21/2022,3/24/2022,0.052300,,,
2022-06-21,Vanguard FTSE Pacific ETF,922042866,VPL,6/22/2022,6/21/2022,6/24/2022,0.545000,,,
2022-09-19,Vanguard FTSE Pacific ETF,922042866,VPL,9/20/2022,9/19/2022,9/22/2022,0.149000,,,
2023-03-20,Vanguard FTSE Pacific ETF,922042866,VPL,3/21/2023,3/20/2023,3/23/2023,0.145900,,,
2023-06-20,Vanguard FTSE Pacific ETF,922042866,VPL,6/21/2023,6/20/2023,6/23/2023,0.521300,,,
2023-09-18,Vanguard FTSE Pacific ETF,922042866,VPL,9/19/2023,9/18/2023,9/21/2023,0.278400,,,
2024-03-15,Vanguard FTSE Pacific ETF,922042866,VPL,3/18/2024,3/15/2024,3/20/2024,0.286800,,,
2024-06-21,Vanguard FTSE Pacific ETF,922042866,VPL,6/21/2024,6/21/2024,6/25/2024,0.203500,,,
2024-09-20,Vanguard FTSE Pacific ETF,922042866,VPL,9/20/2024,9/20/2024,9/24/2024,0.507200,,,
2025-03-21,Vanguard FTSE Pacific ETF,922042866,VPL,3/21/2025,3/21/2025,3/25/2025,0.417800,,,
2025-06-20,Vanguard FTSE Pacific ETF,922042866,VPL,6/20/2025,6/20/2025,6/24/2025,0.184400,,,
2025-09-19,Vanguard FTSE Pacific ETF,922042866,VPL,9/19/2025,9/19/2025,9/23/2025,0.606300,,,
2024-03-01,Vanguard Core-Plus Bond ETF,922020755,VPLS,3/4/2024,3/1/2024,3/6/2024,0.251000,,,
2024-06-03,Vanguard Core-Plus Bond ETF,922020755,VPLS,6/3/2024,6/3/2024,6/5/2024,0.288500,,,
2024-09-03,Vanguard Core-Plus Bond ETF,922020755,VPLS,9/3/2024,9/3/2024,9/5/2024,0.283500,,,
2021-06-18,Vanguard Growth and Income Fund Investor Shares,921913109,VQNPX,6/17/2021,6/18/2021,6/21/2021,0.316300,,,
2022-06-17,Vanguard Growth and Income Fund Investor Shares,921913109,VQNPX,6/16/2022,6/17/2022,6/21/2022,0.356800,,,
2023-06-22,Vanguard Growth and Income Fund Investor Shares,921913109,VQNPX,6/21/2023,6/22/2023,6/23/2023,0.340300,,,
2024-06-27,Vanguard Growth and Income Fund Investor Shares,921913109,VQNPX,6/26/2024,6/27/2024,6/28/2024,0.282000,,,
2022-03-28,Vanguard LifeStrategy Conservative Growth Fund,921909305,VSCGX,3/25/2022,3/28/2022,3/29/2022,0.060700,,,
2022-06-28,Vanguard LifeStrategy Conservative Growth Fund,921909305,VSCGX,6/27/2022,6/28/2022,6/29/2022,0.105400,,,
2022-09-27,Vanguard LifeStrategy Conservative Growth Fund,921909305,VSCGX,9/26/2022,9/27/2022,9/28/2022,0.091900,,,
2023-03-28,Vanguard LifeStrategy Conservative Growth Fund,921909305,VSCGX,3/27/2023,3/28/2023,3/29/2023,0.085000,,,
2023-06-28,Vanguard LifeStrategy Conservative Growth Fund,921909305,VSCGX,6/27/2023,6/28/2023,6/29/2023,0.133200,,,
2023-09-27,Vanguard LifeStrategy Conservative Growth Fund,921909305,VSCGX,9/26/2023,9/27/2023,9/28/2023,0.116900,,,
2024-03-27,Vanguard LifeStrategy Conservative Growth Fund,921909305,VSCGX,3/26/2024,3/27/2024,3/28/2024,0.111300,,,
2024-06-28,Vanguard LifeStrategy Conservative Growth Fund,921909305,VSCGX,6/27/2024,6/28/2024,7/1/2024,0.157300,,,
2024-09-27,Vanguard LifeStrategy Conservative Growth Fund,921909305,VSCGX,9/26/2024,9/27/2024,9/30/2024,0.136400,,,
2021-03-24,Vanguard Small-Cap Index Fund Institutional Shares,922908876,VSCIX,3/23/2021,3/24/2021,3/25/2021,0.272200,,,
2021-06-23,Vanguard Small-Cap Index Fund Institutional Shares,922908876,VSCIX,6/22/2021,6/23/2021,6/24/2021,0.268600,,,
2021-09-23,Vanguard Small-Cap Index Fund Institutional Shares,922908876,VSCIX,9/22/2021,9/23/2021,9/24/2021,0.283500,,,
2022-03-22,Vanguard Small-Cap Index Fund Institutional Shares,922908876,VSCIX,3/21/2022,3/22/2022,3/23/2022,0.269300,,,
2022-06-22,Vanguard Small-Cap Index Fund Institutional Shares,922908876,VSCIX,6/21/2022,6/22/2022,6/23/2022,0.284700,,,
2022-09-22,Vanguard Small-Cap Index Fund Institutional Shares,922908876,VSCIX,9/21/2022,9/22/2022,9/23/2022,0.321100,,,
2023-03-22,Vanguard Small-Cap Index Fund Institutional Shares,922908876,VSCIX,3/21/2023,3/22/2023,3/23/2023,0.359700,,,
2023-06-22,Vanguard Small-Cap Index Fund Institutional Shares,922908876,VSCIX,6/21/2023,6/22/2023,6/23/2023,0.365900,,,
2023-09-20,Vanguard Small-Cap Index Fund Institutional Shares,922908876,VSCIX,9/19/2023,9/20/2023,9/21/2023,0.354600,,,
2024-03-22,Vanguard Small-Cap Index Fund Institutional Shares,922908876,VSCIX,3/21/2024,3/22/2024,3/25/2024,0.326800,,,
2024-06-28,Vanguard Small-Cap Index Fund Institutional Shares,922908876,VSCIX,6/27/2024,6/28/2024,7/1/2024,0.408400,,,
2024-09-27,Vanguard Small-Cap Index Fund Institutional Shares,922908876,VSCIX,9/26/2024,9/27/2024,9/30/2024,0.340300,,,
2022-03-22,Vanguard Small-Cap Index Fund Institutional Plus Shares,922908397,VSCPX,3/21/2022,3/22/2022,3/23/2022,0.784400,,,
2022-06-22,Vanguard Small-Cap Index Fund Institutional Plus Shares,922908397,VSCPX,6/21/2022,6/22/2022,6/23/2022,0.828500,,,
2022-09-22,Vanguard Small-Cap Index Fund Institutional Plus Shares,922908397,VSCPX,9/21/2022,9/22/2022,9/23/2022,0.933800,,,
2023-03-22,Vanguard Small-Cap Index Fund Institutional Plus Shares,922908397,VSCPX,3/21/2023,3/22/2023,3/23/2023,1.044900,,,
2023-06-22,Vanguard Small-Cap Index Fund Institutional Plus Shares,922908397,VSCPX,6/21/2023,6/22/2023,6/23/2023,1.062300,,,
2023-09-20,Vanguard Small-Cap Index Fund Institutional Plus Shares,922908397,VSCPX,9/19/2023,9/20/2023,9/21/2023,1.030500,,,
2024-03-22,Vanguard Small-Cap Index Fund Institutional Plus Shares,922908397,VSCPX,3/21/2024,3/22/2024,3/25/2024,0.950800,,,
2024-06-28,Vanguard Small-Cap Index Fund Institutional Plus Shares,922908397,VSCPX,6/27/2024,6/28/2024,7/1/2024,1.186800,,,
2024-09-27,Vanguard Small-Cap Index Fund Institutional Plus Shares,922908397,VSCPX,9/26/2024,9/27/2024,9/30/2024,0.990000,,,
2025-06-02,Vanguard Short Duration Bond ETF,922020730,VSDB,6/2/2025,6/2/2025,6/4/2025,0.207300,,,
2025-09-02,Vanguard Short Duration Bond ETF,922020730,VSDB,9/2/2025,9/2/2025,9/4/2025,0.275900,,,
2021-03-24,Vanguard Extended Market Index Fund Institutional Select Shares,922908322,VSEMX,3/23/2021,3/24/2021,3/25/2021,0.760800,,,
2021-06-23,Vanguard Extended Market Index Fund Institutional Select Shares,922908322,VSEMX,6/22/2021,6/23/2021,6/24/2021,0.547900,,,
2021-09-23,Vanguard Extended Market Index Fund Institutional Select Shares,922908322,VSEMX,9/22/2021,9/23/2021,9/24/2021,0.348900,,,
2022-03-22,Vanguard Extended Market Index Fund Institutional Select Shares,922908322,VSEMX,3/21/2022,3/22/2022,3/23/2022,0.200300,,,
2022-06-22,Vanguard Extended Market Index Fund Institutional Select Shares,922908322,VSEMX,6/21/2022,6/22/2022,6/23/2022,0.315300,,,
2022-09-22,Vanguard Extended Market Index Fund Institutional Select Shares,922908322,VSEMX,9/21/2022,9/22/2022,9/23/2022,0.567300,,,
2024-03-22,Vanguard Extended Market Index Fund Institutional Select Shares,922908322,VSEMX,3/21/2024,3/22/2024,3/25/2024,0.577900,,,
2024-06-28,Vanguard Extended Market Index Fund Institutional Select Shares,922908322,VSEMX,6/27/2024,6/28/2024,7/1/2024,0.689400,,,
2024-09-27,Vanguard Extended Market Index Fund Institutional Select Shares,922908322,VSEMX,9/26/2024,9/27/2024,9/30/2024,0.609600,,,
2021-03-24,Vanguard Small-Cap Growth Index Fund Admiral Shares,921937710,VSGAX,3/23/2021,3/24/2021,3/25/2021,0.067200,,,
2021-06-23,Vanguard Small-Cap Growth Index Fund Admiral Shares,921937710,VSGAX,6/22/2021,6/23/2021,6/24/2021,0.106700,,,
2021-09-23,Vanguard Small-Cap Growth Index Fund Admiral Shares,921937710,VSGAX,9/22/2021,9/23/2021,9/24/2021,0.052100,,,
2022-06-22,Vanguard Small-Cap Growth Index Fund Admiral Shares,921937710,VSGAX,6/21/2022,6/22/2022,6/23/2022,0.083900,,,
2022-09-22,Vanguard Small-Cap Growth Index Fund Admiral Shares,921937710,VSGAX,9/21/2022,9/22/2022,9/23/2022,0.137300,,,
2023-03-22,Vanguard Small-Cap Growth Index Fund Admiral Shares,921937710,VSGAX,3/21/2023,3/22/2023,3/23/2023,0.114500,,,
2023-06-22,Vanguard Small-Cap Growth Index Fund Admiral Shares,921937710,VSGAX,6/21/2023,6/22/2023,6/23/2023,0.132400,,,
2023-09-20,Vanguard Small-Cap Growth Index Fund Admiral Shares,921937710,VSGAX,9/19/2023,9/20/2023,9/21/2023,0.110200,,,
2021-03-31,Vanguard Short-Term Federal Fund Investor Shares,922031604,VSGBX,3/30/2021,3/31/2021,4/1/2021,0.005616,0.043500,,
2021-06-30,Vanguard Short-Term Federal Fund Investor Shares,922031604,VSGBX,6/30/2021,6/30/2021,7/1/2021,0.004299,,,
2021-09-30,Vanguard Short-Term Federal Fund Investor Shares,922031604,VSGBX,9/30/2021,9/30/2021,10/1/2021,0.002977,,,
2021-03-31,Vanguard Short-Term Federal Fund Admiral Shares,922031844,VSGDX,3/30/2021,3/31/2021,4/1/2021,0.006547,0.043500,,
2021-06-30,Vanguard Short-Term Federal Fund Admiral Shares,922031844,VSGDX,6/30/2021,6/30/2021,7/1/2021,0.005200,,,
2021-09-30,Vanguard Short-Term Federal Fund Admiral Shares,922031844,VSGDX,9/30/2021,9/30/2021,10/1/2021,0.003876,,,
2021-03-24,Vanguard Small-Cap Growth Index Fund Institutional Shares,922908819,VSGIX,3/23/2021,3/24/2021,3/25/2021,0.055700,,,
2021-06-23,Vanguard Small-Cap Growth Index Fund Institutional Shares,922908819,VSGIX,6/22/2021,6/23/2021,6/24/2021,0.087400,,,
2021-09-23,Vanguard Small-Cap Growth Index Fund Institutional Shares,922908819,VSGIX,9/22/2021,9/23/2021,9/24/2021,0.043800,,,
2022-06-22,Vanguard Small-Cap Growth Index Fund Institutional Shares,922908819,VSGIX,6/21/2022,6/22/2022,6/23/2022,0.071000,,,
2022-09-22,Vanguard Small-Cap Growth Index Fund Institutional Shares,922908819,VSGIX,9/21/2022,9/22/2022,9/23/2022,0.111600,,,
2023-03-22,Vanguard Small-Cap Growth Index Fund Institutional Shares,922908819,VSGIX,3/21/2023,3/22/2023,3/23/2023,0.093200,,,
2023-06-22,Vanguard Small-Cap Growth Index Fund Institutional Shares,922908819,VSGIX,6/21/2023,6/22/2023,6/23/2023,0.107600,,,
2023-09-20,Vanguard Small-Cap Growth Index Fund Institutional Shares,922908819,VSGIX,9/19/2023,9/20/2023,9/21/2023,0.089900,,,
2024-03-21,Vanguard Small-Cap Growth Index Fund Institutional Shares,922908819,VSGIX,3/20/2024,3/21/2024,3/22/2024,0.115500,,,
2024-06-27,Vanguard Small-Cap Growth Index Fund Institutional Shares,922908819,VSGIX,6/26/2024,6/27/2024,6/28/2024,0.118400,,,
2024-09-26,Vanguard Small-Cap Growth Index Fund Institutional Shares,922908819,VSGIX,9/25/2024,9/26/2024,9/27/2024,0.082300,,,
2025-03-27,Vanguard Small-Cap Growth Index Fund Institutional Shares,922908819,VSGIX,3/26/2025,3/27/2025,3/28/2025,0.115000,,,
2025-06-30,Vanguard Small-Cap Growth Index Fund Institutional Shares,922908819,VSGIX,6/27/2025,6/30/2025,7/1/2025,0.120500,,,
2025-09-29,Vanguard Small-Cap Growth Index Fund Institutional Shares,922908819,VSGIX,9/26/2025,9/29/2025,9/30/2025,0.124000,,,
2021-03-19,Vanguard ESG International Stock ETF,921910725,VSGX,3/22/2021,3/19/2021,3/24/2021,0.134000,,,
2021-06-18,Vanguard ESG International Stock ETF,921910725,VSGX,6/21/2021,6/18/2021,6/23/2021,0.493600,,,
2021-09-17,Vanguard ESG International Stock ETF,921910725,VSGX,9/20/2021,9/17/2021,9/22/2021,0.249600,,,
2022-03-18,Vanguard ESG International Stock ETF,921910725,VSGX,3/21/2022,3/18/2022,3/23/2022,0.142600,,,
2022-06-17,Vanguard ESG International Stock ETF,921910725,VSGX,6/21/2022,6/17/2022,6/23/2022,0.613300,,,
2022-09-16,Vanguard ESG International Stock ETF,921910725,VSGX,9/19/2022,9/16/2022,9/21/2022,0.125100,,,
2023-03-17,Vanguard ESG International Stock ETF,921910725,VSGX,3/20/2023,3/17/2023,3/22/2023,0.103500,,,
2023-06-16,Vanguard ESG International Stock ETF,921910725,VSGX,6/20/2023,6/16/2023,6/22/2023,0.646100,,,
2023-09-15,Vanguard ESG International Stock ETF,921910725,VSGX,9/18/2023,9/15/2023,9/20/2023,0.237300,,,
2024-03-15,Vanguard ESG International Stock ETF,921910725,VSGX,3/18/2024,3/15/2024,3/20/2024,0.313100,,,
2024-06-21,Vanguard ESG International Stock ETF,921910725,VSGX,6/21/2024,6/21/2024,6/25/2024,0.563900,,,
2024-09-20,Vanguard ESG International Stock ETF,921910725,VSGX,9/20/2024,9/20/2024,9/24/2024,0.386000,,,
2021-03-24,Vanguard Small-Cap Value Index Fund Admiral Shares,921937686,VSIAX,3/23/2021,3/24/2021,3/25/2021,0.273300,,,
2021-06-23,Vanguard Small-Cap Value Index Fund Admiral Shares,921937686,VSIAX,6/22/2021,6/23/2021,6/24/2021,0.279500,,,
2021-09-23,Vanguard Small-Cap Value Index Fund Admiral Shares,921937686,VSIAX,9/22/2021,9/23/2021,9/24/2021,0.284200,,,
2022-03-22,Vanguard Small-Cap Value Index Fund Admiral Shares,921937686,VSIAX,3/21/2022,3/22/2022,3/23/2022,0.268900,,,
2022-06-22,Vanguard Small-Cap Value Index Fund Admiral Shares,921937686,VSIAX,6/21/2022,6/22/2022,6/23/2022,0.306200,,,
2022-09-22,Vanguard Small-Cap Value Index Fund Admiral Shares,921937686,VSIAX,9/21/2022,9/22/2022,9/23/2022,0.331500,,,
2023-03-22,Vanguard Small-Cap Value Index Fund Admiral Shares,921937686,VSIAX,3/21/2023,3/22/2023,3/23/2023,0.383100,,,
2023-06-22,Vanguard Small-Cap Value Index Fund Admiral Shares,921937686,VSIAX,6/21/2023,6/22/2023,6/23/2023,0.381300,,,
2023-09-20,Vanguard Small-Cap Value Index Fund Admiral Shares,921937686,VSIAX,9/19/2023,9/20/2023,9/21/2023,0.375900,,,
2024-03-21,Vanguard Small-Cap Value Index Fund Admiral Shares,921937686,VSIAX,3/20/2024,3/21/2024,3/22/2024,0.404900,,,
2024-06-27,Vanguard Small-Cap Value Index Fund Admiral Shares,921937686,VSIAX,6/26/2024,6/27/2024,6/28/2024,0.436800,,,
2024-09-26,Vanguard Small-Cap Value Index Fund Admiral Shares,921937686,VSIAX,9/25/2024,9/26/2024,9/27/2024,0.373700,,,
2025-03-27,Vanguard Small-Cap Value Index Fund Admiral Shares,921937686,VSIAX,3/26/2025,3/27/2025,3/28/2025,0.533900,,,
2025-06-30,Vanguard Small-Cap Value Index Fund Admiral Shares,921937686,VSIAX,6/27/2025,6/30/2025,7/1/2025,0.391400,,,
2025-09-29,Vanguard Small-Cap Value Index Fund Admiral Shares,921937686,VSIAX,9/26/2025,9/29/2025,9/30/2025,0.398700,,,
2022-03-22,Vanguard Small-Cap Value Index Fund Institutional Shares,922908785,VSIIX,3/21/2022,3/22/2022,3/23/2022,0.151200,,,
2022-06-22,Vanguard Small-Cap Value Index Fund Institutional Shares,922908785,VSIIX,6/21/2022,6/22/2022,6/23/2022,0.172200,,,
2022-09-22,Vanguard Small-Cap Value Index Fund Institutional Shares,922908785,VSIIX,9/21/2022,9/22/2022,9/23/2022,0.186400,,,
2023-03-22,Vanguard Small-Cap Value Index Fund Institutional Shares,922908785,VSIIX,3/21/2023,3/22/2023,3/23/2023,0.215200,,,
2023-06-22,Vanguard Small-Cap Value Index Fund Institutional Shares,922908785,VSIIX,6/21/2023,6/22/2023,6/23/2023,0.214000,,,
2023-09-20,Vanguard Small-Cap Value Index Fund Institutional Shares,922908785,VSIIX,9/19/2023,9/20/2023,9/21/2023,0.211100,,,
2024-03-21,Vanguard Small-Cap Value Index Fund Institutional Shares,922908785,VSIIX,3/20/2024,3/21/2024,3/22/2024,0.227400,,,
2024-06-27,Vanguard Small-Cap Value Index Fund Institutional Shares,922908785,VSIIX,6/26/2024,6/27/2024,6/28/2024,0.245300,,,
2024-09-26,Vanguard Small-Cap Value Index Fund Institutional Shares,922908785,VSIIX,9/25/2024,9/26/2024,9/27/2024,0.210100,,,
2025-03-27,Vanguard Small-Cap Value Index Fund Institutional Shares,922908785,VSIIX,3/26/2025,3/27/2025,3/28/2025,0.299700,,,
2025-06-30,Vanguard Small-Cap Value Index Fund Institutional Shares,922908785,VSIIX,6/27/2025,6/30/2025,7/1/2025,0.219800,,,
2025-09-29,Vanguard Small-Cap Value Index Fund Institutional Shares,922908785,VSIIX,9/26/2025,9/29/2025,9/30/2025,0.224000,,,
2021-03-24,Vanguard Small-Cap Index Fund Admiral Shares,922908686,VSMAX,3/23/2021,3/24/2021,3/25/2021,0.269800,,,
2021-06-23,Vanguard Small-Cap Index Fund Admiral Shares,922908686,VSMAX,6/22/2021,6/23/2021,6/24/2021,0.266000,,,
2021-09-23,Vanguard Small-Cap Index Fund Admiral Shares,922908686,VSMAX,9/22/2021,9/23/2021,9/24/2021,0.280800,,,
2022-03-22,Vanguard Small-Cap Index Fund Admiral Shares,922908686,VSMAX,3/21/2022,3/22/2022,3/23/2022,0.266900,,,
2022-06-22,Vanguard Small-Cap Index Fund Admiral Shares,922908686,VSMAX,6/21/2022,6/22/2022,6/23/2022,0.282200,,,
2022-09-22,Vanguard Small-Cap Index Fund Admiral Shares,922908686,VSMAX,9/21/2022,9/22/2022,9/23/2022,0.318900,,,
2023-03-22,Vanguard Small-Cap Index Fund Admiral Shares,922908686,VSMAX,3/21/2023,3/22/2023,3/23/2023,0.357400,,,
2023-06-22,Vanguard Small-Cap Index Fund Admiral Shares,922908686,VSMAX,6/21/2023,6/22/2023,6/23/2023,0.363600,,,
2023-09-20,Vanguard Small-Cap Index Fund Admiral Shares,922908686,VSMAX,9/19/2023,9/20/2023,9/21/2023,0.352300,,,
2024-03-22,Vanguard Small-Cap Index Fund Admiral Shares,922908686,VSMAX,3/21/2024,3/22/2024,3/25/2024,0.324200,,,
2024-06-28,Vanguard Small-Cap Index Fund Admiral Shares,922908686,VSMAX,6/27/2024,6/28/2024,7/1/2024,0.405600,,,
2024-09-27,Vanguard Small-Cap Index Fund Admiral Shares,922908686,VSMAX,9/26/2024,9/27/2024,9/30/2024,0.337600,,,
2021-06-28,Vanguard LifeStrategy Moderate Growth Fund,921909404,VSMGX,6/25/2021,6/28/2021,6/29/2021,0.227400,,,
2022-06-28,Vanguard LifeStrategy Moderate Growth Fund,921909404,VSMGX,6/27/2022,6/28/2022,6/29/2022,0.242100,,,
2023-06-28,Vanguard LifeStrategy Moderate Growth Fund,921909404,VSMGX,6/27/2023,6/28/2023,6/29/2023,0.294500,,,
2021-03-24,Vanguard Total Stock Market Index Fund Institutional Plus Shares,922908355,VSMPX,3/23/2021,3/24/2021,3/25/2021,0.617700,,,
2021-06-23,Vanguard Total Stock Market Index Fund Institutional Plus Shares,922908355,VSMPX,6/22/2021,6/23/2021,6/24/2021,0.621200,,,
2021-09-23,Vanguard Total Stock Market Index Fund Institutional Plus Shares,922908355,VSMPX,9/22/2021,9/23/2021,9/24/2021,0.666200,,,
2023-03-22,Vanguard Total Stock Market Index Fund Institutional Plus Shares,922908355,VSMPX,3/21/2023,3/22/2023,3/23/2023,0.718000,,,
2023-06-22,Vanguard Total Stock Market Index Fund Institutional Plus Shares,922908355,VSMPX,6/21/2023,6/22/2023,6/23/2023,0.754700,,,
2023-09-20,Vanguard Total Stock Market Index Fund Institutional Plus Shares,922908355,VSMPX,9/19/2023,9/20/2023,9/21/2023,0.729100,,,
2024-03-22,Vanguard Total Stock Market Index Fund Institutional Plus Shares,922908355,VSMPX,3/21/2024,3/22/2024,3/25/2024,0.831500,,,
2024-06-28,Vanguard Total Stock Market Index Fund Institutional Plus Shares,922908355,VSMPX,6/27/2024,6/28/2024,7/1/2024,0.869400,,,
2024-09-27,Vanguard Total Stock Market Index Fund Institutional Plus Shares,922908355,VSMPX,9/26/2024,9/27/2024,9/30/2024,0.795200,,,
2021-03-25,Vanguard S&P Small-Cap 600 Value Index Fund Institutional Shares,921932760,VSMVX,3/24/2021,3/25/2021,3/26/2021,0.979300,,,
2021-06-23,Vanguard S&P Small-Cap 600 Value Index Fund Institutional Shares,921932760,VSMVX,6/22/2021,6/23/2021,6/24/2021,1.019200,,,
2021-09-28,Vanguard S&P Small-Cap 600 Value Index Fund Institutional Shares,921932760,VSMVX,9/27/2021,9/28/2021,9/29/2021,2.080500,,,
2021-03-25,Vanguard S&P 500 Growth Institutional Shares,921932604,VSPGX,3/24/2021,3/25/2021,3/26/2021,0.840100,,,
2021-06-23,Vanguard S&P 500 Growth Institutional Shares,921932604,VSPGX,6/22/2021,6/23/2021,6/24/2021,0.860000,,,
2021-09-28,Vanguard S&P 500 Growth Institutional Shares,921932604,VSPGX,9/27/2021,9/28/2021,9/29/2021,1.003800,,,
2022-03-23,Vanguard S&P 500 Growth Institutional Shares,921932604,VSPGX,3/22/2022,3/23/2022,3/24/2022,1.016100,,,
2022-06-22,Vanguard S&P 500 Growth Institutional Shares,921932604,VSPGX,6/21/2022,6/22/2022,6/23/2022,1.036200,,,
2022-09-27,Vanguard S&P 500 Growth Institutional Shares,921932604,VSPGX,9/26/2022,9/27/2022,9/28/2022,1.172600,,,
2023-03-23,Vanguard S&P 500 Growth Institutional Shares,921932604,VSPGX,3/22/2023,3/23/2023,3/24/2023,1.580800,,,
2023-06-28,Vanguard S&P 500 Growth Institutional Shares,921932604,VSPGX,6/27/2023,6/28/2023,6/29/2023,1.618500,,,
2023-09-27,Vanguard S&P 500 Growth Institutional Shares,921932604,VSPGX,9/26/2023,9/27/2023,9/28/2023,1.737900,,,
2024-03-22,Vanguard S&P 500 Growth Institutional Shares,921932604,VSPGX,3/21/2024,3/22/2024,3/25/2024,0.716700,,,
2024-06-28,Vanguard S&P 500 Growth Institutional Shares,921932604,VSPGX,6/27/2024,6/28/2024,7/1/2024,1.014900,,,
2024-09-27,Vanguard S&P 500 Growth Institutional Shares,921932604,VSPGX,9/26/2024,9/27/2024,9/30/2024,1.220100,,,
2025-03-25,Vanguard S&P 500 Growth Institutional Shares,921932604,VSPGX,3/24/2025,3/25/2025,3/26/2025,1.286200,,,
2022-03-23,Vanguard S&P Mid-Cap 400 Index Fund Institutional Shares,921932877,VSPMX,3/22/2022,3/23/2022,3/24/2022,0.747500,,,
2022-06-22,Vanguard S&P Mid-Cap 400 Index Fund Institutional Shares,921932877,VSPMX,6/21/2022,6/22/2022,6/23/2022,1.093800,,,
2022-09-27,Vanguard S&P Mid-Cap 400 Index Fund Institutional Shares,921932877,VSPMX,9/26/2022,9/27/2022,9/28/2022,1.703700,,,
2023-03-23,Vanguard S&P Mid-Cap 400 Index Fund Institutional Shares,921932877,VSPMX,3/22/2023,3/23/2023,3/24/2023,0.836000,,,
2023-06-28,Vanguard S&P Mid-Cap 400 Index Fund Institutional Shares,921932877,VSPMX,6/27/2023,6/28/2023,6/29/2023,1.120600,,,
2023-09-27,Vanguard S&P Mid-Cap 400 Index Fund Institutional Shares,921932877,VSPMX,9/26/2023,9/27/2023,9/28/2023,1.011900,,,
2024-03-22,Vanguard S&P Mid-Cap 400 Index Fund Institutional Shares,921932877,VSPMX,3/21/2024,3/22/2024,3/25/2024,0.938800,,,
2024-06-28,Vanguard S&P Mid-Cap 400 Index Fund Institutional Shares,921932877,VSPMX,6/27/2024,6/28/2024,7/1/2024,1.501300,,,
2024-09-27,Vanguard S&P Mid-Cap 400 Index Fund Institutional Shares,921932877,VSPMX,9/26/2024,9/27/2024,9/30/2024,1.457700,,,
2021-03-25,Vanguard S&P 500 Value Index Fund Institutional Shares,921932802,VSPVX,3/24/2021,3/25/2021,3/26/2021,1.233600,,,
2021-06-23,Vanguard S&P 500 Value Index Fund Institutional Shares,921932802,VSPVX,6/22/2021,6/23/2021,6/24/2021,1.371700,,,
2021-09-28,Vanguard S&P 500 Value Index Fund Institutional Shares,921932802,VSPVX,9/27/2021,9/28/2021,9/29/2021,1.825000,,,
2022-03-23,Vanguard S&P 500 Value Index Fund Institutional Shares,921932802,VSPVX,3/22/2022,3/23/2022,3/24/2022,1.298800,,,
2022-06-22,Vanguard S&P 500 Value Index Fund Institutional Shares,921932802,VSPVX,6/21/2022,6/22/2022,6/23/2022,1.568200,,,
2022-09-27,Vanguard S&P 500 Value Index Fund Institutional Shares,921932802,VSPVX,9/26/2022,9/27/2022,9/28/2022,1.815700,,,
2023-03-23,Vanguard S&P 500 Value Index Fund Institutional Shares,921932802,VSPVX,3/22/2023,3/23/2023,3/24/2023,1.245800,,,
2023-06-28,Vanguard S&P 500 Value Index Fund Institutional Shares,921932802,VSPVX,6/27/2023,6/28/2023,6/29/2023,1.521100,,,
2023-09-27,Vanguard S&P 500 Value Index Fund Institutional Shares,921932802,VSPVX,9/26/2023,9/27/2023,9/28/2023,1.550600,,,
2024-03-22,Vanguard S&P 500 Value Index Fund Institutional Shares,921932802,VSPVX,3/21/2024,3/22/2024,3/25/2024,1.742000,,,
2024-06-28,Vanguard S&P 500 Value Index Fund Institutional Shares,921932802,VSPVX,6/27/2024,6/28/2024,7/1/2024,2.199200,,,
2024-09-27,Vanguard S&P 500 Value Index Fund Institutional Shares,921932802,VSPVX,9/26/2024,9/27/2024,9/30/2024,2.350000,,,
2025-03-25,Vanguard S&P 500 Value Index Fund Institutional Shares,921932802,VSPVX,3/24/2025,3/25/2025,3/26/2025,1.897300,,,
2025-06-26,Vanguard S&P 500 Value Index Fund Institutional Shares,921932802,VSPVX,6/25/2025,6/26/2025,6/27/2025,1.918800,,,
2025-09-24,Vanguard S&P 500 Value Index Fund Institutional Shares,921932802,VSPVX,9/23/2025,9/24/2025,9/25/2025,2.054300,,,
2021-06-21,Vanguard FTSE All-World ex-US Small-Cap ETF,922042718,VSS,6/22/2021,6/21/2021,6/24/2021,0.558400,,,
2021-09-20,Vanguard FTSE All-World ex-US Small-Cap ETF,922042718,VSS,9/21/2021,9/20/2021,9/23/2021,0.604300,,,
2022-06-21,Vanguard FTSE All-World ex-US Small-Cap ETF,922042718,VSS,6/22/2022,6/21/2022,6/24/2022,0.374900,,,
2022-09-19,Vanguard FTSE All-World ex-US Small-Cap ETF,922042718,VSS,9/20/2022,9/19/2022,9/22/2022,0.159600,,,
2023-06-20,Vanguard FTSE All-World ex-US Small-Cap ETF,922042718,VSS,6/21/2023,6/20/2023,6/23/2023,0.997900,,,
2023-09-18,Vanguard FTSE All-World ex-US Small-Cap ETF,922042718,VSS,9/19/2023,9/18/2023,9/21/2023,0.561700,,,
2024-06-21,Vanguard FTSE All-World ex-US Small-Cap ETF,922042718,VSS,6/21/2024,6/21/2024,6/25/2024,0.840300,,,
2024-09-20,Vanguard FTSE All-World ex-US Small-Cap ETF,922042718,VSS,9/20/2024,9/20/2024,9/24/2024,0.559400,,,
2025-06-20,Vanguard FTSE All-World ex-US Small-Cap ETF,922042718,VSS,6/20/2025,6/20/2025,6/24/2025,0.741900,,,
2025-09-19,Vanguard FTSE All-World ex-US Small-Cap ETF,922042718,VSS,9/19/2025,9/19/2025,9/23/2025,0.762200,,,
2021-06-23,Vanguard Total Stock Market Index Fund Institutional Select Shares,922908330,VSTSX,6/22/2021,6/23/2021,6/24/2021,0.657000,,,
2021-09-23,Vanguard Total Stock Market Index Fund Institutional Select Shares,922908330,VSTSX,9/22/2021,9/23/2021,9/24/2021,0.704500,,,
2023-03-22,Vanguard Total Stock Market Index Fund Institutional Select Shares,922908330,VSTSX,3/21/2023,3/22/2023,3/23/2023,0.753400,,,
2023-06-22,Vanguard Total Stock Market Index Fund Institutional Select Shares,922908330,VSTSX,6/21/2023,6/22/2023,6/23/2023,0.792000,,,
2023-09-20,Vanguard Total Stock Market Index Fund Institutional Select Shares,922908330,VSTSX,9/19/2023,9/20/2023,9/21/2023,0.765100,,,
2024-03-22,Vanguard Total Stock Market Index Fund Institutional Select Shares,922908330,VSTSX,3/21/2024,3/22/2024,3/25/2024,0.872700,,,
2024-06-28,Vanguard Total Stock Market Index Fund Institutional Select Shares,922908330,VSTSX,6/27/2024,6/28/2024,7/1/2024,0.912400,,,
2024-09-27,Vanguard Total Stock Market Index Fund Institutional Select Shares,922908330,VSTSX,9/26/2024,9/27/2024,9/30/2024,0.834600,,,
2025-03-27,Vanguard Total Stock Market Index Fund Institutional Select Shares,922908330,VSTSX,3/26/2025,3/27/2025,3/28/2025,0.948100,,,
2025-06-30,Vanguard Total Stock Market Index Fund Institutional Select Shares,922908330,VSTSX,6/27/2025,6/30/2025,7/1/2025,0.888900,,,
2025-09-29,Vanguard Total Stock Market Index Fund Institutional Select Shares,922908330,VSTSX,9/26/2025,9/29/2025,9/30/2025,0.883700,,,
2022-03-31,Vanguard Short-Term Inflation-Protected Securities Index Fund Admiral Shares,922020706,VTAPX,3/30/2022,3/31/2022,4/1/2022,0.243200,,,
2022-06-30,Vanguard Short-Term Inflation-Protected Securities Index Fund Admiral Shares,922020706,VTAPX,6/29/2022,6/30/2022,7/1/2022,0.342300,,,
2022-09-30,Vanguard Short-Term Inflation-Protected Securities Index Fund Admiral Shares,922020706,VTAPX,9/29/2022,9/30/2022,10/3/2022,0.452500,,,
2023-03-31,Vanguard Short-Term Inflation-Protected Securities Index Fund Admiral Shares,922020706,VTAPX,3/30/2023,3/31/2023,4/3/2023,0.013100,,,
2023-06-30,Vanguard Short-Term Inflation-Protected Securities Index Fund Admiral Shares,922020706,VTAPX,6/29/2023,6/30/2023,7/3/2023,0.174000,,,
2023-09-29,Vanguard Short-Term Inflation-Protected Securities Index Fund Admiral Shares,922020706,VTAPX,9/28/2023,9/29/2023,10/2/2023,0.170300,,,
2024-03-28,Vanguard Short-Term Inflation-Protected Securities Index Fund Admiral Shares,922020706,VTAPX,3/27/2024,3/28/2024,4/1/2024,0.012200,,,
2024-06-28,Vanguard Short-Term Inflation-Protected Securities Index Fund Admiral Shares,922020706,VTAPX,6/27/2024,6/28/2024,7/1/2024,0.221300,,,
2024-09-30,Vanguard Short-Term Inflation-Protected Securities Index Fund Admiral Shares,922020706,VTAPX,9/27/2024,9/30/2024,10/1/2024,0.153300,,,
2025-03-31,Vanguard Short-Term Inflation-Protected Securities Index Fund Admiral Shares,922020706,VTAPX,3/28/2025,3/31/2025,4/1/2025,0.047300,,,
2025-06-30,Vanguard Short-Term Inflation-Protected Securities Index Fund Admiral Shares,922020706,VTAPX,6/27/2025,6/30/2025,7/1/2025,0.211800,,,
2025-09-30,Vanguard Short-Term Inflation-Protected Securities Index Fund Admiral Shares,922020706,VTAPX,9/29/2025,9/30/2025,10/1/2025,0.323300,,,
2021-03-31,Vanguard Total Bond Market Index Fund Institutional Select Shares,921937660,VTBSX,3/30/2021,3/31/2021,4/1/2021,0.018647,0.000400,0.006600,
2021-06-30,Vanguard Total Bond Market Index Fund Institutional Select Shares,921937660,VTBSX,6/30/2021,6/30/2021,7/1/2021,0.017817,,,
2021-09-30,Vanguard Total Bond Market Index Fund Institutional Select Shares,921937660,VTBSX,9/30/2021,9/30/2021,10/1/2021,0.017396,,,
2022-03-31,Vanguard Total Bond Market Index Fund Institutional Select Shares,921937660,VTBSX,3/30/2022,3/31/2022,4/1/2022,,,0.007800,
2021-03-24,Vanguard Tax-Managed Capital Appreciation Fund Institutional Shares,921943601,VTCIX,3/23/2021,3/24/2021,3/25/2021,0.306300,,,
2021-06-28,Vanguard Tax-Managed Capital Appreciation Fund Institutional Shares,921943601,VTCIX,6/25/2021,6/28/2021,6/29/2021,0.326400,,,
2021-09-23,Vanguard Tax-Managed Capital Appreciation Fund Institutional Shares,921943601,VTCIX,9/22/2021,9/23/2021,9/24/2021,0.312400,,,
2022-03-22,Vanguard Tax-Managed Capital Appreciation Fund Institutional Shares,921943601,VTCIX,3/21/2022,3/22/2022,3/23/2022,0.334700,,,
2022-06-28,Vanguard Tax-Managed Capital Appreciation Fund Institutional Shares,921943601,VTCIX,6/27/2022,6/28/2022,6/29/2022,0.369900,,,
2022-09-22,Vanguard Tax-Managed Capital Appreciation Fund Institutional Shares,921943601,VTCIX,9/21/2022,9/22/2022,9/23/2022,0.351200,,,
2023-03-22,Vanguard Tax-Managed Capital Appreciation Fund Institutional Shares,921943601,VTCIX,3/21/2023,3/22/2023,3/23/2023,0.365100,,,
2023-06-22,Vanguard Tax-Managed Capital Appreciation Fund Institutional Shares,921943601,VTCIX,6/21/2023,6/22/2023,6/23/2023,0.370900,,,
2023-09-20,Vanguard Tax-Managed Capital Appreciation Fund Institutional Shares,921943601,VTCIX,9/19/2023,9/20/2023,9/21/2023,0.360800,,,
2024-03-21,Vanguard Tax-Managed Capital Appreciation Fund Institutional Shares,921943601,VTCIX,3/20/2024,3/21/2024,3/22/2024,0.399700,,,
2024-06-27,Vanguard Tax-Managed Capital Appreciation Fund Institutional Shares,921943601,VTCIX,6/26/2024,6/27/2024,6/28/2024,0.418700,,,
2024-09-26,Vanguard Tax-Managed Capital Appreciation Fund Institutional Shares,921943601,VTCIX,9/25/2024,9/26/2024,9/27/2024,0.378200,,,
2021-03-24,Vanguard Tax-Managed Capital Appreciation Fund Admiral Shares,921943866,VTCLX,3/23/2021,3/24/2021,3/25/2021,0.601600,,,
2021-06-28,Vanguard Tax-Managed Capital Appreciation Fund Admiral Shares,921943866,VTCLX,6/25/2021,6/28/2021,6/29/2021,0.640900,,,
2021-09-23,Vanguard Tax-Managed Capital Appreciation Fund Admiral Shares,921943866,VTCLX,9/22/2021,9/23/2021,9/24/2021,0.611900,,,
2022-03-22,Vanguard Tax-Managed Capital Appreciation Fund Admiral Shares,921943866,VTCLX,3/21/2022,3/22/2022,3/23/2022,0.657900,,,
2022-06-28,Vanguard Tax-Managed Capital Appreciation Fund Admiral Shares,921943866,VTCLX,6/27/2022,6/28/2022,6/29/2022,0.727200,,,
2022-09-22,Vanguard Tax-Managed Capital Appreciation Fund Admiral Shares,921943866,VTCLX,9/21/2022,9/22/2022,9/23/2022,0.691900,,,
2023-03-22,Vanguard Tax-Managed Capital Appreciation Fund Admiral Shares,921943866,VTCLX,3/21/2023,3/22/2023,3/23/2023,0.720200,,,
2023-06-22,Vanguard Tax-Managed Capital Appreciation Fund Admiral Shares,921943866,VTCLX,6/21/2023,6/22/2023,6/23/2023,0.730800,,,
2023-09-20,Vanguard Tax-Managed Capital Appreciation Fund Admiral Shares,921943866,VTCLX,9/19/2023,9/20/2023,9/21/2023,0.708600,,,
2024-03-21,Vanguard Tax-Managed Capital Appreciation Fund Admiral Shares,921943866,VTCLX,3/20/2024,3/21/2024,3/22/2024,0.785600,,,
2024-06-27,Vanguard Tax-Managed Capital Appreciation Fund Admiral Shares,921943866,VTCLX,6/26/2024,6/27/2024,6/28/2024,0.821600,,,
2024-09-26,Vanguard Tax-Managed Capital Appreciation Fund Admiral Shares,921943866,VTCLX,9/25/2024,9/26/2024,9/27/2024,0.739300,,,
2021-03-25,Vanguard Total Stock Market ETF,922908769,VTI,3/26/2021,3/25/2021,3/30/2021,0.671600,,,
2021-06-24,Vanguard Total Stock Market ETF,922908769,VTI,6/25/2021,6/24/2021,6/29/2021,0.675300,,,
2021-09-24,Vanguard Total Stock Market ETF,922908769,VTI,9/27/2021,9/24/2021,9/29/2021,0.724200,,,
2023-03-23,Vanguard Total Stock Market ETF,922908769,VTI,3/24/2023,3/23/2023,3/28/2023,0.786200,,,
2023-06-23,Vanguard Total Stock Market ETF,922908769,VTI,6/26/2023,6/23/2023,6/28/2023,0.826500,,,
2023-09-21,Vanguard Total Stock Market ETF,922908769,VTI,9/22/2023,9/21/2023,9/26/2023,0.798400,,,
2024-03-22,Vanguard Total Stock Market ETF,922908769,VTI,3/25/2024,3/22/2024,3/27/2024,0.910500,,,
2024-06-28,Vanguard Total Stock Market ETF,922908769,VTI,6/28/2024,6/28/2024,7/2/2024,0.951900,,,
2024-09-27,Vanguard Total Stock Market ETF,922908769,VTI,9/27/2024,9/27/2024,10/1/2024,0.870700,,,
2025-03-27,Vanguard Total Stock Market ETF,922908769,VTI,3/27/2025,3/27/2025,3/31/2025,0.985400,,,
2025-06-30,Vanguard Total Stock Market ETF,922908769,VTI,6/30/2025,6/30/2025,7/2/2025,0.913200,,,
2025-09-29,Vanguard Total Stock Market ETF,922908769,VTI,9/29/2025,9/29/2025,10/1/2025,0.907200,,,
2021-03-19,Vanguard Total International Stock Index Fund Admiral Shares,921909818,VTIAX,3/18/2021,3/19/2021,3/22/2021,0.080900,,,
2021-06-18,Vanguard Total International Stock Index Fund Admiral Shares,921909818,VTIAX,6/17/2021,6/18/2021,6/21/2021,0.274100,,,
2021-09-17,Vanguard Total International Stock Index Fund Admiral Shares,921909818,VTIAX,9/16/2021,9/17/2021,9/20/2021,0.187100,,,
2023-03-17,Vanguard Total International Stock Index Fund Admiral Shares,921909818,VTIAX,3/16/2023,3/17/2023,3/20/2023,0.061900,,,
2023-06-16,Vanguard Total International Stock Index Fund Admiral Shares,921909818,VTIAX,6/15/2023,6/16/2023,6/20/2023,0.329400,,,
2023-09-15,Vanguard Total International Stock Index Fund Admiral Shares,921909818,VTIAX,9/14/2023,9/15/2023,9/18/2023,0.155700,,,
2024-03-15,Vanguard Total International Stock Index Fund Admiral Shares,921909818,VTIAX,3/14/2024,3/15/2024,3/18/2024,0.117000,,,
2024-06-21,Vanguard Total International Stock Index Fund Admiral Shares,921909818,VTIAX,6/20/2024,6/21/2024,6/24/2024,0.256600,,,
2024-09-20,Vanguard Total International Stock Index Fund Admiral Shares,921909818,VTIAX,9/19/2024,9/20/2024,9/23/2024,0.143100,,,
2025-03-21,Vanguard Total International Stock Index Fund Admiral Shares,921909818,VTIAX,3/20/2025,3/21/2025,3/24/2025,0.099300,,,
2025-06-20,Vanguard Total International Stock Index Fund Admiral Shares,921909818,VTIAX,6/18/2025,6/20/2025,6/23/2025,0.257400,,,
2025-09-19,Vanguard Total International Stock Index Fund Admiral Shares,921909818,VTIAX,9/18/2025,9/19/2025,9/22/2025,0.189600,,,
2021-03-25,Vanguard Short-Term Inflation-Protected Securities ETF,922020805,VTIP,3/26/2021,3/25/2021,3/30/2021,0.093900,,,
2021-03-24,Vanguard Short-Term Inflation-Protected Securities Index Fund Investor Shares,922020508,VTIPX,3/23/2021,3/24/2021,3/25/2021,0.040700,,,
2021-06-30,Vanguard Short-Term Inflation-Protected Securities Index Fund Investor Shares,922020508,VTIPX,6/29/2021,6/30/2021,7/1/2021,0.234200,,,
2021-09-30,Vanguard Short-Term Inflation-Protected Securities Index Fund Investor Shares,922020508,VTIPX,9/29/2021,9/30/2021,10/1/2021,0.430200,,,
2022-03-31,Vanguard Short-Term Inflation-Protected Securities Index Fund Investor Shares,922020508,VTIPX,3/30/2022,3/31/2022,4/1/2022,0.238600,,,
2022-06-30,Vanguard Short-Term Inflation-Protected Securities Index Fund Investor Shares,922020508,VTIPX,6/29/2022,6/30/2022,7/1/2022,0.337100,,,
2022-09-30,Vanguard Short-Term Inflation-Protected Securities Index Fund Investor Shares,922020508,VTIPX,9/29/2022,9/30/2022,10/3/2022,0.446900,,,
2023-03-31,Vanguard Short-Term Inflation-Protected Securities Index Fund Investor Shares,922020508,VTIPX,3/30/2023,3/31/2023,4/3/2023,0.007800,,,
2023-06-30,Vanguard Short-Term Inflation-Protected Securities Index Fund Investor Shares,922020508,VTIPX,6/29/2023,6/30/2023,7/3/2023,0.168800,,,
2023-09-29,Vanguard Short-Term Inflation-Protected Securities Index Fund Investor Shares,922020508,VTIPX,9/28/2023,9/29/2023,10/2/2023,0.165900,,,
2024-03-28,Vanguard Short-Term Inflation-Protected Securities Index Fund Investor Shares,922020508,VTIPX,3/27/2024,3/28/2024,4/1/2024,0.006900,,,
2024-06-28,Vanguard Short-Term Inflation-Protected Securities Index Fund Investor Shares,922020508,VTIPX,6/27/2024,6/28/2024,7/1/2024,0.216300,,,
2024-09-30,Vanguard Short-Term Inflation-Protected Securities Index Fund Investor Shares,922020508,VTIPX,9/27/2024,9/30/2024,10/1/2024,0.147700,,,
2025-03-31,Vanguard Short-Term Inflation-Protected Securities Index Fund Investor Shares,922020508,VTIPX,3/28/2025,3/31/2025,4/1/2025,0.042800,,,
2025-06-30,Vanguard Short-Term Inflation-Protected Securities Index Fund Investor Shares,922020508,VTIPX,6/27/2025,6/30/2025,7/1/2025,0.206500,,,
2025-09-30,Vanguard Short-Term Inflation-Protected Securities Index Fund Investor Shares,922020508,VTIPX,9/29/2025,9/30/2025,10/1/2025,0.317600,,,
2023-03-17,Vanguard Total International Stock Index Fund Institutional Select Shares,921909743,VTISX,3/16/2023,3/17/2023,3/20/2023,0.280700,,,
2023-06-16,Vanguard Total International Stock Index Fund Institutional Select Shares,921909743,VTISX,6/15/2023,6/16/2023,6/20/2023,1.407900,,,
2023-09-15,Vanguard Total International Stock Index Fund Institutional Select Shares,921909743,VTISX,9/14/2023,9/15/2023,9/18/2023,0.676500,,,
2024-03-15,Vanguard Total International Stock Index Fund Institutional Select Shares,921909743,VTISX,3/14/2024,3/15/2024,3/18/2024,0.514000,,,
2024-06-21,Vanguard Total International Stock Index Fund Institutional Select Shares,921909743,VTISX,6/20/2024,6/21/2024,6/24/2024,1.104600,,,
2024-09-20,Vanguard Total International Stock Index Fund Institutional Select Shares,921909743,VTISX,9/19/2024,9/20/2024,9/23/2024,0.625600,,,
2025-03-21,Vanguard Total International Stock Index Fund Institutional Select Shares,921909743,VTISX,3/20/2025,3/21/2025,3/24/2025,0.437300,,,
2025-06-20,Vanguard Total International Stock Index Fund Institutional Select Shares,921909743,VTISX,6/18/2025,6/20/2025,6/23/2025,1.100700,,,
2025-09-19,Vanguard Total International Stock Index Fund Institutional Select Shares,921909743,VTISX,9/18/2025,9/19/2025,9/22/2025,0.816800,,,
2021-03-19,Vanguard Developed Markets Index Fund Admiral Shares,921943809,VTMGX,3/18/2021,3/19/2021,3/22/2021,0.073500,,,
2021-06-18,Vanguard Developed Markets Index Fund Admiral Shares,921943809,VTMGX,6/17/2021,6/18/2021,6/21/2021,0.132100,,,
2021-09-17,Vanguard Developed Markets Index Fund Admiral Shares,921943809,VTMGX,9/16/2021,9/17/2021,9/20/2021,0.063500,,,
2022-03-18,Vanguard Developed Markets Index Fund Admiral Shares,921943809,VTMGX,3/17/2022,3/18/2022,3/21/2022,0.025900,,,
2022-06-17,Vanguard Developed Markets Index Fund Admiral Shares,921943809,VTMGX,6/16/2022,6/17/2022,6/21/2022,0.169600,,,
2022-09-16,Vanguard Developed Markets Index Fund Admiral Shares,921943809,VTMGX,9/15/2022,9/16/2022,9/19/2022,0.037800,,,
2025-03-21,Vanguard Developed Markets Index Fund Admiral Shares,921943809,VTMGX,3/20/2025,3/21/2025,3/24/2025,0.077100,,,
2025-06-20,Vanguard Developed Markets Index Fund Admiral Shares,921943809,VTMGX,6/18/2025,6/20/2025,6/23/2025,0.140800,,,
2025-09-19,Vanguard Developed Markets Index Fund Admiral Shares,921943809,VTMGX,9/18/2025,9/19/2025,9/22/2025,0.091100,,,
2021-03-19,Vanguard Developed Markets Index Fund Institutional Shares,921943882,VTMNX,3/18/2021,3/19/2021,3/22/2021,0.074400,,,
2021-06-18,Vanguard Developed Markets Index Fund Institutional Shares,921943882,VTMNX,6/17/2021,6/18/2021,6/21/2021,0.133100,,,
2021-09-17,Vanguard Developed Markets Index Fund Institutional Shares,921943882,VTMNX,9/16/2021,9/17/2021,9/20/2021,0.064400,,,
2022-03-18,Vanguard Developed Markets Index Fund Institutional Shares,921943882,VTMNX,3/17/2022,3/18/2022,3/21/2022,0.026600,,,
2022-06-17,Vanguard Developed Markets Index Fund Institutional Shares,921943882,VTMNX,6/16/2022,6/17/2022,6/21/2022,0.170600,,,
2022-09-16,Vanguard Developed Markets Index Fund Institutional Shares,921943882,VTMNX,9/15/2022,9/16/2022,9/19/2022,0.038400,,,
2024-03-15,Vanguard Developed Markets Index Fund Institutional Shares,921943882,VTMNX,3/14/2024,3/15/2024,3/18/2024,0.092200,,,
2024-06-21,Vanguard Developed Markets Index Fund Institutional Shares,921943882,VTMNX,6/20/2024,6/21/2024,6/24/2024,0.148400,,,
2024-09-20,Vanguard Developed Markets Index Fund Institutional Shares,921943882,VTMNX,9/19/2024,9/20/2024,9/23/2024,0.046500,,,
2021-03-24,Vanguard Tax-Managed Small-Cap Fund Admiral Shares,921943403,VTMSX,3/23/2021,3/24/2021,3/25/2021,0.208500,,,
2021-06-23,Vanguard Tax-Managed Small-Cap Fund Admiral Shares,921943403,VTMSX,6/22/2021,6/23/2021,6/24/2021,0.200800,,,
2021-09-23,Vanguard Tax-Managed Small-Cap Fund Admiral Shares,921943403,VTMSX,9/22/2021,9/23/2021,9/24/2021,0.287200,,,
2022-09-22,Vanguard Tax-Managed Small-Cap Fund Admiral Shares,921943403,VTMSX,9/21/2022,9/22/2022,9/23/2022,0.249100,,,
2023-03-23,Vanguard Tax-Managed Small-Cap Fund Admiral Shares,921943403,VTMSX,3/22/2023,3/23/2023,3/24/2023,0.283500,,,
2023-06-28,Vanguard Tax-Managed Small-Cap Fund Admiral Shares,921943403,VTMSX,6/27/2023,6/28/2023,6/29/2023,0.314400,,,
2023-09-27,Vanguard Tax-Managed Small-Cap Fund Admiral Shares,921943403,VTMSX,9/26/2023,9/27/2023,9/28/2023,0.262100,,,
2024-03-22,Vanguard Tax-Managed Small-Cap Fund Admiral Shares,921943403,VTMSX,3/21/2024,3/22/2024,3/25/2024,0.302000,,,
2024-06-28,Vanguard Tax-Managed Small-Cap Fund Admiral Shares,921943403,VTMSX,6/27/2024,6/28/2024,7/1/2024,0.393700,,,
2024-09-27,Vanguard Tax-Managed Small-Cap Fund Admiral Shares,921943403,VTMSX,9/26/2024,9/27/2024,9/30/2024,0.308700,,,
2025-03-25,Vanguard Tax-Managed Small-Cap Fund Admiral Shares,921943403,VTMSX,3/24/2025,3/25/2025,3/26/2025,0.364300,,,
2025-06-26,Vanguard Tax-Managed Small-Cap Fund Admiral Shares,921943403,VTMSX,6/25/2025,6/26/2025,6/27/2025,0.253500,,,
2025-09-24,Vanguard Tax-Managed Small-Cap Fund Admiral Shares,921943403,VTMSX,9/23/2025,9/24/2025,9/25/2025,0.264300,,,
2021-03-19,Vanguard Total International Stock Index Fund Institutional Plus Shares,921909776,VTPSX,3/18/2021,3/19/2021,3/22/2021,0.328300,,,
2021-06-18,Vanguard Total International Stock Index Fund Institutional Plus Shares,921909776,VTPSX,6/17/2021,6/18/2021,6/21/2021,1.110500,,,
2021-09-17,Vanguard Total International Stock Index Fund Institutional Plus Shares,921909776,VTPSX,9/16/2021,9/17/2021,9/20/2021,0.762600,,,
2023-03-17,Vanguard Total International Stock Index Fund Institutional Plus Shares,921909776,VTPSX,3/16/2023,3/17/2023,3/20/2023,0.259100,,,
2023-06-16,Vanguard Total International Stock Index Fund Institutional Plus Shares,921909776,VTPSX,6/15/2023,6/16/2023,6/20/2023,1.329400,,,
2023-09-15,Vanguard Total International Stock Index Fund Institutional Plus Shares,921909776,VTPSX,9/14/2023,9/15/2023,9/18/2023,0.634700,,,
2024-03-15,Vanguard Total International Stock Index Fund Institutional Plus Shares,921909776,VTPSX,3/14/2024,3/15/2024,3/18/2024,0.480400,,,
2024-06-21,Vanguard Total International Stock Index Fund Institutional Plus Shares,921909776,VTPSX,6/20/2024,6/21/2024,6/24/2024,1.039400,,,
2024-09-20,Vanguard Total International Stock Index Fund Institutional Plus Shares,921909776,VTPSX,9/19/2024,9/20/2024,9/23/2024,0.585500,,,
2025-03-21,Vanguard Total International Stock Index Fund Institutional Plus Shares,921909776,VTPSX,3/20/2025,3/21/2025,3/24/2025,0.410500,,,
2025-06-20,Vanguard Total International Stock Index Fund Institutional Plus Shares,921909776,VTPSX,6/18/2025,6/20/2025,6/23/2025,1.043300,,,
2025-09-19,Vanguard Total International Stock Index Fund Institutional Plus Shares,921909776,VTPSX,9/18/2025,9/19/2025,9/22/2025,0.773700,,,
2021-03-24,Vanguard Total Stock Market Index Fund Admiral Shares,922908728,VTSAX,3/23/2021,3/24/2021,3/25/2021,0.324400,,,
2021-06-23,Vanguard Total Stock Market Index Fund Admiral Shares,922908728,VTSAX,6/22/2021,6/23/2021,6/24/2021,0.326000,,,
2021-09-23,Vanguard Total Stock Market Index Fund Admiral Shares,922908728,VTSAX,9/22/2021,9/23/2021,9/24/2021,0.349600,,,
2023-03-22,Vanguard Total Stock Market Index Fund Admiral Shares,922908728,VTSAX,3/21/2023,3/22/2023,3/23/2023,0.380300,,,
2023-06-22,Vanguard Total Stock Market Index Fund Admiral Shares,922908728,VTSAX,6/21/2023,6/22/2023,6/23/2023,0.399800,,,
2023-09-20,Vanguard Total Stock Market Index Fund Admiral Shares,922908728,VTSAX,9/19/2023,9/20/2023,9/21/2023,0.386000,,,
2024-03-22,Vanguard Total Stock Market Index Fund Admiral Shares,922908728,VTSAX,3/21/2024,3/22/2024,3/25/2024,0.440300,,,
2024-06-28,Vanguard Total Stock Market Index Fund Admiral Shares,922908728,VTSAX,6/27/2024,6/28/2024,7/1/2024,0.460100,,,
2024-09-27,Vanguard Total Stock Market Index Fund Admiral Shares,922908728,VTSAX,9/26/2024,9/27/2024,9/30/2024,0.420600,,,
2025-03-27,Vanguard Total Stock Market Index Fund Admiral Shares,922908728,VTSAX,3/26/2025,3/27/2025,3/28/2025,0.475900,,,
2025-06-30,Vanguard Total Stock Market Index Fund Admiral Shares,922908728,VTSAX,6/27/2025,6/30/2025,7/1/2025,0.441000,,,
2025-09-29,Vanguard Total Stock Market Index Fund Admiral Shares,922908728,VTSAX,9/26/2025,9/29/2025,9/30/2025,0.437700,,,
2021-03-24,Vanguard Tax-Managed Small-Cap Fund Institutional Shares,921943502,VTSIX,3/23/2021,3/24/2021,3/25/2021,0.214800,,,
2021-06-23,Vanguard Tax-Managed Small-Cap Fund Institutional Shares,921943502,VTSIX,6/22/2021,6/23/2021,6/24/2021,0.208100,,,
2021-09-23,Vanguard Tax-Managed Small-Cap Fund Institutional Shares,921943502,VTSIX,9/22/2021,9/23/2021,9/24/2021,0.294700,,,
2022-03-22,Vanguard Tax-Managed Small-Cap Fund Institutional Shares,921943502,VTSIX,3/21/2022,3/22/2022,3/23/2022,0.225600,,,
2022-06-22,Vanguard Tax-Managed Small-Cap Fund Institutional Shares,921943502,VTSIX,6/21/2022,6/22/2022,6/23/2022,0.265100,,,
2022-09-22,Vanguard Tax-Managed Small-Cap Fund Institutional Shares,921943502,VTSIX,9/21/2022,9/22/2022,9/23/2022,0.255800,,,
2023-03-23,Vanguard Tax-Managed Small-Cap Fund Institutional Shares,921943502,VTSIX,3/22/2023,3/23/2023,3/24/2023,0.289900,,,
2023-06-28,Vanguard Tax-Managed Small-Cap Fund Institutional Shares,921943502,VTSIX,6/27/2023,6/28/2023,6/29/2023,0.321300,,,
2023-09-27,Vanguard Tax-Managed Small-Cap Fund Institutional Shares,921943502,VTSIX,9/26/2023,9/27/2023,9/28/2023,0.268900,,,
2024-03-22,Vanguard Tax-Managed Small-Cap Fund Institutional Shares,921943502,VTSIX,3/21/2024,3/22/2024,3/25/2024,0.308800,,,
2024-06-28,Vanguard Tax-Managed Small-Cap Fund Institutional Shares,921943502,VTSIX,6/27/2024,6/28/2024,7/1/2024,0.401500,,,
2024-09-27,Vanguard Tax-Managed Small-Cap Fund Institutional Shares,921943502,VTSIX,9/26/2024,9/27/2024,9/30/2024,0.316400,,,
2025-03-25,Vanguard Tax-Managed Small-Cap Fund Institutional Shares,921943502,VTSIX,3/24/2025,3/25/2025,3/26/2025,0.371500,,,
2025-06-26,Vanguard Tax-Managed Small-Cap Fund Institutional Shares,921943502,VTSIX,6/25/2025,6/26/2025,6/27/2025,0.260800,,,
2025-09-24,Vanguard Tax-Managed Small-Cap Fund Institutional Shares,921943502,VTSIX,9/23/2025,9/24/2025,9/25/2025,0.271600,,,
2021-03-24,Vanguard Total Stock Market Index Fund Investor Shares,922908306,VTSMX,3/23/2021,3/24/2021,3/25/2021,0.300100,,,
2021-06-23,Vanguard Total Stock Market Index Fund Investor Shares,922908306,VTSMX,6/22/2021,6/23/2021,6/24/2021,0.296600,,,
2021-09-23,Vanguard Total Stock Market Index Fund Investor Shares,922908306,VTSMX,9/22/2021,9/23/2021,9/24/2021,0.318100,,,
2023-03-22,Vanguard Total Stock Market Index Fund Investor Shares,922908306,VTSMX,3/21/2023,3/22/2023,3/23/2023,0.356300,,,
2023-06-22,Vanguard Total Stock Market Index Fund Investor Shares,922908306,VTSMX,6/21/2023,6/22/2023,6/23/2023,0.374200,,,
2023-09-20,Vanguard Total Stock Market Index Fund Investor Shares,922908306,VTSMX,9/19/2023,9/20/2023,9/21/2023,0.358800,,,
2024-03-22,Vanguard Total Stock Market Index Fund Investor Shares,922908306,VTSMX,3/21/2024,3/22/2024,3/25/2024,0.409400,,,
2024-06-28,Vanguard Total Stock Market Index Fund Investor Shares,922908306,VTSMX,6/27/2024,6/28/2024,7/1/2024,0.426600,,,
2024-09-27,Vanguard Total Stock Market Index Fund Investor Shares,922908306,VTSMX,9/26/2024,9/27/2024,9/30/2024,0.387400,,,
2025-03-27,Vanguard Total Stock Market Index Fund Investor Shares,922908306,VTSMX,3/26/2025,3/27/2025,3/28/2025,0.438100,,,
2025-06-30,Vanguard Total Stock Market Index Fund Investor Shares,922908306,VTSMX,6/27/2025,6/30/2025,7/1/2025,0.406100,,,
2025-09-29,Vanguard Total Stock Market Index Fund Investor Shares,922908306,VTSMX,9/26/2025,9/29/2025,9/30/2025,0.398600,,,
2021-03-19,Vanguard Total International Stock Index Fund Institutional Shares,921909784,VTSNX,3/18/2021,3/19/2021,3/22/2021,0.333400,,,
2021-06-18,Vanguard Total International Stock Index Fund Institutional Shares,921909784,VTSNX,6/17/2021,6/18/2021,6/21/2021,1.106800,,,
2021-09-17,Vanguard Total International Stock Index Fund Institutional Shares,921909784,VTSNX,9/16/2021,9/17/2021,9/20/2021,0.758800,,,
2023-03-17,Vanguard Total International Stock Index Fund Institutional Shares,921909784,VTSNX,3/16/2023,3/17/2023,3/20/2023,0.256300,,,
2023-06-16,Vanguard Total International Stock Index Fund Institutional Shares,921909784,VTSNX,6/15/2023,6/16/2023,6/20/2023,1.326000,,,
2023-09-15,Vanguard Total International Stock Index Fund Institutional Shares,921909784,VTSNX,9/14/2023,9/15/2023,9/18/2023,0.631600,,,
2024-03-15,Vanguard Total International Stock Index Fund Institutional Shares,921909784,VTSNX,3/14/2024,3/15/2024,3/18/2024,0.477200,,,
2024-06-21,Vanguard Total International Stock Index Fund Institutional Shares,921909784,VTSNX,6/20/2024,6/21/2024,6/24/2024,1.036100,,,
2024-09-20,Vanguard Total International Stock Index Fund Institutional Shares,921909784,VTSNX,9/19/2024,9/20/2024,9/23/2024,0.582200,,,
2025-03-21,Vanguard Total International Stock Index Fund Institutional Shares,921909784,VTSNX,3/20/2025,3/21/2025,3/24/2025,0.406900,,,
2025-06-20,Vanguard Total International Stock Index Fund Institutional Shares,921909784,VTSNX,6/18/2025,6/20/2025,6/23/2025,1.039500,,,
2025-09-19,Vanguard Total International Stock Index Fund Institutional Shares,921909784,VTSNX,9/18/2025,9/19/2025,9/22/2025,0.769400,,,
2021-03-24,Vanguard Short-Term Inflation-Protected Securities Index Fund Institutional Shares,922020607,VTSPX,3/23/2021,3/24/2021,3/25/2021,0.047700,,,
2021-06-30,Vanguard Short-Term Inflation-Protected Securities Index Fund Institutional Shares,922020607,VTSPX,6/29/2021,6/30/2021,7/1/2021,0.242000,,,
2021-09-30,Vanguard Short-Term Inflation-Protected Securities Index Fund Institutional Shares,922020607,VTSPX,9/29/2021,9/30/2021,10/1/2021,0.437800,,,
2022-03-31,Vanguard Short-Term Inflation-Protected Securities Index Fund Institutional Shares,922020607,VTSPX,3/30/2022,3/31/2022,4/1/2022,0.244400,,,
2022-06-30,Vanguard Short-Term Inflation-Protected Securities Index Fund Institutional Shares,922020607,VTSPX,6/29/2022,6/30/2022,7/1/2022,0.343800,,,
2022-09-30,Vanguard Short-Term Inflation-Protected Securities Index Fund Institutional Shares,922020607,VTSPX,9/29/2022,9/30/2022,10/3/2022,0.454000,,,
2023-03-31,Vanguard Short-Term Inflation-Protected Securities Index Fund Institutional Shares,922020607,VTSPX,3/30/2023,3/31/2023,4/3/2023,0.014400,,,
2023-06-30,Vanguard Short-Term Inflation-Protected Securities Index Fund Institutional Shares,922020607,VTSPX,6/29/2023,6/30/2023,7/3/2023,0.175300,,,
2023-09-29,Vanguard Short-Term Inflation-Protected Securities Index Fund Institutional Shares,922020607,VTSPX,9/28/2023,9/29/2023,10/2/2023,0.171700,,,
2024-03-28,Vanguard Short-Term Inflation-Protected Securities Index Fund Institutional Shares,922020607,VTSPX,3/27/2024,3/28/2024,4/1/2024,0.013500,,,
2024-06-28,Vanguard Short-Term Inflation-Protected Securities Index Fund Institutional Shares,922020607,VTSPX,6/27/2024,6/28/2024,7/1/2024,0.222700,,,
2024-09-30,Vanguard Short-Term Inflation-Protected Securities Index Fund Institutional Shares,922020607,VTSPX,9/27/2024,9/30/2024,10/1/2024,0.154600,,,
2025-03-31,Vanguard Short-Term Inflation-Protected Securities Index Fund Institutional Shares,922020607,VTSPX,3/28/2025,3/31/2025,4/1/2025,0.049000,,,
2025-06-30,Vanguard Short-Term Inflation-Protected Securities Index Fund Institutional Shares,922020607,VTSPX,6/27/2025,6/30/2025,7/1/2025,0.213900,,,
2025-09-30,Vanguard Short-Term Inflation-Protected Securities Index Fund Institutional Shares,922020607,VTSPX,9/29/2025,9/30/2025,10/1/2025,0.325500,,,
2021-03-25,Vanguard Value ETF,922908744,VTV,3/26/2021,3/25/2021,3/30/2021,0.706200,,,
2021-06-24,Vanguard Value ETF,922908744,VTV,6/25/2021,6/24/2021,6/29/2021,0.742100,,,
2021-09-24,Vanguard Value ETF,922908744,VTV,9/27/2021,9/24/2021,9/29/2021,0.805500,,,
2022-03-23,Vanguard Value ETF,922908744,VTV,3/24/2022,3/23/2022,3/28/2022,0.792200,,,
2022-06-23,Vanguard Value ETF,922908744,VTV,6/24/2022,6/23/2022,6/28/2022,0.835400,,,
2022-09-23,Vanguard Value ETF,922908744,VTV,9/26/2022,9/23/2022,9/28/2022,0.864000,,,
2023-03-23,Vanguard Value ETF,922908744,VTV,3/24/2023,3/23/2023,3/28/2023,0.821800,,,
2023-06-23,Vanguard Value ETF,922908744,VTV,6/26/2023,6/23/2023,6/28/2023,0.920800,,,
2023-09-21,Vanguard Value ETF,922908744,VTV,9/22/2023,9/21/2023,9/26/2023,0.897100,,,
2024-03-21,Vanguard Value ETF,922908744,VTV,3/22/2024,3/21/2024,3/26/2024,1.006400,,,
2024-06-27,Vanguard Value ETF,922908744,VTV,6/27/2024,6/27/2024,7/1/2024,1.014900,,,
2024-09-26,Vanguard Value ETF,922908744,VTV,9/26/2024,9/26/2024,9/30/2024,0.914300,,,
2025-03-27,Vanguard Value ETF,922908744,VTV,3/27/2025,3/27/2025,3/31/2025,1.013000,,,
2025-06-30,Vanguard Value ETF,922908744,VTV,6/30/2025,6/30/2025,7/2/2025,0.963500,,,
2025-09-29,Vanguard Value ETF,922908744,VTV,9/29/2025,9/29/2025,10/1/2025,0.943300,,,
2021-03-19,Vanguard Total World Stock Index Fund Admiral Shares,922042619,VTWAX,3/18/2021,3/19/2021,3/22/2021,0.088300,,,
2021-06-18,Vanguard Total World Stock Index Fund Admiral Shares,922042619,VTWAX,6/17/2021,6/18/2021,6/21/2021,0.177200,,,
2021-09-17,Vanguard Total World Stock Index Fund Admiral Shares,922042619,VTWAX,9/16/2021,9/17/2021,9/20/2021,0.142200,,,
2022-06-17,Vanguard Total World Stock Index Fund Admiral Shares,922042619,VTWAX,6/16/2022,6/17/2022,6/21/2022,0.209400,,,
2022-09-16,Vanguard Total World Stock Index Fund Admiral Shares,922042619,VTWAX,9/15/2022,9/16/2022,9/19/2022,0.140400,,,
2023-03-17,Vanguard Total World Stock Index Fund Admiral Shares,922042619,VTWAX,3/16/2023,3/17/2023,3/20/2023,0.098700,,,
2023-06-16,Vanguard Total World Stock Index Fund Admiral Shares,922042619,VTWAX,6/15/2023,6/16/2023,6/20/2023,0.227900,,,
2023-09-15,Vanguard Total World Stock Index Fund Admiral Shares,922042619,VTWAX,9/14/2023,9/15/2023,9/18/2023,0.141000,,,
2024-03-15,Vanguard Total World Stock Index Fund Admiral Shares,922042619,VTWAX,3/14/2024,3/15/2024,3/18/2024,0.146500,,,
2024-06-21,Vanguard Total World Stock Index Fund Admiral Shares,922042619,VTWAX,6/20/2024,6/21/2024,6/24/2024,0.201700,,,
2024-09-20,Vanguard Total World Stock Index Fund Admiral Shares,922042619,VTWAX,9/19/2024,9/20/2024,9/23/2024,0.144800,,,
2025-03-21,Vanguard Total World Stock Index Fund Admiral Shares,922042619,VTWAX,3/20/2025,3/21/2025,3/24/2025,0.133400,,,
2025-06-20,Vanguard Total World Stock Index Fund Admiral Shares,922042619,VTWAX,6/18/2025,6/20/2025,6/23/2025,0.207600,,,
2025-09-19,Vanguard Total World Stock Index Fund Admiral Shares,922042619,VTWAX,9/18/2025,9/19/2025,9/22/2025,0.165900,,,
2023-03-17,Vanguard Total World Stock Index Fund Institutional Shares,922042759,VTWIX,3/16/2023,3/17/2023,3/20/2023,0.576900,,,
2023-06-16,Vanguard Total World Stock Index Fund Institutional Shares,922042759,VTWIX,6/15/2023,6/16/2023,6/20/2023,1.322900,,,
2023-09-15,Vanguard Total World Stock Index Fund Institutional Shares,922042759,VTWIX,9/14/2023,9/15/2023,9/18/2023,0.822500,,,
2024-03-15,Vanguard Total World Stock Index Fund Institutional Shares,922042759,VTWIX,3/14/2024,3/15/2024,3/18/2024,0.854500,,,
2024-06-21,Vanguard Total World Stock Index Fund Institutional Shares,922042759,VTWIX,6/20/2024,6/21/2024,6/24/2024,1.173600,,,
2024-09-20,Vanguard Total World Stock Index Fund Institutional Shares,922042759,VTWIX,9/19/2024,9/20/2024,9/23/2024,0.846400,,,
2025-03-21,Vanguard Total World Stock Index Fund Institutional Shares,922042759,VTWIX,3/20/2025,3/21/2025,3/24/2025,0.780400,,,
2025-06-20,Vanguard Total World Stock Index Fund Institutional Shares,922042759,VTWIX,6/18/2025,6/20/2025,6/23/2025,1.208600,,,
2025-09-19,Vanguard Total World Stock Index Fund Institutional Shares,922042759,VTWIX,9/18/2025,9/19/2025,9/22/2025,0.969200,,,
2021-03-31,Vanguard Ultra-Short-Term Bond Fund Investor Shares,922031729,VUBFX,3/30/2021,3/31/2021,4/1/2021,0.004400,,,
2021-06-30,Vanguard Ultra-Short-Term Bond Fund Investor Shares,922031729,VUBFX,6/29/2021,6/30/2021,7/1/2021,0.003900,,,
2021-09-30,Vanguard Ultra-Short-Term Bond Fund Investor Shares,922031729,VUBFX,9/29/2021,9/30/2021,10/1/2021,0.003100,,,
2022-03-31,Vanguard Ultra-Short-Term Bond Fund Investor Shares,922031729,VUBFX,3/30/2022,3/31/2022,4/1/2022,0.004000,,,
2022-06-30,Vanguard Ultra-Short-Term Bond Fund Investor Shares,922031729,VUBFX,6/29/2022,6/30/2022,7/1/2022,0.008200,,,
2022-09-30,Vanguard Ultra-Short-Term Bond Fund Investor Shares,922031729,VUBFX,9/29/2022,9/30/2022,10/3/2022,0.014400,,,
2023-03-31,Vanguard Ultra-Short-Term Bond Fund Investor Shares,922031729,VUBFX,3/30/2023,3/31/2023,4/3/2023,0.028700,,,
2023-06-30,Vanguard Ultra-Short-Term Bond Fund Investor Shares,922031729,VUBFX,6/29/2023,6/30/2023,7/3/2023,0.033100,,,
2023-09-29,Vanguard Ultra-Short-Term Bond Fund Investor Shares,922031729,VUBFX,9/28/2023,9/29/2023,10/2/2023,0.037100,,,
2024-03-28,Vanguard Ultra-Short-Term Bond Fund Investor Shares,922031729,VUBFX,3/27/2024,3/28/2024,4/1/2024,0.044500,,,
2024-06-28,Vanguard Ultra-Short-Term Bond Fund Investor Shares,922031729,VUBFX,6/27/2024,6/28/2024,7/1/2024,0.041300,,,
2024-09-30,Vanguard Ultra-Short-Term Bond Fund Investor Shares,922031729,VUBFX,9/27/2024,9/30/2024,10/1/2024,0.040900,,,
2021-03-25,Vanguard Growth ETF,922908736,VUG,3/26/2021,3/25/2021,3/30/2021,0.380900,,,
2021-06-24,Vanguard Growth ETF,922908736,VUG,6/25/2021,6/24/2021,6/29/2021,0.373600,,,
2021-09-24,Vanguard Growth ETF,922908736,VUG,9/27/2021,9/24/2021,9/29/2021,0.316600,,,
2022-03-23,Vanguard Growth ETF,922908736,VUG,3/24/2022,3/23/2022,3/28/2022,0.300600,,,
2022-06-23,Vanguard Growth ETF,922908736,VUG,6/24/2022,6/23/2022,6/28/2022,0.320600,,,
2022-09-23,Vanguard Growth ETF,922908736,VUG,9/26/2022,9/23/2022,9/28/2022,0.429600,,,
2023-03-23,Vanguard Growth ETF,922908736,VUG,3/24/2023,3/23/2023,3/28/2023,0.429200,,,
2023-06-23,Vanguard Growth ETF,922908736,VUG,6/26/2023,6/23/2023,6/28/2023,0.412200,,,
2023-09-21,Vanguard Growth ETF,922908736,VUG,9/22/2023,9/21/2023,9/26/2023,0.375900,,,
2024-03-21,Vanguard Growth ETF,922908736,VUG,3/22/2024,3/21/2024,3/26/2024,0.467600,,,
2024-06-27,Vanguard Growth ETF,922908736,VUG,6/27/2024,6/27/2024,7/1/2024,0.456000,,,
2024-09-26,Vanguard Growth ETF,922908736,VUG,9/26/2024,9/26/2024,9/30/2024,0.454600,,,
2025-03-27,Vanguard Growth ETF,922908736,VUG,3/27/2025,3/27/2025,3/31/2025,0.500000,,,
2025-06-30,Vanguard Growth ETF,922908736,VUG,6/30/2025,6/30/2025,7/2/2025,0.504400,,,
2025-09-29,Vanguard Growth ETF,922908736,VUG,9/29/2025,9/29/2025,10/1/2025,0.506800,,,
2021-03-31,Vanguard Ultra-Short-Term Bond Fund Admiral Shares,922031711,VUSFX,3/30/2021,3/31/2021,4/1/2021,0.010500,,,
2021-06-30,Vanguard Ultra-Short-Term Bond Fund Admiral Shares,922031711,VUSFX,6/29/2021,6/30/2021,7/1/2021,0.009500,,,
2021-09-30,Vanguard Ultra-Short-Term Bond Fund Admiral Shares,922031711,VUSFX,9/29/2021,9/30/2021,10/1/2021,0.008300,,,
2022-03-31,Vanguard Ultra-Short-Term Bond Fund Admiral Shares,922031711,VUSFX,3/30/2022,3/31/2022,4/1/2022,0.010000,,,
2022-06-30,Vanguard Ultra-Short-Term Bond Fund Admiral Shares,922031711,VUSFX,6/29/2022,6/30/2022,7/1/2022,0.018400,,,
2022-09-30,Vanguard Ultra-Short-Term Bond Fund Admiral Shares,922031711,VUSFX,9/29/2022,9/30/2022,10/3/2022,0.030500,,,
2023-03-31,Vanguard Ultra-Short-Term Bond Fund Admiral Shares,922031711,VUSFX,3/30/2023,3/31/2023,4/3/2023,0.059300,,,
2023-06-30,Vanguard Ultra-Short-Term Bond Fund Admiral Shares,922031711,VUSFX,6/29/2023,6/30/2023,7/3/2023,0.067800,,,
2023-09-29,Vanguard Ultra-Short-Term Bond Fund Admiral Shares,922031711,VUSFX,9/28/2023,9/29/2023,10/2/2023,0.075800,,,
2024-03-28,Vanguard Ultra-Short-Term Bond Fund Admiral Shares,922031711,VUSFX,3/27/2024,3/28/2024,4/1/2024,0.090600,,,
2024-06-28,Vanguard Ultra-Short-Term Bond Fund Admiral Shares,922031711,VUSFX,6/27/2024,6/28/2024,7/1/2024,0.084200,,,
2024-09-30,Vanguard Ultra-Short-Term Bond Fund Admiral Shares,922031711,VUSFX,9/27/2024,9/30/2024,10/1/2024,0.083600,,,
2021-03-31,Vanguard Long-Term Treasury Fund Investor Shares,922031505,VUSTX,3/31/2021,3/31/2021,4/1/2021,0.020291,,0.337000,
2021-06-30,Vanguard Long-Term Treasury Fund Investor Shares,922031505,VUSTX,6/30/2021,6/30/2021,7/1/2021,0.020579,,,
2021-09-30,Vanguard Long-Term Treasury Fund Investor Shares,922031505,VUSTX,9/30/2021,9/30/2021,10/1/2021,0.019203,,,
2021-03-31,Vanguard Long-Term Treasury Fund Admiral Shares,922031786,VUSUX,3/31/2021,3/31/2021,4/1/2021,0.021335,,0.337000,
2021-06-30,Vanguard Long-Term Treasury Fund Admiral Shares,922031786,VUSUX,6/30/2021,6/30/2021,7/1/2021,0.021589,,,
2021-09-30,Vanguard Long-Term Treasury Fund Admiral Shares,922031786,VUSUX,9/30/2021,9/30/2021,10/1/2021,0.020262,,,
2021-03-24,Vanguard Value Index Fund Admiral Shares,922908678,VVIAX,3/23/2021,3/24/2021,3/25/2021,0.274400,,,
2021-06-23,Vanguard Value Index Fund Admiral Shares,922908678,VVIAX,6/22/2021,6/23/2021,6/24/2021,0.288000,,,
2021-09-23,Vanguard Value Index Fund Admiral Shares,922908678,VVIAX,9/22/2021,9/23/2021,9/24/2021,0.312800,,,
2022-03-22,Vanguard Value Index Fund Admiral Shares,922908678,VVIAX,3/21/2022,3/22/2022,3/23/2022,0.307500,,,
2022-06-22,Vanguard Value Index Fund Admiral Shares,922908678,VVIAX,6/21/2022,6/22/2022,6/23/2022,0.324500,,,
2022-09-22,Vanguard Value Index Fund Admiral Shares,922908678,VVIAX,9/21/2022,9/22/2022,9/23/2022,0.335600,,,
2023-03-22,Vanguard Value Index Fund Admiral Shares,922908678,VVIAX,3/21/2023,3/22/2023,3/23/2023,0.319200,,,
2023-06-22,Vanguard Value Index Fund Admiral Shares,922908678,VVIAX,6/21/2023,6/22/2023,6/23/2023,0.357800,,,
2023-09-20,Vanguard Value Index Fund Admiral Shares,922908678,VVIAX,9/19/2023,9/20/2023,9/21/2023,0.348500,,,
2024-03-21,Vanguard Value Index Fund Admiral Shares,922908678,VVIAX,3/20/2024,3/21/2024,3/22/2024,0.391100,,,
2024-06-27,Vanguard Value Index Fund Admiral Shares,922908678,VVIAX,6/26/2024,6/27/2024,6/28/2024,0.394200,,,
2024-09-26,Vanguard Value Index Fund Admiral Shares,922908678,VVIAX,9/25/2024,9/26/2024,9/27/2024,0.355100,,,
2025-03-27,Vanguard Value Index Fund Admiral Shares,922908678,VVIAX,3/26/2025,3/27/2025,3/28/2025,0.393400,,,
2025-06-30,Vanguard Value Index Fund Admiral Shares,922908678,VVIAX,6/27/2025,6/30/2025,7/1/2025,0.374100,,,
2025-09-29,Vanguard Value Index Fund Admiral Shares,922908678,VVIAX,9/26/2025,9/29/2025,9/30/2025,0.366200,,,
2021-03-31,Vanguard High-Yield Corporate Fund Investor Shares,922031208,VWEHX,3/31/2021,3/31/2021,4/1/2021,0.020832,,,
2021-06-30,Vanguard High-Yield Corporate Fund Investor Shares,922031208,VWEHX,6/30/2021,6/30/2021,7/1/2021,0.020273,,,
2021-09-30,Vanguard High-Yield Corporate Fund Investor Shares,922031208,VWEHX,9/30/2021,9/30/2021,10/1/2021,0.020352,,,
2021-03-19,Vanguard Wellington Fund Investor Shares,921935102,VWELX,3/18/2021,3/19/2021,3/22/2021,0.231600,,0.053700,
2021-06-18,Vanguard Wellington Fund Investor Shares,921935102,VWELX,6/17/2021,6/18/2021,6/21/2021,0.193700,,,
2021-09-17,Vanguard Wellington Fund Investor Shares,921935102,VWELX,9/16/2021,9/17/2021,9/20/2021,0.179200,,,
2022-03-18,Vanguard Wellington Fund Investor Shares,921935102,VWELX,3/17/2022,3/18/2022,3/21/2022,0.189400,,,
2022-06-17,Vanguard Wellington Fund Investor Shares,921935102,VWELX,6/16/2022,6/17/2022,6/21/2022,0.209100,,,
2022-09-16,Vanguard Wellington Fund Investor Shares,921935102,VWELX,9/15/2022,9/16/2022,9/19/2022,0.202800,,,
2023-03-17,Vanguard Wellington Fund Investor Shares,921935102,VWELX,3/16/2023,3/17/2023,3/20/2023,0.201500,,,
2023-06-16,Vanguard Wellington Fund Investor Shares,921935102,VWELX,6/15/2023,6/16/2023,6/20/2023,0.227700,,,
2023-09-15,Vanguard Wellington Fund Investor Shares,921935102,VWELX,9/14/2023,9/15/2023,9/18/2023,0.227800,,,
2024-03-15,Vanguard Wellington Fund Investor Shares,921935102,VWELX,3/14/2024,3/15/2024,3/18/2024,0.219000,,,
2024-06-21,Vanguard Wellington Fund Investor Shares,921935102,VWELX,6/20/2024,6/21/2024,6/24/2024,0.255200,,,
2024-09-20,Vanguard Wellington Fund Investor Shares,921935102,VWELX,9/19/2024,9/20/2024,9/23/2024,0.235600,,,
2025-03-21,Vanguard Wellington Fund Investor Shares,921935102,VWELX,3/20/2025,3/21/2025,3/24/2025,0.237100,,,
2025-06-20,Vanguard Wellington Fund Investor Shares,921935102,VWELX,6/18/2025,6/20/2025,6/23/2025,0.253600,,,
2025-09-19,Vanguard Wellington Fund Investor Shares,921935102,VWELX,9/18/2025,9/19/2025,9/22/2025,0.220100,,,
2021-03-19,Vanguard Wellington Fund Admiral Shares,921935201,VWENX,3/18/2021,3/19/2021,3/22/2021,0.414000,,0.092800,
2021-06-18,Vanguard Wellington Fund Admiral Shares,921935201,VWENX,6/17/2021,6/18/2021,6/21/2021,0.350800,,,
2021-09-17,Vanguard Wellington Fund Admiral Shares,921935201,VWENX,9/16/2021,9/17/2021,9/20/2021,0.326400,,,
2022-03-18,Vanguard Wellington Fund Admiral Shares,921935201,VWENX,3/17/2022,3/18/2022,3/21/2022,0.340900,,,
2022-06-17,Vanguard Wellington Fund Admiral Shares,921935201,VWENX,6/16/2022,6/17/2022,6/21/2022,0.376400,,,
2022-09-16,Vanguard Wellington Fund Admiral Shares,921935201,VWENX,9/15/2022,9/16/2022,9/19/2022,0.364500,,,
2023-03-17,Vanguard Wellington Fund Admiral Shares,921935201,VWENX,3/16/2023,3/17/2023,3/20/2023,0.360000,,,
2023-06-16,Vanguard Wellington Fund Admiral Shares,921935201,VWENX,6/15/2023,6/16/2023,6/20/2023,0.407200,,,
2023-09-15,Vanguard Wellington Fund Admiral Shares,921935201,VWENX,9/14/2023,9/15/2023,9/18/2023,0.407400,,,
2024-03-15,Vanguard Wellington Fund Admiral Shares,921935201,VWENX,3/14/2024,3/15/2024,3/18/2024,0.392600,,,
2024-06-21,Vanguard Wellington Fund Admiral Shares,921935201,VWENX,6/20/2024,6/21/2024,6/24/2024,0.457100,,,
2024-09-20,Vanguard Wellington Fund Admiral Shares,921935201,VWENX,9/19/2024,9/20/2024,9/23/2024,0.422500,,,
2021-03-31,Vanguard Long-Term Investment-Grade Fund Investor Shares,922031109,VWESX,3/30/2021,3/31/2021,4/1/2021,0.028844,0.010400,0.029700,
2021-06-30,Vanguard Long-Term Investment-Grade Fund Investor Shares,922031109,VWESX,6/30/2021,6/30/2021,7/1/2021,0.028617,,,
2021-09-30,Vanguard Long-Term Investment-Grade Fund Investor Shares,922031109,VWESX,9/30/2021,9/30/2021,10/1/2021,0.027901,,,
2021-03-31,Vanguard Long-Term Investment-Grade Fund Admiral Shares,922031778,VWETX,3/30/2021,3/31/2021,4/1/2021,0.029745,0.010400,0.029700,
2021-06-30,Vanguard Long-Term Investment-Grade Fund Admiral Shares,922031778,VWETX,6/30/2021,6/30/2021,7/1/2021,0.029519,,,
2021-09-30,Vanguard Long-Term Investment-Grade Fund Admiral Shares,922031778,VWETX,9/30/2021,9/30/2021,10/1/2021,0.028833,,,
2021-03-24,Vanguard Wellesley Income Fund Admiral Shares,921938205,VWIAX,3/23/2021,3/24/2021,3/25/2021,0.461000,,,
2021-06-18,Vanguard Wellesley Income Fund Admiral Shares,921938205,VWIAX,6/17/2021,6/18/2021,6/21/2021,0.374300,,,
2021-09-17,Vanguard Wellesley Income Fund Admiral Shares,921938205,VWIAX,9/16/2021,9/17/2021,9/20/2021,0.466400,,,
2022-03-22,Vanguard Wellesley Income Fund Admiral Shares,921938205,VWIAX,3/21/2022,3/22/2022,3/23/2022,0.423700,,,
2021-03-24,Vanguard Wellesley Income Fund Investor Shares,921938106,VWINX,3/23/2021,3/24/2021,3/25/2021,0.185100,,,
2021-06-18,Vanguard Wellesley Income Fund Investor Shares,921938106,VWINX,6/17/2021,6/18/2021,6/21/2021,0.149700,,,
2021-09-17,Vanguard Wellesley Income Fund Investor Shares,921938106,VWINX,9/16/2021,9/17/2021,9/20/2021,0.187300,,,
2022-03-22,Vanguard Wellesley Income Fund Investor Shares,921938106,VWINX,3/21/2022,3/22/2022,3/23/2022,0.169800,,,
2022-06-17,Vanguard Wellesley Income Fund Investor Shares,921938106,VWINX,6/16/2022,6/17/2022,6/21/2022,0.192700,,,
2022-09-16,Vanguard Wellesley Income Fund Investor Shares,921938106,VWINX,9/15/2022,9/16/2022,9/19/2022,0.193000,,,
2021-06-18,Vanguard Windsor II Fund Admiral Shares,922018304,VWNAX,6/17/2021,6/18/2021,6/21/2021,0.483400,,,
2022-06-17,Vanguard Windsor II Fund Admiral Shares,922018304,VWNAX,6/16/2022,6/17/2022,6/21/2022,0.524300,,,
2023-06-16,Vanguard Windsor II Fund Admiral Shares,922018304,VWNAX,6/15/2023,6/16/2023,6/20/2023,0.601700,,,
2024-06-21,Vanguard Windsor II Fund Admiral Shares,922018304,VWNAX,6/20/2024,6/21/2024,6/24/2024,0.721100,,,
2025-06-20,Vanguard Windsor II Fund Admiral Shares,922018304,VWNAX,6/18/2025,6/20/2025,6/23/2025,0.748800,,,
2021-06-18,Vanguard Windsor Fund Investor Shares,922018106,VWNDX,6/17/2021,6/18/2021,6/21/2021,0.195600,,,
2022-06-17,Vanguard Windsor Fund Investor Shares,922018106,VWNDX,6/16/2022,6/17/2022,6/21/2022,0.151600,,,
2023-06-16,Vanguard Windsor Fund Investor Shares,922018106,VWNDX,6/15/2023,6/16/2023,6/20/2023,0.163000,,,
2024-06-21,Vanguard Windsor Fund Investor Shares,922018106,VWNDX,6/20/2024,6/21/2024,6/24/2024,0.233300,,,
2021-06-18,Vanguard Windsor Fund Admiral Shares,922018403,VWNEX,6/17/2021,6/18/2021,6/21/2021,0.701100,,,
2022-06-17,Vanguard Windsor Fund Admiral Shares,922018403,VWNEX,6/16/2022,6/17/2022,6/21/2022,0.554200,,,
2023-06-16,Vanguard Windsor Fund Admiral Shares,922018403,VWNEX,6/15/2023,6/16/2023,6/20/2023,0.585100,,,
2024-06-21,Vanguard Windsor Fund Admiral Shares,922018403,VWNEX,6/20/2024,6/21/2024,6/24/2024,0.825800,,,
2021-06-18,Vanguard Windsor II Fund Investor Shares,922018205,VWNFX,6/17/2021,6/18/2021,6/21/2021,0.255000,,,
2022-06-17,Vanguard Windsor II Fund Investor Shares,922018205,VWNFX,6/16/2022,6/17/2022,6/21/2022,0.277400,,,
2023-06-16,Vanguard Windsor II Fund Investor Shares,922018205,VWNFX,6/15/2023,6/16/2023,6/20/2023,0.323300,,,
2024-06-21,Vanguard Windsor II Fund Investor Shares,922018205,VWNFX,6/20/2024,6/21/2024,6/24/2024,0.386700,,,
2025-06-20,Vanguard Windsor II Fund Investor Shares,922018205,VWNFX,6/18/2025,6/20/2025,6/23/2025,0.401500,,,
2022-03-21,Vanguard FTSE Emerging Markets ETF,922042858,VWO,3/22/2022,3/21/2022,3/24/2022,0.133900,,,
2022-06-21,Vanguard FTSE Emerging Markets ETF,922042858,VWO,6/22/2022,6/21/2022,6/24/2022,0.305700,,,
2022-09-19,Vanguard FTSE Emerging Markets ETF,922042858,VWO,9/20/2022,9/19/2022,9/22/2022,0.529400,,,
2023-03-20,Vanguard FTSE Emerging Markets ETF,922042858,VWO,3/21/2023,3/20/2023,3/23/2023,0.028100,,,
2023-06-20,Vanguard FTSE Emerging Markets ETF,922042858,VWO,6/21/2023,6/20/2023,6/23/2023,0.226700,,,
2023-09-18,Vanguard FTSE Emerging Markets ETF,922042858,VWO,9/19/2023,9/18/2023,9/21/2023,0.327500,,,
2024-03-15,Vanguard FTSE Emerging Markets ETF,922042858,VWO,3/18/2024,3/15/2024,3/20/2024,0.038500,,,
2024-06-21,Vanguard FTSE Emerging Markets ETF,922042858,VWO,6/21/2024,6/21/2024,6/25/2024,0.170400,,,
2024-09-20,Vanguard FTSE Emerging Markets ETF,922042858,VWO,9/20/2024,9/20/2024,9/24/2024,0.134400,,,
2025-03-21,Vanguard FTSE Emerging Markets ETF,922042858,VWO,3/21/2025,3/21/2025,3/25/2025,0.046800,,,
2025-06-20,Vanguard FTSE Emerging Markets ETF,922042858,VWO,6/20/2025,6/20/2025,6/24/2025,0.138500,,,
2025-09-19,Vanguard FTSE Emerging Markets ETF,922042858,VWO,9/19/2025,9/19/2025,9/23/2025,0.279500,,,
2021-03-01,Vanguard Emerging Markets Government Bond ETF,921946885,VWOB,3/2/2021,3/1/2021,3/4/2021,0.236900,,,
2021-06-01,Vanguard Emerging Markets Government Bond ETF,921946885,VWOB,6/2/2021,6/1/2021,6/4/2021,0.242800,,,
2021-09-01,Vanguard Emerging Markets Government Bond ETF,921946885,VWOB,9/2/2021,9/1/2021,9/7/2021,0.264700,,,
2024-03-01,Vanguard Emerging Markets Government Bond ETF,921946885,VWOB,3/4/2024,3/1/2024,3/6/2024,0.316300,,,
2024-06-03,Vanguard Emerging Markets Government Bond ETF,921946885,VWOB,6/3/2024,6/3/2024,6/5/2024,0.316900,,,
2024-09-03,Vanguard Emerging Markets Government Bond ETF,921946885,VWOB,9/3/2024,9/3/2024,9/5/2024,0.322800,,,
2021-03-25,Vanguard Extended Market ETF,922908652,VXF,3/26/2021,3/25/2021,3/30/2021,0.606800,,,
2021-06-24,Vanguard Extended Market ETF,922908652,VXF,6/25/2021,6/24/2021,6/29/2021,0.431900,,,
2021-09-24,Vanguard Extended Market ETF,922908652,VXF,9/27/2021,9/24/2021,9/29/2021,0.267300,,,
2022-03-23,Vanguard Extended Market ETF,922908652,VXF,3/24/2022,3/23/2022,3/28/2022,0.148400,,,
2022-06-23,Vanguard Extended Market ETF,922908652,VXF,6/24/2022,6/23/2022,6/28/2022,0.245400,,,
2022-09-23,Vanguard Extended Market ETF,922908652,VXF,9/26/2022,9/23/2022,9/28/2022,0.454300,,,
2024-06-28,Vanguard Extended Market ETF,922908652,VXF,6/28/2024,6/28/2024,7/2/2024,0.552100,,,
2024-09-27,Vanguard Extended Market ETF,922908652,VXF,9/27/2024,9/27/2024,10/1/2024,0.486900,,,
2023-03-20,Vanguard Total International Stock ETF,921909768,VXUS,3/21/2023,3/20/2023,3/23/2023,0.120500,,,
2023-06-20,Vanguard Total International Stock ETF,921909768,VXUS,6/21/2023,6/20/2023,6/23/2023,0.618000,,,
2023-09-18,Vanguard Total International Stock ETF,921909768,VXUS,9/19/2023,9/18/2023,9/21/2023,0.295200,,,
2024-03-15,Vanguard Total International Stock ETF,921909768,VXUS,3/18/2024,3/15/2024,3/20/2024,0.223500,,,
2024-06-21,Vanguard Total International Stock ETF,921909768,VXUS,6/21/2024,6/21/2024,6/25/2024,0.483500,,,
2024-09-20,Vanguard Total International Stock ETF,921909768,VXUS,9/20/2024,9/20/2024,9/24/2024,0.272300,,,
2025-03-21,Vanguard Total International Stock ETF,921909768,VXUS,3/21/2025,3/21/2025,3/25/2025,0.190900,,,
2025-06-20,Vanguard Total International Stock ETF,921909768,VXUS,6/20/2025,6/20/2025,6/24/2025,0.485100,,,
2025-09-19,Vanguard Total International Stock ETF,921909768,VXUS,9/19/2025,9/19/2025,9/23/2025,0.359700,,,
2021-03-22,Vanguard High Dividend Yield ETF,921946406,VYM,3/23/2021,3/22/2021,3/25/2021,0.656400,,,
2021-06-21,Vanguard High Dividend Yield ETF,921946406,VYM,6/22/2021,6/21/2021,6/24/2021,0.752300,,,
2021-09-20,Vanguard High Dividend Yield ETF,921946406,VYM,9/21/2021,9/20/2021,9/23/2021,0.748800,,,
2023-03-20,Vanguard High Dividend Yield ETF,921946406,VYM,3/21/2023,3/20/2023,3/23/2023,0.717200,,,
2023-06-20,Vanguard High Dividend Yield ETF,921946406,VYM,6/21/2023,6/20/2023,6/23/2023,0.876700,,,
2023-09-18,Vanguard High Dividend Yield ETF,921946406,VYM,9/19/2023,9/18/2023,9/21/2023,0.784600,,,
2024-03-15,Vanguard High Dividend Yield ETF,921946406,VYM,3/18/2024,3/15/2024,3/20/2024,0.655500,,,
2024-06-21,Vanguard High Dividend Yield ETF,921946406,VYM,6/21/2024,6/21/2024,6/25/2024,1.023700,,,
2024-09-20,Vanguard High Dividend Yield ETF,921946406,VYM,9/20/2024,9/20/2024,9/24/2024,0.851100,,,
2025-03-21,Vanguard High Dividend Yield ETF,921946406,VYM,3/21/2025,3/21/2025,3/25/2025,0.850000,,,
2025-06-20,Vanguard High Dividend Yield ETF,921946406,VYM,6/20/2025,6/20/2025,6/24/2025,0.861700,,,
2025-09-19,Vanguard High Dividend Yield ETF,921946406,VYM,9/19/2025,9/19/2025,9/23/2025,0.841700,,,
2022-03-21,Vanguard International High Dividend Yield ETF,921946794,VYMI,3/22/2022,3/21/2022,3/24/2022,0.312400,,,
2022-06-21,Vanguard International High Dividend Yield ETF,921946794,VYMI,6/22/2022,6/21/2022,6/24/2022,1.116600,,,
2022-09-19,Vanguard International High Dividend Yield ETF,921946794,VYMI,9/20/2022,9/19/2022,9/22/2022,0.705900,,,
2023-03-20,Vanguard International High Dividend Yield ETF,921946794,VYMI,3/21/2023,3/20/2023,3/23/2023,0.313700,,,
2023-06-20,Vanguard International High Dividend Yield ETF,921946794,VYMI,6/21/2023,6/20/2023,6/23/2023,1.186600,,,
2023-09-18,Vanguard International High Dividend Yield ETF,921946794,VYMI,9/19/2023,9/18/2023,9/21/2023,0.682600,,,
2024-03-15,Vanguard International High Dividend Yield ETF,921946794,VYMI,3/18/2024,3/15/2024,3/20/2024,0.615800,,,
2024-06-21,Vanguard International High Dividend Yield ETF,921946794,VYMI,6/21/2024,6/21/2024,6/25/2024,1.008700,,,
2024-09-20,Vanguard International High Dividend Yield ETF,921946794,VYMI,9/20/2024,9/20/2024,9/24/2024,0.696700,,,
